ID,Delivery_person_ID,Delivery_person_Age,Delivery_person_Ratings,Restaurant_latitude,Restaurant_longitude,Delivery_location_latitude,Delivery_location_longitude,Order_Date,Time_Orderd,Time_Order_picked,Weather_conditions,Road_traffic_density,Vehicle_condition,Type_of_order,Type_of_vehicle,multiple_deliveries,Festival,City,Time_taken (min),City_Code,Region,Order_Hour
0xc9cf,KOLRES15DEL03,21.0,4.7,22.552672,88.352885,22.582672,88.382885,15-02-2022,21:15,21:30,Windy,Jam,0,Meal,motorcycle,1.0,No,Urban,15,KOL,North India,21
0x3231,JAPRES16DEL03,27.0,5.0,26.849596,75.800512,26.879596,75.830512,05-04-2022,20:35,20:40,Stormy,Jam,0,Snack,motorcycle,0.0,No,Urban,18,JAP,North India,20
0x2876,RANCHIRES02DEL01,32.0,3.5,0.0,0.0,0.11,0.11,08-03-2022,21:35,21:45,Stormy,Jam,1,Snack,scooter,0.0,No,Urban,35,RAN,North India,21
0xc644,KOLRES16DEL02,37.0,4.9,22.539129,88.365507,22.559129,88.385507,13-02-2022,10:55,0.458333333,Fog,Low,1,Snack,scooter,1.0,No,Urban,16,KOL,North India,10
0x8aa2,JAPRES18DEL02,25.0,4.8,26.913987,75.752891,26.993987,75.832891,29-03-2022,22:25,22:35,Sandstorms,Low,1,Drinks,scooter,0.0,No,Urban,18,JAP,North India,22
0x6d19,INDORES12DEL02,38.0,4.9,22.74806,75.8934,22.76806,75.9134,11-03-2022,08:40,08:55,Cloudy,Low,2,Drinks,scooter,1.0,No,Urban,15,IND,North India,8
0x6757,INDORES05DEL02,24.0,4.3,22.727021,75.884167,22.747021,75.904167,15-03-2022,08:45,0.375,Sandstorms,Low,0,Meal,motorcycle,0.0,No,Urban,19,IND,North India,8
0x8339,RANCHIRES07DEL02,36.0,4.9,23.359407,85.325055,23.439407,85.405055,02-03-2022,18:25,18:35,Cloudy,Medium,0,Drinks,motorcycle,1.0,No,Urban,42,RAN,North India,18
0x6e0d,RANCHIRES03DEL03,24.0,4.6,0.0,0.0,0.06,0.06,07-03-2022,23:25,23:40,Stormy,Low,2,Meal,scooter,1.0,No,Urban,19,RAN,North India,23
0x5ef5,INDORES03DEL02,29.0,4.5,22.751857,75.866699,22.881857,75.996699,04-03-2022,22:55,23:05,Windy,Low,0,Drinks,motorcycle,0.0,No,Urban,15,IND,North India,22
0xcf18,ALHRES05DEL01,29.0,4.7,25.457687,81.835585,25.497687,81.875585,11-02-2022,15:25,15:30,Cloudy,Medium,2,Buffet,motorcycle,1.0,No,Urban,11,ALH,North India,15
0x96d2,JAPRES01DEL03,22.0,4.8,26.90519,75.810753,26.99519,75.900753,29-03-2022,20:40,20:55,Sandstorms,Jam,1,Snack,scooter,1.0,No,Urban,22,JAP,North India,20
0x9c2a,JAPRES16DEL01,36.0,5.0,26.849596,75.800512,26.859596,75.810512,15-03-2022,08:20,08:25,Fog,Low,2,Meal,scooter,1.0,No,Urban,15,JAP,North India,8
0xaabd,JAPRES010DEL03,22.0,4.7,26.921411,75.793604,26.981411,75.853604,11-03-2022,23:35,23:40,Windy,Low,1,Buffet,motorcycle,0.0,No,Urban,17,JAP,North India,23
0xc733,ALHRES11DEL01,20.0,4.8,0.0,0.0,0.07,0.07,12-02-2022,22:35,22:50,Sandstorms,Low,0,Drinks,motorcycle,0.0,No,Urban,17,ALH,North India,22
0xded5,ALHRES11DEL02,32.0,4.9,0.0,0.0,0.08,0.08,18-02-2022,17:50,0.75,Cloudy,Medium,0,Meal,motorcycle,3.0,Yes,Urban,48,ALH,North India,17
0x5ef3,RANCHIRES01DEL03,39.0,4.6,23.416792,85.316842,23.446792,85.346842,11-03-2022,18:35,18:50,Sandstorms,Medium,2,Buffet,motorcycle,0.0,No,Urban,32,RAN,North India,18
0xacd8,RANCHIRES04DEL03,33.0,4.6,23.359033,85.325347,23.449033,85.415347,12-03-2022,21:15,21:25,Windy,Jam,0,Snack,motorcycle,2.0,Yes,Urban,50,RAN,North India,21
0xbfb4,KOLRES14DEL02,21.0,4.6,22.552996,88.35231,22.572996,88.37231,17-02-2022,11:55,0.5,Stormy,High,1,Snack,scooter,1.0,No,Urban,16,KOL,North India,11
0x9692,JAPRES17DEL02,39.0,4.9,26.892312,75.806896,26.972313,75.886896,14-03-2022,21:15,21:25,Windy,Jam,0,Snack,motorcycle,2.0,No,Urban,43,JAP,North India,21
0x7cb8,INDORES15DEL02,26.0,4.7,22.760072,75.892574,22.780072,75.912574,05-03-2022,08:20,08:25,Windy,Low,2,Meal,scooter,0.0,No,Urban,16,IND,North India,8
0x23b8,RANCHIRES14DEL02,34.0,4.5,0.0,0.0,0.08,0.08,06-04-2022,19:35,19:40,Cloudy,Jam,0,Snack,motorcycle,2.0,Yes,Urban,44,RAN,North India,19
0xb041,RANCHIRES01DEL03,38.0,4.7,23.416792,85.316842,23.506792,85.406842,14-03-2022,18:30,18:40,Windy,Medium,1,Meal,motorcycle,0.0,No,Urban,24,RAN,North India,18
0xa085,INDORES04DEL02,30.0,4.6,22.753659,75.903365,22.773659,75.923365,28-03-2022,11:50,12:05,Fog,High,2,Snack,electric_scooter,1.0,No,Urban,30,IND,North India,11
0x3d21,RANCHIRES16DEL01,35.0,3.6,23.371292,85.327872,23.441292,85.397872,04-04-2022,22:20,22:35,Fog,Low,2,Meal,motorcycle,0.0,No,Urban,34,RAN,North India,22
0xd152,BHPRES15DEL03,38.0,4.8,23.234249,77.434007,23.294249,77.494007,11-02-2022,1,24:10:00,Fog,Low,1,Meal,scooter,1.0,No,Urban,17,BHP,North India,1
0xca9b,ALHRES09DEL02,30.0,4.7,0.0,0.0,0.08,0.08,14-02-2022,17:25,17:35,Sandstorms,Medium,2,Meal,motorcycle,0.0,No,Urban,24,ALH,North India,17
0x8d48,JAPRES18DEL03,36.0,4.8,26.913987,75.752891,26.943987,75.782891,13-03-2022,23:10,23:20,Cloudy,Low,0,Meal,motorcycle,1.0,No,Urban,20,JAP,North India,23
0x4340,RANCHIRES20DEL02,21.0,5.0,23.39925,85.390464,23.47925,85.470464,12-03-2022,22:35,22:40,Sandstorms,Low,1,Meal,scooter,0.0,No,Urban,11,RAN,North India,22
0x1a31,JAPRES06DEL01,28.0,4.5,26.911927,75.797282,26.981927,75.867282,31-03-2022,18:50,18:55,Sunny,Medium,2,Buffet,scooter,1.0,No,Urban,16,JAP,North India,18
0xad08,INDORES010DEL03,31.0,4.7,22.75004,75.902847,22.78004,75.932847,05-04-2022,19:50,20:05,Sunny,Jam,2,Snack,electric_scooter,0.0,No,Urban,19,IND,North India,19
0xd4df,KOLRES20DEL02,20.0,4.7,22.514119,88.362504,22.594119,88.442504,18-02-2022,22:30,22:45,Sunny,Low,0,Drinks,motorcycle,1.0,No,Urban,28,KOL,North India,22
0xd398,DEHRES08DEL01,22.0,4.6,30.359722,78.067079,30.469722,78.177079,12-02-2022,21:30,21:45,Sunny,Jam,0,Snack,motorcycle,0.0,No,Urban,15,DEH,North India,21
0xa22e,INDORES20DEL02,22.0,5.0,22.732225,75.874765,22.782225,75.924765,09-03-2022,20:35,20:40,Sunny,Jam,2,Meal,scooter,0.0,No,Urban,11,IND,North India,20
0x4062,JAPRES17DEL03,26.0,4.8,26.892312,75.806896,26.922313,75.836896,01-03-2022,18:35,18:45,Fog,Medium,0,Drinks,motorcycle,1.0,No,Urban,21,JAP,North India,18
0x4b99,RANCHIRES07DEL02,35.0,4.4,23.359407,85.325055,23.409407,85.375055,26-03-2022,18:30,18:35,Sandstorms,Medium,2,Buffet,motorcycle,1.0,No,Urban,32,RAN,North India,18
0x41ee,JAPRES06DEL02,25.0,4.9,26.911927,75.797282,27.041927,75.927282,06-04-2022,17:45,17:55,Sandstorms,Medium,2,Drinks,electric_scooter,1.0,No,Urban,27,JAP,North India,17
0xd14c,KOLRES03DEL03,33.0,4.8,22.526461,88.364453,22.586461,88.424453,17-02-2022,22:20,22:30,Sunny,Low,0,Snack,motorcycle,1.0,No,Urban,21,KOL,North India,22
0x9150,INDORES03DEL02,36.0,4.6,22.751857,75.866699,22.831857,75.946699,23-03-2022,21:10,21:15,Sunny,Jam,0,Drinks,motorcycle,1.0,No,Urban,30,IND,North India,21
0xd2e5,LUDHRES13DEL03,26.0,4.7,30.893234,75.82172,30.953234,75.88172,11-02-2022,23:35,23:40,Stormy,Low,1,Meal,motorcycle,0.0,No,Urban,18,LUD,North India,23
0xd7fa,AGRRES04DEL02,35.0,4.9,27.195928,77.998092,27.325928,78.128092,12-02-2022,17:30,17:40,Fog,Medium,0,Meal,motorcycle,2.0,No,Urban,36,AGR,North India,17
0x3efa,RANCHIRES05DEL01,27.0,4.5,23.355164,85.324097,23.365164,85.334097,01-04-2022,11:15,11:30,Cloudy,High,0,Drinks,motorcycle,1.0,No,Urban,20,RAN,North India,11
0xd3e6,BHPRES08DEL01,27.0,4.8,23.232537,77.429845,23.242537,77.439845,15-02-2022,09:10,09:15,Fog,Low,1,Meal,motorcycle,0.0,No,Urban,10,BHP,North India,9
0xd6de,LUDHRES08DEL03,25.0,4.6,30.899992,75.831338,30.929992,75.861338,13-02-2022,22:45,0.958333333,Stormy,Low,2,Meal,scooter,0.0,No,Urban,19,LUD,North India,22
0x9e79,JAPRES11DEL03,31.0,4.6,26.90294,75.793007,26.99294,75.883007,06-04-2022,22:20,22:30,Sandstorms,Low,2,Drinks,motorcycle,1.0,No,Urban,17,JAP,North India,22
0xe08f,BHPRES05DEL01,25.0,4.8,23.214459,77.434976,23.254459,77.474976,15-02-2022,16:50,0.708333333,Windy,Medium,0,Buffet,motorcycle,1.0,No,Urban,15,BHP,North India,16
0xcc88,LUDHRES20DEL03,29.0,4.8,30.885915,75.788259,30.915915,75.818259,13-02-2022,19:55,20:10,Sunny,Jam,1,Drinks,scooter,0.0,No,Urban,10,LUD,North India,19
0x8e20,JAPRES16DEL03,23.0,4.6,26.849596,75.800512,26.909596,75.860512,17-03-2022,21:25,21:35,Sunny,Jam,2,Meal,scooter,1.0,No,Urban,19,JAP,North India,21
0x9acc,INDORES09DEL02,20.0,4.7,22.725835,75.887648,22.805835,75.967648,18-03-2022,22:20,22:30,Cloudy,Low,1,Meal,scooter,0.0,No,Urban,20,IND,North India,22
0xd7aa,KNPRES11DEL02,37.0,4.9,26.474986,80.342796,26.494986,80.362796,17-02-2022,08:25,08:35,Sunny,Low,1,Snack,motorcycle,0.0,No,Urban,14,KNP,North India,8
0xc980,KOLRES17DEL03,24.0,4.7,22.569358,88.433452,22.659358,88.523452,14-02-2022,17:45,0.75,Sandstorms,Medium,1,Drinks,scooter,1.0,No,Urban,18,KOL,North India,17
0xcdf6,BHPRES07DEL01,34.0,3.5,0.0,0.0,0.07,0.07,14-02-2022,20:30,20:45,Windy,Jam,1,Snack,motorcycle,1.0,No,Urban,33,BHP,North India,20
0xb99b,INDORES07DEL02,30.0,4.8,22.722634,75.886959,22.742634,75.906959,01-04-2022,08:55,0.375,Windy,Low,1,Snack,scooter,,No,Urban,26,IND,North India,8
0x901,JAPRES13DEL01,30.0,4.6337736972250205,26.846156,75.8023,26.956156,75.9123,12-03-2022,17:30,17:35,Sandstorms,Medium,2,Meal,scooter,1.0,No,Urban,20,JAP,North India,17
0x7ed,JAPRES18DEL01,28.0,4.8,26.913987,75.752891,26.953987,75.792891,30-03-2022,15:15,15:20,Cloudy,Medium,1,Snack,scooter,1.0,No,Urban,17,JAP,North India,15
0x9b1b,INDORES17DEL02,23.0,4.8,22.761226,75.887522,22.841226,75.967522,06-03-2022,21:40,21:45,Sunny,Jam,2,Meal,scooter,0.0,No,Urban,19,IND,North India,21
0x7732,INDORES11DEL03,29.0,4.3,22.751234,75.88949,22.781234,75.91949,19-03-2022,21:30,21:45,Sunny,Jam,0,Drinks,motorcycle,1.0,No,Urban,44,IND,North India,21
0x68ac,RANCHIRES12DEL02,22.0,5.0,0.0,0.0,0.08,0.08,20-03-2022,17:55,18:05,Windy,Medium,2,Drinks,electric_scooter,1.0,No,Urban,15,RAN,North India,17
0x68ba,JAPRES09DEL03,39.0,4.8,26.911378,75.789034,26.941378,75.819034,09-03-2022,17:15,17:30,Stormy,Medium,2,Buffet,scooter,1.0,No,Urban,30,JAP,North India,17
0x7f88,INDORES11DEL01,30.0,4.1,22.751234,75.88949,22.861234,75.99949,12-03-2022,23:30,23:40,Cloudy,Low,1,Buffet,motorcycle,0.0,No,Urban,39,IND,North India,23
0x9cc7,JAPRES12DEL01,25.0,4.9,26.902908,75.792934,27.012908,75.902934,14-03-2022,17:35,17:50,Sunny,Medium,2,Snack,scooter,0.0,No,Urban,16,JAP,North India,17
0xce72,AGRRES09DEL02,23.0,4.8,0.0,0.0,0.02,0.02,11-02-2022,10:35,10:50,Sunny,Low,1,Snack,scooter,0.0,No,Urban,18,AGR,North India,10
0x9dc9,JAPRES03DEL01,30.0,4.8,26.913483,75.803139,27.023483,75.913139,08-03-2022,17:35,17:45,Sandstorms,Medium,1,Meal,scooter,0.0,No,Urban,22,JAP,North India,17
0xe192,AGRRES15DEL01,22.0,4.5,0.0,0.0,0.04,0.04,11-02-2022,12:35,12:40,Cloudy,High,2,Buffet,scooter,1.0,No,Urban,25,AGR,North India,12
0xbd64,INDORES010DEL01,36.0,4.8,22.75004,75.902847,22.76004,75.912847,19-03-2022,08:20,08:30,Sandstorms,Low,1,Snack,motorcycle,1.0,No,Urban,27,IND,North India,8
0x7b2d,INDORES06DEL02,22.0,5.0,22.728163,75.884212,22.858163,76.014212,31-03-2022,21:10,21:25,Sunny,Jam,2,Drinks,motorcycle,1.0,No,Urban,15,IND,North India,21
0xb47e,RANCHIRES16DEL01,32.0,4.6,23.371292,85.327872,23.441292,85.397872,20-03-2022,19:10,19:15,Cloudy,Jam,2,Snack,motorcycle,1.0,No,Urban,46,RAN,North India,19
0x7638,INDORES15DEL02,32.0,4.9,22.760072,75.892574,22.780072,75.912574,28-03-2022,08:25,08:40,Fog,Low,0,Meal,motorcycle,0.0,No,Urban,29,IND,North India,8
0x4b27,JAPRES04DEL01,20.0,4.9,26.902328,75.794257,26.942328,75.834257,07-03-2022,12:10,12:25,Sandstorms,High,1,Meal,scooter,0.0,No,Urban,14,JAP,North India,12
0xc3a8,KNPRES19DEL03,25.0,4.8,26.49095,80.318656,26.55095,80.378656,13-02-2022,22:10,22:15,Fog,Low,2,Drinks,scooter,1.0,No,Urban,14,KNP,North India,22
0xcead,LUDHRES15DEL03,26.0,4.5,30.899584,75.809346,30.929584,75.839346,17-02-2022,19:50,0.833333333,Sandstorms,Jam,2,Snack,electric_scooter,0.0,No,Urban,19,LUD,North India,19
0x89fb,RANCHIRES11DEL03,29.0,5.0,23.359194,85.325447,23.419194,85.385447,17-03-2022,19:30,19:35,Fog,Jam,1,Meal,motorcycle,1.0,No,Urban,20,RAN,North India,19
0x580d,INDORES17DEL03,28.0,4.6,22.761226,75.887522,22.791226,75.917522,26-03-2022,20:15,20:30,Stormy,Jam,2,Snack,electric_scooter,1.0,No,Urban,14,IND,North India,20
0xdd5d,DEHRES02DEL01,26.0,4.7,0.0,0.0,0.04,0.04,15-02-2022,14:40,14:45,Windy,High,1,Snack,motorcycle,0.0,No,Urban,10,DEH,North India,14
0x135a,JAPRES17DEL03,29.0,4.5,26.892312,75.806896,27.032312,75.946896,29-03-2022,22:15,22:20,Fog,Low,0,Drinks,motorcycle,0.0,No,Urban,24,JAP,North India,22
0x80bc,RANCHIRES08DEL02,24.0,4.6,23.353783,85.326967,23.483783,85.456967,02-03-2022,21:25,21:30,Fog,Jam,2,Snack,scooter,1.0,No,Urban,38,RAN,North India,21
0xce05,KNPRES03DEL01,28.0,4.6,26.469003,80.316344,26.539003,80.386344,18-02-2022,23:55,1,Fog,Low,0,Drinks,motorcycle,0.0,No,Urban,24,KNP,North India,23
0x4be4,INDORES09DEL02,26.0,4.9,22.725835,75.887648,22.855835,76.017648,25-03-2022,18:10,18:25,Sunny,Medium,0,Drinks,motorcycle,1.0,No,Urban,15,IND,North India,18
0x758e,INDORES010DEL02,22.0,4.7,22.75004,75.902847,22.88004,76.032847,02-04-2022,23:15,23:25,Fog,Low,1,Snack,motorcycle,1.0,No,Urban,28,IND,North India,23
0x6aae,JAPRES02DEL02,35.0,4.7,26.914142,75.805704,26.934142,75.825704,13-03-2022,10:45,0.458333333,Cloudy,Low,1,Buffet,scooter,1.0,No,Urban,18,JAP,North India,10
0x7be2,INDORES13DEL01,36.0,4.6,22.745049,75.892471,22.785049,75.932471,03-04-2022,15:20,15:35,Cloudy,Medium,0,Snack,motorcycle,1.0,No,Urban,25,IND,North India,15
0xcb4,INDORES02DEL01,24.0,4.7,22.651847,75.881991,22.721847,75.951991,25-03-2022,21:10,21:20,Sunny,Jam,1,Drinks,scooter,1.0,No,Urban,23,IND,North India,21
0xde75,KNPRES01DEL01,38.0,4.2,26.483672,80.320708,26.523672,80.360708,17-02-2022,15:35,15:50,Windy,Medium,1,Meal,motorcycle,1.0,No,Urban,31,KNP,North India,15
0x5376,RANCHIRES14DEL02,31.0,4.7,0.0,0.0,0.02,0.02,24-03-2022,11:10,11:25,Stormy,High,2,Drinks,scooter,1.0,No,Urban,30,RAN,North India,11
0xb672,INDORES17DEL02,27.0,4.9,22.761226,75.887522,22.891226,76.017522,31-03-2022,1,24:15:00,Stormy,Low,0,Buffet,motorcycle,1.0,No,Urban,18,IND,North India,1
0x5ed1,INDORES03DEL03,24.0,4.7,22.751857,75.866699,22.811857,75.926699,13-03-2022,23:35,23:50,Windy,Low,1,Buffet,motorcycle,0.0,No,Urban,16,IND,North India,23
0xd668,ALHRES14DEL01,35.0,4.9,25.459775,81.834841,25.569775,81.944841,18-02-2022,17:55,18:10,Cloudy,Medium,1,Buffet,motorcycle,1.0,No,Urban,42,ALH,North India,17
0xc770,LUDHRES09DEL02,24.0,4.6,30.885814,75.786976,30.905814,75.806976,11-02-2022,10:20,10:35,Stormy,Low,1,Buffet,motorcycle,1.0,No,Urban,11,LUD,North India,10
0x1606,RANCHIRES05DEL01,20.0,4.3,23.355164,85.324097,23.365164,85.334097,03-03-2022,10:15,10:25,Stormy,Low,0,Snack,motorcycle,1.0,No,Urban,21,RAN,North India,10
0x4f3e,RANCHIRES08DEL01,36.0,4.9,23.353783,85.326967,23.363783,85.336967,05-03-2022,11:45,11:55,Sunny,High,1,Buffet,scooter,1.0,No,Urban,21,RAN,North India,11
0xb7d6,INDORES08DEL01,32.0,4.6,22.725748,75.898497,22.835748,76.008497,08-03-2022,18:55,19:10,Sunny,Medium,1,Snack,motorcycle,1.0,No,Urban,24,IND,North India,18
0xb297,RANCHIRES06DEL03,35.0,4.7,23.357804,85.325146,23.417804,85.385146,05-03-2022,18:25,18:30,Fog,Medium,0,Snack,motorcycle,2.0,No,Urban,33,RAN,North India,18
0x225a,JAPRES20DEL01,33.0,4.7,26.956431,75.776649,27.026431,75.846649,10-03-2022,17:40,17:50,Sunny,Medium,2,Buffet,scooter,1.0,No,Urban,21,JAP,North India,17
0xc810,KOLRES06DEL01,31.0,4.8,22.533662,88.366217,22.603662,88.436217,18-02-2022,22:45,22:55,Windy,Low,0,Drinks,motorcycle,1.0,No,Urban,26,KOL,North India,22
0x23e6,JAPRES05DEL03,31.0,4.2,26.905287,75.794592,26.935287,75.824592,01-04-2022,23:50,23:55,Windy,Low,0,Buffet,motorcycle,0.0,No,Urban,24,JAP,North India,23
0xd352,KNPRES11DEL02,34.0,4.4,26.474986,80.342796,26.554986,80.422796,12-02-2022,23:25,23:35,Fog,Low,1,Meal,motorcycle,1.0,No,Urban,35,KNP,North India,23
0xb235,RANCHIRES09DEL03,22.0,3.5,23.351058,85.325731,23.381058,85.355731,11-03-2022,19:20,19:30,Sunny,Jam,0,Buffet,motorcycle,1.0,No,Urban,41,RAN,North India,19
0x8449,RANCHIRES14DEL01,25.0,4.5,0.0,0.0,0.04,0.04,05-03-2022,16:15,16:30,Windy,Medium,2,Buffet,electric_scooter,0.0,No,Urban,24,RAN,North India,16
0x7b44,JAPRES19DEL02,34.0,4.6,26.913726,75.75282,26.933726,75.77282,24-03-2022,09:35,09:50,Fog,Low,0,Meal,motorcycle,1.0,No,Urban,25,JAP,North India,9
0x51ae,JAPRES06DEL01,31.0,4.6,26.911927,75.797282,26.921927,75.807282,19-03-2022,10:25,10:30,Cloudy,Low,1,Buffet,motorcycle,1.0,No,Urban,19,JAP,North India,10
0x36f0,INDORES11DEL02,36.0,3.5,22.751234,75.88949,22.831234,75.96949,18-03-2022,19:45,0.833333333,Windy,Jam,1,Buffet,scooter,0.0,Yes,Urban,41,IND,North India,19
0x465b,JAPRES19DEL03,30.0,4.5,26.913726,75.75282,26.973726,75.812821,15-03-2022,18:10,18:25,Stormy,Medium,2,Drinks,scooter,1.0,No,Urban,25,JAP,North India,18
0x2c11,RANCHIRES02DEL03,21.0,4.9,0.0,0.0,0.09,0.09,27-03-2022,17:10,17:15,Stormy,Medium,1,Buffet,motorcycle,1.0,No,Urban,27,RAN,North India,17
0x5dc2,JAPRES09DEL02,32.0,4.7,26.911378,75.789034,26.991378,75.869034,12-03-2022,21:55,22:10,Sunny,Jam,2,Snack,scooter,1.0,No,Urban,16,JAP,North India,21
0x4acc,RANCHIRES14DEL01,35.0,4.8,0.0,0.0,0.07,0.07,02-04-2022,23:40,23:50,Stormy,Low,1,Meal,motorcycle,1.0,No,Urban,21,RAN,North India,23
0x6736,RANCHIRES01DEL01,30.0,4.3,23.416792,85.316842,23.526792,85.426842,04-03-2022,17:30,17:45,Fog,Medium,2,Snack,scooter,1.0,No,Urban,42,RAN,North India,17
0xce77,KNPRES09DEL03,29.0,4.6,26.473698,80.352677,26.533698,80.412677,17-02-2022,21:45,21:50,Sunny,Jam,1,Drinks,scooter,0.0,No,Urban,12,KNP,North India,21
0x8812,JAPRES010DEL02,37.0,4.4,26.921411,75.793604,27.001411,75.873604,25-03-2022,18:40,18:45,Fog,Medium,2,Drinks,electric_scooter,0.0,No,Urban,32,JAP,North India,18
0xd3e1,KNPRES08DEL01,37.0,4.7,0.0,0.0,0.04,0.04,13-02-2022,15:25,15:40,Fog,Medium,1,Meal,motorcycle,1.0,No,Urban,18,KNP,North India,15
0x7bc,RANCHIRES11DEL01,36.0,4.9,23.359194,85.325447,23.369194,85.335447,26-03-2022,11:15,11:25,Cloudy,High,2,Drinks,scooter,1.0,No,Urban,36,RAN,North India,11
0x7647,INDORES01DEL03,33.0,3.9,22.695207,75.866059,22.785207,75.956059,31-03-2022,23:15,23:30,Cloudy,Low,1,Snack,motorcycle,1.0,No,Urban,32,IND,North India,23
0x4e97,INDORES17DEL03,26.0,4.7,22.761226,75.887522,22.791226,75.917522,30-03-2022,17:30,17:40,Windy,Medium,2,Snack,motorcycle,1.0,No,Urban,21,IND,North India,17
0xc92f,BHPRES18DEL01,26.0,4.6,23.234631,77.401663,23.304631,77.471663,18-02-2022,21:55,0.916666667,Sandstorms,Jam,2,Meal,electric_scooter,0.0,No,Urban,15,BHP,North India,21
0xbd26,JAPRES13DEL02,24.0,4.8,26.846156,75.8023,26.926156,75.8823,08-03-2022,20:15,20:20,Windy,Jam,2,Drinks,motorcycle,1.0,No,Urban,29,JAP,North India,20
0xcf90,BHPRES08DEL02,30.0,4.3,23.232537,77.429845,23.362537,77.559845,16-02-2022,21:55,22:10,Fog,Jam,2,Meal,motorcycle,1.0,No,Urban,43,BHP,North India,21
0x284b,JAPRES04DEL01,27.0,4.7,26.902328,75.794257,27.012328,75.904257,04-03-2022,22:35,22:50,Windy,Low,1,Drinks,scooter,1.0,No,Urban,17,JAP,North India,22
0xbae1,JAPRES14DEL03,28.0,4.5,26.88842,75.800689,27.02842,75.940689,20-03-2022,21:30,21:40,Sunny,Jam,1,Snack,scooter,0.0,No,Urban,10,JAP,North India,21
0x6eca,INDORES14DEL01,25.0,4.0,22.761593,75.886362,22.871593,75.996362,16-03-2022,21:50,21:55,Stormy,Jam,0,Snack,motorcycle,2.0,No,Urban,38,IND,North India,21
0x90e1,RANCHIRES04DEL01,32.0,4.6,23.359033,85.325347,23.399033,85.365347,05-04-2022,15:25,15:35,Fog,Medium,2,Snack,motorcycle,1.0,No,Urban,17,RAN,North India,15
0x9cf3,INDORES18DEL03,38.0,4.6,22.753839,75.897429,22.813838,75.957429,13-03-2022,23:20,23:30,Cloudy,Low,1,Snack,scooter,1.0,No,Urban,19,IND,North India,23
0x4fa8,RANCHIRES04DEL01,26.0,4.5,23.359033,85.325347,23.369033,85.335347,05-03-2022,08:35,08:50,Cloudy,Low,1,Buffet,scooter,0.0,No,Urban,11,RAN,North India,8
0x7c85,JAPRES11DEL03,20.0,4.6,26.90294,75.793007,26.93294,75.823007,01-04-2022,21:10,21:20,Fog,Jam,2,Buffet,motorcycle,0.0,No,Urban,21,JAP,North India,21
0xb4d6,RANCHIRES13DEL02,24.0,4.9,23.374989,85.335486,23.424989,85.385486,07-03-2022,19:10,19:15,Fog,Jam,0,Drinks,motorcycle,1.0,No,Urban,20,RAN,North India,19
0x635f,INDORES17DEL03,38.0,4.8,22.761226,75.887522,22.791226,75.917522,24-03-2022,19:15,19:30,Sunny,Jam,1,Buffet,motorcycle,1.0,No,Urban,17,IND,North India,19
0xbfa6,BHPRES07DEL02,32.0,4.6337736972250205,0.0,0.0,0.05,0.05,11-02-2022,20:50,0.875,Sandstorms,Jam,0,Drinks,motorcycle,1.0,No,Urban,37,BHP,North India,20
0x734e,JAPRES13DEL03,21.0,4.5,26.846156,75.8023,26.876156,75.8323,07-03-2022,17:20,17:25,Sandstorms,Medium,0,Buffet,motorcycle,1.0,No,Urban,16,JAP,North India,17
0xe26b,DEHRES16DEL03,33.0,4.6,30.342509,78.061187,30.372509,78.091187,17-02-2022,17:20,17:25,Fog,Medium,2,Meal,electric_scooter,1.0,No,Urban,15,DEH,North India,17
0x2bf9,RANCHIRES010DEL03,23.0,4.9,23.354422,85.3329,23.384422,85.3629,13-03-2022,22:30,22:40,Fog,Low,1,Buffet,scooter,1.0,No,Urban,18,RAN,North India,22
0xcd06,AGRRES18DEL02,23.0,4.5,27.161694,78.034714,27.211694,78.084714,13-02-2022,17:15,17:25,Sunny,Medium,1,Drinks,scooter,0.0,No,Urban,17,AGR,North India,17
0x1615,JAPRES12DEL03,30.0,4.6,26.902908,75.792934,26.962908,75.852934,30-03-2022,18:25,18:30,Sandstorms,Medium,0,Meal,motorcycle,0.0,No,Urban,28,JAP,North India,18
0x482b,JAPRES06DEL01,31.0,4.5,26.911927,75.797282,26.921927,75.807282,01-04-2022,09:35,09:50,Cloudy,Low,0,Buffet,motorcycle,0.0,No,Urban,23,JAP,North India,9
0xcd8d,DEHRES05DEL03,35.0,4.3,30.346994,78.062543,30.486994,78.202543,18-02-2022,19:15,19:30,Fog,Jam,2,Meal,scooter,2.0,No,Urban,35,DEH,North India,19
0x4629,JAPRES02DEL03,28.0,4.9,26.914142,75.805704,27.054142,75.945704,20-03-2022,19:20,19:35,Stormy,Jam,2,Drinks,scooter,1.0,No,Urban,28,JAP,North India,19
0xa875,JAPRES19DEL02,38.0,4.8,26.913726,75.75282,26.993726,75.83282,02-04-2022,22:20,22:35,Cloudy,Low,2,Drinks,electric_scooter,1.0,No,Urban,29,JAP,North India,22
0xdab4,ALHRES07DEL01,20.0,4.8,25.449659,81.839744,25.459659,81.849744,15-02-2022,10:10,10:15,Windy,Low,1,Buffet,scooter,1.0,No,Urban,12,ALH,North India,10
0xc44,INDORES17DEL01,23.0,4.6,22.761226,75.887522,22.831226,75.957521,16-03-2022,21:30,21:35,Sunny,Jam,0,Drinks,motorcycle,1.0,No,Urban,32,IND,North India,21
0x364e,RANCHIRES06DEL02,24.0,4.5,23.357804,85.325146,23.487804,85.455146,08-03-2022,17:35,17:45,Sunny,Medium,2,Buffet,electric_scooter,0.0,No,Urban,13,RAN,North India,17
0x3075,RANCHIRES04DEL01,22.0,4.8,23.359033,85.325347,23.469033,85.435347,29-03-2022,19:25,19:35,Cloudy,Jam,0,Drinks,motorcycle,1.0,No,Urban,46,RAN,North India,19
0xd065,DEHRES13DEL02,27.0,4.1,30.366322,78.070453,30.496322,78.200453,16-02-2022,20:45,0.875,Fog,Jam,2,Drinks,scooter,0.0,No,Urban,40,DEH,North India,20
0x4c19,JAPRES14DEL03,23.0,4.7,26.88842,75.800689,26.91842,75.830689,03-04-2022,18:55,0.791666667,Sunny,Medium,1,Drinks,motorcycle,1.0,No,Urban,16,JAP,North India,18
0xcdac,KNPRES16DEL02,24.0,4.5,26.482581,80.315628,26.532581,80.365628,13-02-2022,23:10,23:25,Sunny,Low,0,Buffet,motorcycle,1.0,No,Urban,19,KNP,North India,23
0x8c73,JAPRES02DEL02,28.0,4.6,26.914142,75.805704,26.964142,75.855704,01-03-2022,23:40,23:55,Cloudy,Low,0,Buffet,motorcycle,1.0,No,Urban,22,JAP,North India,23
0x87c1,JAPRES06DEL01,36.0,5.0,26.911927,75.797282,26.951927,75.837282,17-03-2022,14:30,14:40,Stormy,High,2,Meal,scooter,1.0,No,Urban,25,JAP,North India,14
0x3682,JAPRES08DEL03,22.0,4.9,26.910262,75.783013,27.050262,75.923013,29-03-2022,18:50,0.791666667,Windy,Medium,2,Buffet,motorcycle,,No,Urban,24,JAP,North India,18
0xe211,KOLRES16DEL03,24.0,4.8,22.539129,88.365507,22.599129,88.425507,11-02-2022,20:20,20:30,Windy,Jam,0,Meal,motorcycle,1.0,No,Urban,15,KOL,North India,20
0xdcbd,KNPRES12DEL02,21.0,4.7,26.492106,80.327797,26.572106,80.407797,14-02-2022,20:55,0.875,Sunny,Jam,1,Drinks,motorcycle,0.0,No,Urban,15,KNP,North India,20
0x92ce,INDORES02DEL03,27.0,4.8,22.651847,75.881991,22.681847,75.911991,03-04-2022,20:25,20:30,Sandstorms,Jam,1,Meal,motorcycle,0.0,No,Urban,18,IND,North India,20
0xdfc4,LUDHRES20DEL03,38.0,4.8,30.885915,75.788259,31.025915,75.928259,14-02-2022,22:50,22:55,Windy,Low,2,Buffet,scooter,1.0,No,Urban,24,LUD,North India,22
0x41ca,INDORES09DEL03,21.0,4.7,22.725835,75.887648,22.785835,75.947648,15-03-2022,17:25,17:40,Stormy,Medium,0,Meal,motorcycle,0.0,No,Urban,13,IND,North India,17
0xab6e,RANCHIRES02DEL02,36.0,4.7,0.0,0.0,0.05,0.05,17-03-2022,17:25,17:40,Cloudy,Medium,1,Meal,motorcycle,1.0,No,Urban,15,RAN,North India,17
0x1101,INDORES16DEL02,28.0,4.1,22.744648,75.894377,22.824648,75.974377,31-03-2022,20:20,20:30,Windy,Jam,0,Meal,motorcycle,2.0,No,Urban,36,IND,North India,20
0x66da,INDORES07DEL03,35.0,3.5,22.722634,75.886959,22.812634,75.976959,18-03-2022,21:50,21:55,Windy,Jam,1,Drinks,motorcycle,1.0,No,Urban,34,IND,North India,21
0x9c75,RANCHIRES02DEL03,32.0,4.9,0.0,0.0,0.09,0.09,02-03-2022,23:40,23:45,Windy,Low,2,Snack,scooter,0.0,No,Urban,20,RAN,North India,23
0xc0f7,LUDHRES19DEL01,24.0,4.7,-30.902872,75.826808,30.972872,75.896808,12-02-2022,22:35,22:45,Cloudy,Low,1,Meal,motorcycle,1.0,No,Urban,20,LUD,North India,22
0xb9a2,INDORES09DEL03,39.0,4.1,22.725835,75.887648,22.755835,75.917648,15-03-2022,20:20,20:35,Cloudy,Jam,0,Drinks,motorcycle,1.0,No,Urban,31,IND,North India,20
0xd21e,KNPRES11DEL03,27.0,4.7,26.474986,80.342796,26.504986,80.372796,15-02-2022,21:15,21:25,Cloudy,Jam,0,Snack,motorcycle,0.0,No,Urban,20,KNP,North India,21
0x8aab,INDORES16DEL01,33.0,4.0,22.744648,75.894377,22.784648,75.934377,05-04-2022,14:15,14:30,Windy,High,1,Meal,motorcycle,1.0,No,Urban,31,IND,North India,14
0xb243,JAPRES16DEL01,32.0,5.0,26.849596,75.800512,26.859596,75.810512,07-03-2022,09:15,09:30,Sandstorms,Low,1,Buffet,motorcycle,1.0,No,Urban,28,JAP,North India,9
0xcd41,KNPRES07DEL03,33.0,4.7,26.472001,80.354002,26.502001,80.384002,17-02-2022,1,24:05:00,Sunny,Low,2,Drinks,scooter,1.0,No,Urban,13,KNP,North India,1
0xcf0e,BHPRES02DEL01,38.0,4.6,0.0,0.0,0.01,0.01,17-02-2022,11:10,11:15,Stormy,High,1,Snack,scooter,0.0,No,Urban,25,BHP,North India,11
0x7b1d,JAPRES08DEL02,30.0,4.9,26.910262,75.783013,26.930262,75.803013,13-03-2022,10:45,0.458333333,Fog,Low,1,Meal,scooter,1.0,No,Urban,15,JAP,North India,10
0xdccc,LUDHRES02DEL01,33.0,4.9,0.0,0.0,0.04,0.04,11-02-2022,16:40,16:45,Sunny,Medium,0,Buffet,motorcycle,0.0,No,Urban,21,LUD,North India,16
0x6278,RANCHIRES01DEL02,37.0,4.8,23.416792,85.316842,23.436792,85.336842,30-03-2022,08:20,08:30,Sunny,Low,2,Buffet,motorcycle,0.0,No,Urban,10,RAN,North India,8
0x8730,JAPRES09DEL03,29.0,4.8,26.911378,75.789034,27.001378,75.879034,16-03-2022,17:15,17:20,Stormy,Medium,1,Meal,scooter,1.0,No,Urban,26,JAP,North India,17
0xd547,LUDHRES03DEL03,39.0,4.8,30.88722,75.804893,30.94722,75.864893,11-02-2022,22:10,22:20,Windy,Low,1,Meal,motorcycle,1.0,No,Urban,20,LUD,North India,22
0xcee8,AGRRES12DEL02,24.0,4.8,27.165108,78.015053,27.295108,78.145053,12-02-2022,21:25,21:35,Fog,Jam,0,Drinks,motorcycle,1.0,No,Urban,47,AGR,North India,21
0xd333,DEHRES13DEL03,21.0,4.4,30.366322,78.070453,30.456322,78.160453,12-02-2022,17:15,17:20,Windy,Medium,0,Buffet,motorcycle,1.0,No,Urban,34,DEH,North India,17
0x8d85,RANCHIRES16DEL02,38.0,4.6,23.371292,85.327872,23.501292,85.457872,23-03-2022,17:30,17:35,Sandstorms,Medium,1,Snack,scooter,0.0,No,Urban,22,RAN,North India,17
0x2ca8,JAPRES18DEL01,25.0,4.9,26.913987,75.752891,26.953987,75.792891,17-03-2022,12:35,12:50,Fog,High,0,Buffet,motorcycle,1.0,No,Urban,28,JAP,North India,12
0x39a2,JAPRES19DEL02,36.0,4.6,26.913726,75.75282,26.993726,75.83282,02-03-2022,20:50,20:55,Cloudy,Jam,2,Drinks,motorcycle,2.0,No,Urban,37,JAP,North India,20
0xd677,DEHRES09DEL03,27.0,4.3,30.332735,78.054222,30.392735,78.114222,17-02-2022,22:50,22:55,Stormy,Low,0,Drinks,motorcycle,0.0,No,Urban,16,DEH,North India,22
0x77f2,JAPRES07DEL02,38.0,5.0,26.766536,75.837333,26.896536,75.967333,16-03-2022,21:10,21:15,Sandstorms,Jam,0,Drinks,motorcycle,0.0,No,Urban,42,JAP,North India,21
0xd916,ALHRES14DEL02,23.0,5.0,25.459775,81.834841,25.539775,81.914841,14-02-2022,18:10,18:25,Windy,Medium,0,Buffet,motorcycle,1.0,No,Urban,31,ALH,North India,18
0x87d7,RANCHIRES08DEL03,27.0,4.7,23.353783,85.326967,23.443783,85.416967,04-03-2022,19:55,20:10,Sandstorms,Jam,1,Snack,motorcycle,0.0,No,Urban,24,RAN,North India,19
0x31e7,RANCHIRES19DEL01,27.0,4.9,23.333017,85.3172,23.343017,85.3272,01-03-2022,08:40,08:50,Windy,Low,2,Drinks,scooter,1.0,No,Urban,15,RAN,North India,8
0x42f0,RANCHIRES12DEL01,36.0,5.0,0.0,0.0,0.07,0.07,06-04-2022,18:55,19:10,Sandstorms,Medium,0,Meal,motorcycle,1.0,No,Urban,47,RAN,North India,18
0x2ced,RANCHIRES05DEL01,20.0,4.9,23.355164,85.324097,23.395164,85.364097,28-03-2022,12:10,12:20,Stormy,High,0,Snack,motorcycle,1.0,No,Urban,20,RAN,North India,12
0x91bd,INDORES13DEL03,29.0,4.7,22.745049,75.892471,22.805049,75.952471,15-03-2022,22:10,22:15,Sandstorms,Low,2,Meal,motorcycle,1.0,No,Urban,15,IND,North India,22
0x2701,INDORES04DEL01,31.0,4.8,22.753659,75.903365,22.793659,75.943365,03-04-2022,15:55,0.666666667,Sandstorms,Medium,1,Snack,scooter,0.0,No,Urban,26,IND,North India,15
0xb3b8,JAPRES04DEL01,27.0,5.0,26.902328,75.794257,27.012328,75.904257,08-03-2022,22:15,22:25,Fog,Low,1,Meal,motorcycle,0.0,No,Urban,24,JAP,North India,22
0x7ec2,RANCHIRES04DEL03,29.0,4.6,23.359033,85.325347,23.449033,85.415347,02-04-2022,20:10,20:25,Stormy,Jam,2,Drinks,motorcycle,0.0,No,Urban,20,RAN,North India,20
0x2e70,RANCHIRES11DEL02,27.0,4.2,23.359194,85.325447,23.379194,85.345447,13-03-2022,09:55,0.416666667,Sandstorms,Low,0,Snack,motorcycle,1.0,No,Urban,28,RAN,North India,9
0x76bb,RANCHIRES16DEL01,27.0,4.7,23.371292,85.327872,23.381292,85.337872,13-03-2022,09:20,09:35,Fog,Low,2,Meal,scooter,1.0,No,Urban,14,RAN,North India,9
0xb29f,INDORES05DEL03,39.0,4.6,22.727021,75.884167,22.787021,75.944167,26-03-2022,17:15,17:25,Stormy,Medium,0,Drinks,motorcycle,1.0,No,Urban,27,IND,North India,17
0xb8ec,RANCHIRES03DEL02,28.0,4.5,0.0,0.0,0.08,0.08,02-03-2022,23:45,1,Stormy,Low,1,Buffet,motorcycle,0.0,No,Urban,11,RAN,North India,23
0x8779,INDORES08DEL01,24.0,4.6,22.725748,75.898497,22.765747,75.938497,07-03-2022,15:10,15:20,Sandstorms,Medium,2,Meal,motorcycle,1.0,No,Urban,20,IND,North India,15
0xcf35,KOLRES18DEL01,22.0,4.7,22.569367,88.433187,22.609367,88.473187,13-02-2022,15:35,15:50,Windy,Medium,2,Drinks,motorcycle,1.0,No,Urban,27,KOL,North India,15
0x1009,INDORES09DEL02,32.0,4.9,22.725835,75.887648,22.855835,76.017648,02-04-2022,22:30,22:45,Sandstorms,Low,0,Buffet,motorcycle,1.0,No,Urban,22,IND,North India,22
0xdcb2,BHPRES18DEL01,34.0,4.3,23.234631,77.401663,23.274631,77.441663,17-02-2022,13:35,13:45,Windy,High,0,Buffet,motorcycle,1.0,No,Urban,31,BHP,North India,13
0xb221,JAPRES18DEL03,31.0,3.9,26.913987,75.752891,27.003987,75.842891,02-04-2022,20:20,20:30,Sandstorms,Jam,2,Snack,scooter,0.0,No,Urban,33,JAP,North India,20
0xb4f6,INDORES19DEL03,26.0,4.1,22.745536,75.893106,22.775536,75.923106,26-03-2022,21:30,21:35,Cloudy,Jam,1,Snack,scooter,0.0,No,Urban,32,IND,North India,21
0x8d41,INDORES06DEL01,33.0,3.6,22.728163,75.884212,22.838163,75.994212,27-03-2022,18:45,18:55,Stormy,Medium,1,Snack,scooter,2.0,No,Urban,37,IND,North India,18
0x73c0,JAPRES02DEL03,25.0,4.1,26.914142,75.805704,26.974142,75.865704,15-03-2022,22:55,23:05,Windy,Low,0,Snack,motorcycle,1.0,No,Urban,19,JAP,North India,22
0xcfc6,KOLRES15DEL02,21.0,4.7,22.552672,88.352885,22.632672,88.432885,14-02-2022,17:45,17:55,Cloudy,Medium,2,Snack,electric_scooter,1.0,No,Urban,32,KOL,North India,17
0x25d8,JAPRES16DEL01,21.0,4.7,26.849596,75.800512,26.919596,75.870512,06-04-2022,23:40,23:55,Cloudy,Low,1,Buffet,scooter,1.0,No,Urban,27,JAP,North India,23
0x5d9a,JAPRES13DEL01,28.0,4.7,26.846156,75.8023,26.856156,75.8123,11-03-2022,09:55,10:10,Fog,Low,0,Buffet,motorcycle,1.0,No,Urban,17,JAP,North India,9
0x6686,JAPRES03DEL03,39.0,4.8,26.913483,75.803139,27.003483,75.893139,04-04-2022,17:50,0.75,Sunny,Medium,2,Meal,scooter,0.0,No,Urban,27,JAP,North India,17
0xd2a6,LUDHRES05DEL02,27.0,4.8,30.905562,75.832841,31.035562,75.962841,16-02-2022,23:45,23:55,Sandstorms,Low,2,Snack,motorcycle,1.0,No,Urban,16,LUD,North India,23
0xd3d0,ALHRES19DEL03,22.0,4.7,25.457116,81.859682,25.547116,81.949682,14-02-2022,22:25,22:35,Fog,Low,1,Snack,motorcycle,1.0,No,Urban,22,ALH,North India,22
0xd774,LUDHRES14DEL01,37.0,4.0,30.892978,75.821847,30.962978,75.891847,18-02-2022,19:45,0.833333333,Cloudy,Jam,1,Snack,scooter,2.0,No,Urban,38,LUD,North India,19
0x7f0b,INDORES03DEL02,38.0,4.6,22.751857,75.866699,22.881857,75.996699,23-03-2022,19:55,0.833333333,Sunny,Jam,1,Meal,motorcycle,1.0,No,Urban,23,IND,North India,19
0xce79,KNPRES11DEL03,27.0,4.7,26.474986,80.342796,26.614986,80.482796,16-02-2022,21:45,0.916666667,Windy,Jam,2,Snack,electric_scooter,1.0,No,Urban,15,KNP,North India,21
0x798b,JAPRES19DEL03,25.0,4.9,26.913726,75.75282,26.973726,75.812821,07-03-2022,22:35,22:40,Cloudy,Low,1,Buffet,motorcycle,1.0,No,Urban,13,JAP,North India,22
0x331a,RANCHIRES04DEL03,21.0,4.3,23.359033,85.325347,23.389033,85.355347,30-03-2022,21:25,21:30,Sandstorms,Jam,0,Snack,motorcycle,1.0,No,Urban,38,RAN,North India,21
0xddf0,KOLRES03DEL01,20.0,4.5,22.526461,88.364453,22.566461,88.404453,11-02-2022,13:50,0.583333333,Windy,High,2,Snack,electric_scooter,1.0,No,Urban,23,KOL,North India,13
0xc40a,ALHRES14DEL03,23.0,4.8,25.459775,81.834841,25.599775,81.974841,18-02-2022,18:20,18:35,Sandstorms,Medium,2,Buffet,electric_scooter,0.0,No,Urban,15,ALH,North India,18
0x3b4d,JAPRES15DEL02,38.0,4.6,26.891191,75.802083,26.941191,75.852083,26-03-2022,21:55,22:10,Cloudy,Jam,0,Buffet,motorcycle,1.0,No,Urban,32,JAP,North India,21
0xbd7d,RANCHIRES17DEL01,38.0,4.4,23.374878,85.335739,23.444878,85.405739,14-03-2022,18:40,18:55,Fog,Medium,1,Snack,scooter,0.0,No,Urban,33,RAN,North India,18
0x7f6f,INDORES16DEL01,32.0,4.1,22.744648,75.894377,22.854648,76.004377,06-04-2022,23:30,23:35,Cloudy,Low,0,Drinks,motorcycle,2.0,No,Urban,37,IND,North India,23
0x6b63,JAPRES13DEL01,21.0,4.9,26.846156,75.8023,26.916156,75.8723,16-03-2022,22:55,23:10,Stormy,Low,2,Snack,scooter,1.0,No,Urban,11,JAP,North India,22
0xd7db,BHPRES15DEL02,25.0,4.8,23.234249,77.434007,23.284249,77.484007,11-02-2022,20:45,20:50,Sandstorms,Jam,2,Buffet,scooter,0.0,No,Urban,14,BHP,North India,20
0xd798,DEHRES09DEL02,30.0,4.6,30.332735,78.054222,30.462735,78.184222,12-02-2022,21:45,0.916666667,Fog,Jam,0,Meal,motorcycle,1.0,No,Urban,45,DEH,North India,21
0xd445,LUDHRES18DEL01,23.0,4.8,30.890184,75.829615,30.900184,75.839615,15-02-2022,10:40,10:50,Sunny,Low,1,Snack,scooter,0.0,No,Urban,23,LUD,North India,10
0xc5f0,DEHRES06DEL03,33.0,4.8,30.361281,78.068022,30.501281,78.208022,12-02-2022,23:20,23:30,Fog,Low,1,Drinks,motorcycle,0.0,No,Urban,30,DEH,North India,23
0x334c,JAPRES12DEL03,35.0,5.0,26.902908,75.792934,26.962908,75.852934,17-03-2022,18:55,19:05,Windy,Medium,1,Snack,scooter,1.0,No,Urban,34,JAP,North India,18
0x143c,RANCHIRES11DEL01,37.0,4.6,23.359194,85.325447,23.369194,85.335447,01-03-2022,10:40,10:55,Fog,Low,2,Meal,motorcycle,1.0,No,Urban,17,RAN,North India,10
0x23fb,INDORES01DEL01,38.0,4.3,22.695207,75.866059,22.705207,75.876059,11-03-2022,09:30,09:40,Stormy,Low,0,Snack,motorcycle,1.0,No,Urban,24,IND,North India,9
0xc2de,BHPRES03DEL02,35.0,4.1,23.214294,77.435361,23.344294,77.565361,16-02-2022,22:50,22:55,Cloudy,Low,0,Meal,motorcycle,1.0,No,Urban,42,BHP,North India,22
0xa61d,JAPRES08DEL01,21.0,4.6,26.910262,75.783013,26.920262,75.793013,09-03-2022,09:15,09:25,Stormy,Low,1,Drinks,scooter,1.0,No,Urban,18,JAP,North India,9
0x7b66,JAPRES12DEL02,32.0,4.3,26.902908,75.792934,26.922908,75.812934,05-03-2022,11:40,11:50,Sandstorms,High,1,Snack,motorcycle,0.0,No,Urban,32,JAP,North India,11
0xd44a,KNPRES08DEL01,27.0,4.7,0.0,0.0,0.01,0.01,11-02-2022,08:40,08:55,Cloudy,Low,2,Meal,electric_scooter,0.0,No,Urban,11,KNP,North India,8
0x3cf0,RANCHIRES14DEL01,28.0,4.8,0.0,0.0,0.04,0.04,21-03-2022,14:35,14:50,Sandstorms,High,2,Buffet,scooter,1.0,No,Urban,17,RAN,North India,14
0x6ef3,RANCHIRES14DEL01,24.0,4.5,0.0,0.0,0.11,0.11,02-04-2022,18:55,19:05,Cloudy,Medium,2,Meal,motorcycle,1.0,No,Urban,30,RAN,North India,18
0x3208,JAPRES20DEL03,20.0,4.7,26.956431,75.776649,27.046431,75.866649,08-03-2022,22:55,23:05,Cloudy,Low,1,Meal,scooter,1.0,No,Urban,29,JAP,North India,22
0x5971,RANCHIRES05DEL02,27.0,4.8,23.355164,85.324097,23.375164,85.344097,05-03-2022,11:20,11:30,Stormy,High,2,Drinks,scooter,1.0,No,Urban,17,RAN,North India,11
0x3c5c,RANCHIRES09DEL01,30.0,4.6,23.351058,85.325731,23.361058,85.335731,19-03-2022,11:30,11:45,Sunny,High,2,Drinks,electric_scooter,1.0,No,Urban,22,RAN,North India,11
0x78b5,JAPRES02DEL01,27.0,4.9,26.914142,75.805704,26.924142,75.815704,15-03-2022,09:35,09:45,Sunny,Low,1,Snack,motorcycle,1.0,No,Urban,23,JAP,North India,9
0x60d4,JAPRES15DEL03,21.0,4.8,26.891191,75.802083,26.951191,75.862083,26-03-2022,20:45,20:55,Stormy,Jam,1,Buffet,motorcycle,1.0,No,Urban,19,JAP,North India,20
0x9b10,INDORES16DEL01,27.0,5.0,22.744648,75.894377,22.814648,75.964377,16-03-2022,21:20,21:25,Fog,Jam,2,Drinks,scooter,1.0,No,Urban,30,IND,North India,21
0xc21a,KNPRES15DEL02,22.0,4.8,26.482419,80.320939,26.562419,80.400939,12-02-2022,22:50,22:55,Stormy,Low,2,Buffet,scooter,0.0,No,Urban,13,KNP,North India,22
0xd914,DEHRES17DEL03,24.0,4.9,30.327968,78.046106,30.357968,78.076106,11-02-2022,23:25,23:30,Stormy,Low,2,Meal,scooter,1.0,No,Urban,13,DEH,North India,23
0x7da8,RANCHIRES18DEL01,33.0,4.7,23.351489,85.324253,23.391489,85.364253,19-03-2022,13:45,13:55,Stormy,High,2,Meal,electric_scooter,1.0,No,Urban,30,RAN,North India,13
0x419c,RANCHIRES06DEL01,28.0,4.7,23.357804,85.325146,23.397804,85.365146,05-04-2022,12:40,12:55,Sandstorms,High,0,Snack,motorcycle,0.0,No,Urban,38,RAN,North India,12
0xd88d,KNPRES17DEL02,21.0,4.5,26.483042,80.317833,26.533042,80.367833,11-02-2022,21:35,21:40,Stormy,Jam,1,Drinks,motorcycle,1.0,No,Urban,26,KNP,North India,21
0x93dc,JAPRES09DEL03,21.0,4.7,26.911378,75.789034,27.001378,75.879034,02-03-2022,20:30,20:40,Fog,Jam,0,Snack,motorcycle,1.0,No,Urban,38,JAP,North India,20
0x382d,INDORES02DEL01,29.0,4.8,22.651847,75.881991,22.721847,75.951991,04-04-2022,20:45,0.875,Sandstorms,Jam,2,Buffet,scooter,1.0,No,Urban,23,IND,North India,20
0xc423,KNPRES18DEL02,39.0,4.8,26.474133,80.3481,26.494133,80.3681,15-02-2022,10:55,11:10,Fog,Low,1,Meal,motorcycle,1.0,No,Urban,18,KNP,North India,10
0x1f16,JAPRES12DEL02,31.0,4.5,26.902908,75.792934,26.922908,75.812934,21-03-2022,09:45,09:55,Stormy,Low,0,Snack,motorcycle,1.0,No,Urban,24,JAP,North India,9
0xe1ec,ALHRES04DEL01,27.0,4.6,0.0,0.0,0.01,0.01,15-02-2022,09:30,09:45,Stormy,Low,2,Meal,electric_scooter,0.0,No,Urban,10,ALH,North India,9
0xdecb,DEHRES01DEL01,36.0,4.6,0.0,0.0,0.07,0.07,16-02-2022,17:20,17:25,Cloudy,Medium,0,Meal,motorcycle,0.0,No,Urban,36,DEH,North India,17
0x4c95,RANCHIRES19DEL02,27.0,4.6,23.333017,85.3172,23.463017,85.4472,04-04-2022,21:30,21:45,Stormy,Jam,2,Meal,scooter,1.0,No,Urban,26,RAN,North India,21
0x9516,INDORES17DEL02,31.0,5.0,22.761226,75.887522,22.811226,75.937522,26-03-2022,20:10,20:20,Sunny,Jam,2,Snack,electric_scooter,0.0,No,Urban,15,IND,North India,20
0x2ed3,JAPRES19DEL02,36.0,5.0,26.913726,75.75282,27.043726,75.88282,12-03-2022,20:35,20:50,Stormy,Jam,0,Drinks,motorcycle,2.0,Yes,Urban,47,JAP,North India,20
0xd3d5,DEHRES16DEL03,36.0,4.1,30.342509,78.061187,30.402509,78.121187,13-02-2022,17:40,17:55,Windy,Medium,1,Buffet,motorcycle,1.0,No,Urban,34,DEH,North India,17
0x7e2f,RANCHIRES17DEL01,31.0,5.0,23.374878,85.335739,23.384878,85.345739,09-03-2022,10:45,10:55,Sunny,Low,1,Drinks,scooter,1.0,No,Urban,13,RAN,North India,10
0xd6ca,ALHRES17DEL01,38.0,3.6,25.45235,81.841889,25.56235,81.951889,18-02-2022,18:25,18:30,Sandstorms,Medium,2,Drinks,motorcycle,1.0,No,Urban,31,ALH,North India,18
0xd0b9,LUDHRES02DEL02,27.0,4.6,0.0,0.0,0.02,0.02,15-02-2022,09:10,09:20,Windy,Low,1,Meal,scooter,0.0,No,Urban,16,LUD,North India,9
0xc548,LUDHRES14DEL01,21.0,4.7,30.892978,75.821847,30.902978,75.831847,11-02-2022,08:30,08:40,Sunny,Low,1,Meal,scooter,1.0,No,Urban,22,LUD,North India,8
0xc2fd,ALHRES04DEL03,22.0,5.0,0.0,0.0,0.09,0.09,16-02-2022,17:45,17:50,Sandstorms,Medium,0,Meal,motorcycle,1.0,No,Urban,21,ALH,North India,17
0x745b,INDORES18DEL01,27.0,4.6,22.753839,75.897429,22.793838,75.937429,05-04-2022,12:45,12:55,Windy,High,1,Drinks,motorcycle,0.0,No,Urban,27,IND,North India,12
0x6838,JAPRES06DEL03,36.0,4.6,26.911927,75.797282,26.941927,75.827282,30-03-2022,17:20,17:25,Windy,Medium,1,Buffet,scooter,,No,Urban,26,JAP,North India,17
0xceb0,KOLRES16DEL01,24.0,4.6,22.539129,88.365507,22.649129,88.475507,16-02-2022,18:40,18:45,Stormy,Medium,1,Meal,scooter,1.0,No,Urban,26,KOL,North India,18
0xc2c0,ALHRES18DEL01,20.0,4.8,25.450317,81.831681,25.520317,81.901681,14-02-2022,20:50,21:05,Windy,Jam,0,Snack,motorcycle,1.0,No,Urban,25,ALH,North India,20
0xd581,AGRRES03DEL01,37.0,5.0,27.160832,78.011608,27.230832,78.081608,12-02-2022,23:30,23:35,Cloudy,Low,1,Buffet,scooter,1.0,No,Urban,25,AGR,North India,23
0xad82,JAPRES14DEL02,26.0,4.8,26.88842,75.800689,26.93842,75.850689,05-04-2022,19:15,19:20,Fog,Jam,0,Drinks,motorcycle,1.0,No,Urban,23,JAP,North India,19
0x8c2a,JAPRES010DEL03,27.0,4.9,26.921411,75.793604,26.981411,75.853604,19-03-2022,22:55,23:05,Cloudy,Low,2,Buffet,scooter,0.0,No,Urban,15,JAP,North India,22
0xdc56,LUDHRES06DEL03,29.0,4.8,30.895204,75.822103,30.985204,75.912103,18-02-2022,23:40,23:50,Stormy,Low,1,Meal,scooter,0.0,No,Urban,17,LUD,North India,23
0xa2a0,INDORES13DEL02,31.0,4.6,22.745049,75.892471,22.825049,75.972471,14-03-2022,22:10,22:20,Windy,Low,1,Buffet,scooter,0.0,No,Urban,17,IND,North India,22
0xb17c,JAPRES19DEL02,20.0,4.4,26.913726,75.75282,26.933726,75.77282,11-03-2022,10:30,10:35,Stormy,Low,0,Meal,motorcycle,0.0,No,Urban,28,JAP,North India,10
0x3456,RANCHIRES010DEL03,36.0,4.9,23.354422,85.3329,23.414422,85.3929,30-03-2022,18:15,18:30,Cloudy,Medium,2,Snack,scooter,1.0,No,Urban,17,RAN,North India,18
0x3f5c,JAPRES09DEL03,25.0,4.8,26.911378,75.789034,26.971378,75.849034,09-03-2022,21:10,21:20,Fog,Jam,2,Snack,motorcycle,1.0,No,Urban,23,JAP,North India,21
0x2769,JAPRES08DEL02,29.0,5.0,26.910262,75.783013,26.930262,75.803013,26-03-2022,08:30,08:35,Cloudy,Low,1,Meal,motorcycle,0.0,No,Urban,14,JAP,North India,8
0xd744,ALHRES16DEL03,23.0,4.9,25.450377,81.834236,25.590377,81.974236,16-02-2022,22:35,22:45,Fog,Low,0,Buffet,motorcycle,0.0,No,Urban,22,ALH,North India,22
0xdf39,BHPRES04DEL02,37.0,4.8,23.184992,77.417227,23.264992,77.497227,16-02-2022,22:30,22:40,Sandstorms,Low,2,Meal,electric_scooter,1.0,No,Urban,26,BHP,North India,22
0x3fd6,RANCHIRES17DEL01,36.0,4.7,23.374878,85.335739,23.384878,85.345739,11-03-2022,08:30,08:45,Fog,Low,0,Snack,motorcycle,1.0,No,Urban,21,RAN,North India,8
0x9a70,INDORES16DEL02,26.0,4.1,22.744648,75.894377,22.794648,75.944377,19-03-2022,23:40,23:55,Windy,Low,0,Buffet,motorcycle,1.0,No,Urban,17,IND,North India,23
0xde3f,AGRRES08DEL02,33.0,4.6,27.160934,78.044095,27.240934,78.124095,16-02-2022,18:20,18:25,Sunny,Medium,2,Snack,scooter,1.0,No,Urban,25,AGR,North India,18
0xba20,INDORES16DEL02,25.0,4.6,22.744648,75.894377,22.764648,75.914377,13-03-2022,08:10,08:25,Fog,Low,2,Snack,motorcycle,1.0,No,Urban,19,IND,North India,8
0xdca9,ALHRES15DEL03,37.0,4.6,25.449872,81.836167,25.509872,81.896167,17-02-2022,23:20,23:25,Fog,Low,2,Meal,scooter,0.0,No,Urban,15,ALH,North India,23
0x8654,JAPRES12DEL02,21.0,4.8,26.902908,75.792934,26.982908,75.872934,08-03-2022,23:35,23:45,Windy,Low,0,Buffet,motorcycle,1.0,No,Urban,16,JAP,North India,23
0xc343,AGRRES13DEL03,31.0,4.7,27.159795,78.04299,27.249795,78.13299,16-02-2022,20:35,20:50,Sunny,Jam,2,Drinks,electric_scooter,1.0,No,Urban,20,AGR,North India,20
0xca44,ALHRES11DEL03,22.0,4.9,0.0,0.0,0.03,0.03,11-02-2022,17:55,18:05,Sandstorms,Medium,1,Snack,scooter,1.0,No,Urban,23,ALH,North India,17
0x25a2,JAPRES19DEL01,33.0,4.8,26.913726,75.75282,26.923726,75.762821,11-03-2022,08:40,08:50,Windy,Low,2,Meal,scooter,1.0,No,Urban,23,JAP,North India,8
0xdebb,AGRRES010DEL01,38.0,4.7,27.163303,78.057044,27.233303,78.127044,18-02-2022,22:45,22:50,Windy,Low,1,Buffet,motorcycle,1.0,No,Urban,28,AGR,North India,22
0x9e63,RANCHIRES18DEL01,39.0,4.3,23.351489,85.324253,23.461489,85.434253,23-03-2022,19:50,0.833333333,Stormy,Jam,2,Meal,electric_scooter,1.0,Yes,Urban,42,RAN,North India,19
0x458f,JAPRES02DEL01,27.0,4.4,26.914142,75.805704,26.924142,75.815704,21-03-2022,10:55,11:10,Sandstorms,Low,0,Snack,motorcycle,,No,Urban,18,JAP,North India,10
0xd818,LUDHRES11DEL02,27.0,4.7,30.893081,75.821495,31.023081,75.951495,14-02-2022,17:55,0.75,Sandstorms,Medium,1,Snack,scooter,1.0,No,Urban,16,LUD,North India,17
0x4c20,RANCHIRES02DEL01,22.0,4.6,0.0,0.0,0.07,0.07,27-03-2022,20:10,20:15,Stormy,Jam,1,Buffet,motorcycle,0.0,No,Urban,17,RAN,North India,20
0xaf2c,RANCHIRES11DEL03,26.0,5.0,23.359194,85.325447,23.419194,85.385447,19-03-2022,20:50,21:05,Sunny,Jam,1,Drinks,motorcycle,0.0,No,Urban,14,RAN,North India,20
0xb16,JAPRES20DEL01,39.0,4.4,26.956431,75.776649,26.966431,75.786649,05-03-2022,09:35,09:50,Windy,Low,0,Drinks,motorcycle,1.0,No,Urban,26,JAP,North India,9
0x23e0,JAPRES20DEL02,38.0,4.9,26.956431,75.776649,26.976431,75.796649,17-03-2022,09:10,09:20,Cloudy,Low,1,Snack,scooter,0.0,No,Urban,15,JAP,North India,9
0x375a,INDORES03DEL02,39.0,3.7,22.751857,75.866699,22.831857,75.946699,08-03-2022,19:40,19:50,Stormy,Jam,2,Meal,scooter,1.0,No,Urban,38,IND,North India,19
0xd8b6,LUDHRES05DEL03,39.0,4.9,30.905562,75.832841,30.935562,75.862841,15-02-2022,17:20,17:25,Sunny,Medium,2,Buffet,scooter,0.0,No,Urban,17,LUD,North India,17
0xd990,DEHRES06DEL02,28.0,4.6,30.361281,78.068022,30.491281,78.198022,12-02-2022,19:35,19:50,Sunny,Jam,0,Drinks,motorcycle,1.0,No,Urban,22,DEH,North India,19
0x84e4,RANCHIRES06DEL02,27.0,4.9,23.357804,85.325146,23.487804,85.455146,16-03-2022,20:40,20:45,Sandstorms,Jam,2,Snack,scooter,1.0,No,Urban,21,RAN,North India,20
0x157a,RANCHIRES15DEL02,20.0,4.5,23.369746,85.33982,23.499746,85.46982,02-03-2022,21:45,0.916666667,Windy,Jam,2,Snack,electric_scooter,1.0,No,Urban,22,RAN,North India,21
0xccec,KNPRES11DEL01,39.0,4.7,26.474986,80.342796,26.584986,80.452796,14-02-2022,22:10,22:15,Sunny,Low,2,Meal,scooter,0.0,No,Urban,21,KNP,North India,22
0xdade,KNPRES13DEL03,30.0,4.8,26.481547,80.299775,26.621547,80.439775,14-02-2022,22:50,23:05,Windy,Low,0,Snack,motorcycle,0.0,No,Urban,20,KNP,North India,22
0x5194,RANCHIRES12DEL01,24.0,4.7,0.0,0.0,0.04,0.04,05-04-2022,12:50,12:55,Fog,High,1,Buffet,motorcycle,1.0,No,Urban,23,RAN,North India,12
0xe03d,KOLRES06DEL02,25.0,4.5,22.533662,88.366217,22.613662,88.446217,12-02-2022,23:55,24:05:00,Windy,Low,1,Drinks,motorcycle,1.0,No,Urban,18,KOL,North India,23
0xc76c,AGRRES07DEL02,20.0,4.8,27.160934,78.044095,27.180934,78.064095,17-02-2022,08:10,08:20,Stormy,Low,1,Snack,motorcycle,0.0,No,Urban,15,AGR,North India,8
0xce8e,LUDHRES20DEL02,28.0,4.5,30.885915,75.788259,30.965915,75.868259,18-02-2022,19:35,19:50,Sunny,Jam,1,Meal,motorcycle,0.0,No,Urban,22,LUD,North India,19
0x82fd,RANCHIRES010DEL02,29.0,4.6,23.354422,85.3329,23.404422,85.3829,13-03-2022,21:45,21:50,Fog,Jam,2,Meal,electric_scooter,1.0,No,Urban,27,RAN,North India,21
0xcd5f,KOLRES08DEL02,28.0,5.0,22.53796,88.349843,22.55796,88.369843,13-02-2022,08:30,08:35,Fog,Low,2,Buffet,scooter,0.0,,Urban,10,KOL,North India,8
0xcdb1,DEHRES11DEL02,27.0,4.7,0.0,0.0,0.05,0.05,17-02-2022,19:50,0.833333333,Windy,Jam,1,Buffet,motorcycle,1.0,No,Urban,13,DEH,North India,19
0x20b8,RANCHIRES16DEL01,32.0,4.9,23.371292,85.327872,23.381292,85.337872,09-03-2022,09:40,09:50,Cloudy,Low,1,Drinks,motorcycle,0.0,No,Urban,15,RAN,North India,9
0xd77c,AGRRES16DEL03,37.0,4.9,0.0,0.0,0.09,0.09,14-02-2022,21:35,21:45,Sandstorms,Jam,1,Buffet,motorcycle,1.0,No,Urban,29,AGR,North India,21
0xcefc,ALHRES09DEL03,28.0,4.9,0.0,0.0,0.06,0.06,17-02-2022,22:30,22:40,Windy,Low,2,Buffet,motorcycle,1.0,No,Urban,18,ALH,North India,22
0x946e,JAPRES16DEL01,22.0,4.5,26.849596,75.800512,26.859596,75.810512,09-03-2022,08:45,08:50,Windy,Low,2,Drinks,motorcycle,1.0,No,Urban,10,JAP,North India,8
0xa8f4,JAPRES03DEL02,20.0,4.6,26.913483,75.803139,27.043483,75.933139,06-03-2022,23:40,23:45,Fog,Low,1,Drinks,scooter,1.0,No,Urban,22,JAP,North India,23
0xcac8,BHPRES18DEL03,39.0,4.2,23.234631,77.401663,23.324631,77.491663,16-02-2022,21:30,21:45,Sandstorms,Jam,1,Buffet,motorcycle,2.0,No,Urban,36,BHP,North India,21
0x29d3,INDORES06DEL03,27.0,4.5,22.728163,75.884212,22.788163,75.944212,17-03-2022,17:50,17:55,Stormy,Medium,0,Drinks,motorcycle,0.0,,Urban,11,IND,North India,17
0xd5da,ALHRES18DEL01,26.0,5.0,25.450317,81.831681,25.490317,81.871681,15-02-2022,12:55,13:05,Windy,High,2,Snack,motorcycle,1.0,No,Urban,20,ALH,North India,12
0x5a25,RANCHIRES12DEL03,33.0,4.2,0.0,0.0,0.03,0.03,19-03-2022,17:30,17:40,Windy,Medium,2,Snack,scooter,0.0,No,Urban,33,RAN,North India,17
0x8bf2,RANCHIRES12DEL02,30.0,3.7,0.0,0.0,0.08,0.08,06-04-2022,22:25,22:40,Fog,Low,1,Drinks,scooter,0.0,No,Urban,35,RAN,North India,22
0xc1c8,KNPRES06DEL01,29.0,4.6,0.0,0.0,0.04,0.04,13-02-2022,15:55,0.666666667,Cloudy,Medium,0,Buffet,motorcycle,1.0,No,Urban,22,KNP,North India,15
0x2a28,JAPRES02DEL03,33.0,4.7,26.914142,75.805704,27.004142,75.895704,25-03-2022,21:55,0.916666667,Fog,Jam,1,Buffet,motorcycle,0.0,No,Urban,35,JAP,North India,21
0x820f,JAPRES07DEL01,28.0,4.8,26.766536,75.837333,26.776536,75.847333,17-03-2022,10:50,11:05,Cloudy,Low,0,Buffet,motorcycle,1.0,No,Urban,24,JAP,North India,10
0xcf91,KOLRES15DEL02,22.0,4.6,22.552672,88.352885,22.682672,88.482885,12-02-2022,20:35,20:40,Sunny,Jam,1,Meal,scooter,0.0,No,Urban,11,KOL,North India,20
0x2d4a,RANCHIRES03DEL02,23.0,4.4,0.0,0.0,0.05,0.05,07-03-2022,22:55,23:10,Sandstorms,Low,0,Snack,motorcycle,1.0,No,Urban,24,RAN,North India,22
0x33a5,INDORES18DEL01,22.0,4.2,22.753839,75.897429,22.763838,75.907429,13-03-2022,10:30,10:35,Stormy,Low,0,Drinks,motorcycle,1.0,No,Urban,21,IND,North India,10
0x4d43,RANCHIRES13DEL02,35.0,4.6,23.374989,85.335486,23.504989,85.465486,06-04-2022,18:50,18:55,Stormy,Medium,2,Buffet,scooter,1.0,No,Urban,27,RAN,North India,18
0x18ad,INDORES11DEL03,38.0,4.8,22.751234,75.88949,22.841234,75.97949,10-03-2022,22:10,22:15,Stormy,Low,2,Drinks,scooter,1.0,No,Urban,17,IND,North India,22
0x5fb6,INDORES16DEL03,30.0,5.0,22.744648,75.894377,22.804648,75.954377,09-03-2022,22:30,22:40,Cloudy,Low,1,Buffet,scooter,0.0,No,Urban,16,IND,North India,22
0xc7b2,DEHRES08DEL03,35.0,4.1,30.359722,78.067079,30.449722,78.157079,16-02-2022,20:30,20:45,Fog,Jam,2,Buffet,motorcycle,1.0,No,Urban,44,DEH,North India,20
0x99fd,INDORES12DEL03,25.0,4.9,22.74806,75.8934,22.83806,75.9834,06-04-2022,19:25,19:40,Stormy,Jam,2,Meal,electric_scooter,,No,Urban,29,IND,North India,19
0xc30b,DEHRES17DEL02,35.0,4.7,30.327968,78.046106,30.407968,78.126106,14-02-2022,20:10,20:20,Sunny,Jam,2,Buffet,scooter,1.0,No,Urban,21,DEH,North India,20
0x4b77,INDORES14DEL02,32.0,4.7,22.761593,75.886362,22.811593,75.936362,07-03-2022,23:10,23:20,Sunny,Low,0,Drinks,motorcycle,1.0,No,Urban,25,IND,North India,23
0x2420,RANCHIRES03DEL01,27.0,4.6,0.0,0.0,0.11,0.11,20-03-2022,17:25,17:40,Sunny,Medium,0,Meal,motorcycle,1.0,No,Urban,21,RAN,North India,17
0xc199,DEHRES01DEL01,26.0,5.0,0.0,0.0,0.04,0.04,11-02-2022,15:45,0.666666667,Stormy,Medium,1,Meal,scooter,1.0,No,Urban,23,DEH,North India,15
0xaed0,JAPRES15DEL03,26.0,4.9,26.891191,75.802083,26.981191,75.892083,08-03-2022,22:10,22:15,Stormy,Low,0,Drinks,motorcycle,0.0,No,Urban,24,JAP,North India,22
0xb9c5,RANCHIRES02DEL01,31.0,4.8,0.0,0.0,0.07,0.07,04-03-2022,23:25,23:40,Sandstorms,Low,2,Buffet,scooter,0.0,No,Urban,16,RAN,North India,23
0xd000,KNPRES06DEL01,32.0,4.6,0.0,0.0,0.01,0.01,15-02-2022,09:35,09:50,Sandstorms,Low,2,Drinks,electric_scooter,0.0,No,Urban,25,KNP,North India,9
0x4d2f,JAPRES19DEL02,30.0,4.6,26.913726,75.75282,26.993726,75.83282,29-03-2022,22:30,22:35,Windy,Low,1,Drinks,motorcycle,0.0,No,Urban,26,JAP,North India,22
0xc81,INDORES20DEL02,23.0,4.6,22.732225,75.874765,22.862225,76.004765,16-03-2022,19:55,0.833333333,Stormy,Jam,2,Meal,scooter,1.0,No,Urban,22,IND,North India,19
0xb949,JAPRES02DEL03,38.0,4.4,26.914142,75.805704,26.944142,75.835704,21-03-2022,17:45,17:55,Stormy,Medium,1,Buffet,scooter,1.0,No,Urban,33,JAP,North India,17
0x6bf3,JAPRES12DEL03,22.0,4.7,26.902908,75.792934,26.932908,75.822934,26-03-2022,23:40,23:50,Cloudy,Low,0,Snack,motorcycle,1.0,No,Urban,23,JAP,North India,23
0x66eb,INDORES19DEL03,22.0,4.8,22.745536,75.893106,22.775536,75.923106,30-03-2022,23:50,23:55,Fog,Low,1,Drinks,motorcycle,0.0,No,Urban,16,IND,North India,23
0x7a8,JAPRES16DEL01,29.0,4.8,26.849596,75.800512,26.889596,75.840512,03-04-2022,16:55,0.708333333,Stormy,Medium,2,Drinks,scooter,0.0,No,Urban,20,JAP,North India,16
0x9825,RANCHIRES17DEL01,36.0,4.8,23.374878,85.335739,23.384878,85.345739,21-03-2022,09:20,09:30,Cloudy,Low,1,Buffet,scooter,0.0,No,Urban,15,RAN,North India,9
0xdf21,AGRRES14DEL01,29.0,4.9,27.16185,78.040165,27.17185,78.050165,13-02-2022,10:30,10:40,Sandstorms,Low,1,Drinks,scooter,1.0,No,Urban,13,AGR,North India,10
0x5ed8,INDORES08DEL01,25.0,5.0,22.725748,75.898497,22.735747,75.908497,09-03-2022,08:50,09:05,Stormy,Low,2,Buffet,scooter,0.0,No,Urban,14,IND,North India,8
0x4c0e,RANCHIRES13DEL03,24.0,4.9,23.374989,85.335486,23.464989,85.425486,02-03-2022,20:30,20:35,Sunny,Jam,2,Drinks,scooter,1.0,No,Urban,11,RAN,North India,20
0x3a9f,JAPRES12DEL02,39.0,4.1,26.902908,75.792934,27.032908,75.922934,18-03-2022,19:15,19:30,Stormy,Jam,0,Drinks,motorcycle,1.0,Yes,Urban,54,JAP,North India,19
0x93db,INDORES18DEL02,20.0,4.5,22.753839,75.897429,22.803839,75.947429,30-03-2022,20:50,20:55,Stormy,Jam,0,Buffet,motorcycle,1.0,No,Urban,25,IND,North India,20
0xd82b,AGRRES16DEL01,37.0,4.6,0.0,0.0,0.04,0.04,15-02-2022,15:35,15:45,Sunny,Medium,2,Meal,electric_scooter,0.0,No,Urban,18,AGR,North India,15
0xc1c9,KNPRES19DEL01,26.0,4.7,26.49095,80.318656,26.53095,80.358656,15-02-2022,13:30,13:35,Stormy,High,0,Buffet,motorcycle,1.0,No,Urban,23,KNP,North India,13
0x8d88,INDORES11DEL02,37.0,4.5,22.751234,75.88949,22.831234,75.96949,06-04-2022,1,24:05:00,Cloudy,Low,1,Drinks,motorcycle,1.0,No,Urban,29,IND,North India,1
0x1a3c,INDORES17DEL01,23.0,4.8,22.761226,75.887522,22.771226,75.897522,01-03-2022,11:50,12:05,Sunny,High,1,Buffet,motorcycle,0.0,No,Urban,11,IND,North India,11
0xc7b3,AGRRES12DEL02,37.0,4.9,27.165108,78.015053,27.185108,78.035053,17-02-2022,10:25,10:30,Cloudy,Low,0,Meal,motorcycle,1.0,No,Urban,24,AGR,North India,10
0xc551,LUDHRES09DEL02,28.0,4.3,30.885814,75.786976,30.905814,75.806976,13-02-2022,10:30,10:45,Stormy,Low,0,Buffet,motorcycle,1.0,No,Urban,29,LUD,North India,10
0x946b,RANCHIRES06DEL03,26.0,4.5,23.357804,85.325146,23.447804,85.415146,02-04-2022,21:55,0.916666667,Stormy,Jam,1,Buffet,scooter,0.0,No,Urban,19,RAN,North India,21
0xcf4a,KNPRES06DEL02,24.0,4.9,0.0,0.0,0.02,0.02,11-02-2022,09:20,09:35,Sunny,Low,2,Drinks,scooter,0.0,No,Urban,21,KNP,North India,9
0xaf5f,RANCHIRES03DEL02,21.0,4.6,0.0,0.0,0.02,0.02,05-03-2022,08:45,08:50,Windy,Low,1,Buffet,motorcycle,0.0,No,Urban,11,RAN,North India,8
0xc599,BHPRES14DEL01,29.0,4.8,0.0,0.0,0.07,0.07,12-02-2022,19:45,0.833333333,Sandstorms,Jam,0,Snack,motorcycle,1.0,No,Urban,30,BHP,North India,19
0x6110,JAPRES04DEL03,22.0,4.9,26.902328,75.794257,26.932328,75.824257,11-03-2022,18:35,18:40,Sunny,Medium,0,Buffet,motorcycle,1.0,No,Urban,19,JAP,North India,18
0x6661,RANCHIRES12DEL02,38.0,5.0,0.0,0.0,0.02,0.02,05-04-2022,09:10,09:15,Cloudy,Low,1,Snack,motorcycle,0.0,No,Urban,17,RAN,North India,9
0x9649,INDORES18DEL03,27.0,4.9,22.753839,75.897429,22.843839,75.987429,16-03-2022,19:30,19:35,Sunny,Jam,2,Snack,motorcycle,1.0,No,Urban,14,IND,North India,19
0x57f5,JAPRES20DEL02,21.0,4.5,26.956431,75.776649,26.976431,75.796649,24-03-2022,09:15,09:25,Stormy,Low,1,Drinks,scooter,0.0,No,Urban,18,JAP,North India,9
0x3347,INDORES09DEL01,25.0,4.7,22.725835,75.887648,22.735835,75.897648,30-03-2022,10:45,10:55,Sandstorms,Low,2,Snack,scooter,0.0,No,Urban,10,IND,North India,10
0x6f86,JAPRES20DEL02,32.0,5.0,26.956431,75.776649,27.006431,75.826649,28-03-2022,19:15,19:25,Windy,Jam,0,Snack,motorcycle,1.0,No,Urban,43,JAP,North India,19
0x51dd,INDORES05DEL01,28.0,4.9,22.727021,75.884167,22.767021,75.924167,24-03-2022,14:10,14:15,Stormy,High,2,Meal,electric_scooter,1.0,No,Urban,10,IND,North India,14
0x6ff2,JAPRES15DEL02,24.0,4.6,26.891191,75.802083,26.911191,75.822083,26-03-2022,10:15,10:30,Cloudy,Low,0,Snack,motorcycle,1.0,No,Urban,19,JAP,North India,10
0x5835,INDORES02DEL03,29.0,4.8,22.651847,75.881991,22.681847,75.911991,05-03-2022,20:45,0.875,Sandstorms,Jam,2,Meal,motorcycle,0.0,No,Urban,12,IND,North India,20
0xde9b,KOLRES010DEL01,29.0,4.8,22.538999,88.322337,22.608999,88.392336,14-02-2022,22:55,0.958333333,Stormy,Low,0,Buffet,motorcycle,1.0,No,Urban,16,KOL,North India,22
0xac27,INDORES09DEL02,37.0,4.6,22.725835,75.887648,22.855835,76.017648,02-03-2022,17:50,0.75,Stormy,Medium,0,Snack,motorcycle,0.0,No,Urban,33,IND,North India,17
0xc97c,KNPRES14DEL02,21.0,4.7,26.463504,80.372929,26.483504,80.392929,17-02-2022,10:35,10:40,Fog,Low,1,Meal,scooter,0.0,No,Urban,11,KNP,North India,10
0xe0e7,KOLRES07DEL03,37.0,4.1,22.547186,88.35068,22.637186,88.44068,12-02-2022,18:25,18:30,Sunny,Medium,0,Drinks,motorcycle,1.0,No,Urban,36,KOL,North India,18
0x1a97,JAPRES13DEL03,29.0,4.7,26.846156,75.8023,26.876156,75.8323,03-04-2022,20:50,20:55,Sunny,Jam,2,Meal,scooter,0.0,No,Urban,16,JAP,North India,20
0xd260,ALHRES14DEL02,25.0,4.7,25.459775,81.834841,25.589775,81.964841,14-02-2022,17:55,18:05,Sandstorms,Medium,2,Buffet,scooter,1.0,No,Urban,15,ALH,North India,17
0x6c82,JAPRES20DEL03,30.0,4.5,26.956431,75.776649,27.016431,75.836649,17-03-2022,19:15,19:30,Fog,Jam,2,Drinks,scooter,1.0,No,Urban,27,JAP,North India,19
0x8ddc,RANCHIRES11DEL03,28.0,4.9,23.359194,85.325447,23.389194,85.355447,11-03-2022,17:40,17:50,Sandstorms,Medium,0,Meal,motorcycle,1.0,No,Urban,21,RAN,North India,17
0x7cca,JAPRES14DEL02,36.0,4.8,26.88842,75.800689,26.90842,75.820689,01-03-2022,08:25,08:35,Fog,Low,0,Meal,motorcycle,1.0,No,Urban,20,JAP,North India,8
0xdd06,LUDHRES07DEL03,26.0,4.9,0.0,0.0,0.03,0.03,11-02-2022,18:45,0.791666667,Sunny,Medium,1,Drinks,motorcycle,0.0,No,Urban,11,LUD,North India,18
0xe25d,ALHRES17DEL01,36.0,4.9,25.45235,81.841889,25.46235,81.851889,15-02-2022,09:40,09:50,Fog,Low,1,Buffet,motorcycle,1.0,No,Urban,15,ALH,North India,9
0x7fa7,RANCHIRES12DEL01,38.0,4.7,0.0,0.0,0.04,0.04,19-03-2022,15:25,15:35,Cloudy,Medium,1,Meal,scooter,0.0,No,Urban,15,RAN,North India,15
0xdb4d,AGRRES08DEL03,28.0,4.7,27.160934,78.044095,27.190934,78.074095,17-02-2022,22:45,22:55,Windy,Low,1,Snack,motorcycle,1.0,No,Urban,19,AGR,North India,22
0xd57b,KNPRES010DEL01,27.0,4.6,26.47775,80.351569,26.58775,80.461569,16-02-2022,22:45,22:55,Windy,Low,0,Drinks,motorcycle,1.0,No,Urban,19,KNP,North India,22
0x800e,JAPRES06DEL02,33.0,4.8,26.911927,75.797282,26.991927,75.877282,06-04-2022,18:30,18:35,Windy,Medium,1,Drinks,scooter,1.0,No,Urban,23,JAP,North India,18
0x90c0,RANCHIRES03DEL03,29.0,4.8,0.0,0.0,0.03,0.03,13-03-2022,22:55,23:10,Sunny,Low,2,Snack,scooter,0.0,No,Urban,23,RAN,North India,22
0x8731,INDORES11DEL01,24.0,4.7,22.751234,75.88949,22.761234,75.89949,19-03-2022,08:50,08:55,Sandstorms,Low,2,Buffet,scooter,,No,Urban,18,IND,North India,8
0xc4ac,DEHRES01DEL02,25.0,4.9,0.0,0.0,0.05,0.05,11-02-2022,19:10,19:25,Windy,Jam,0,Drinks,motorcycle,1.0,No,Urban,16,DEH,North India,19
0x6011,JAPRES20DEL02,24.0,4.9,26.956431,75.776649,27.086431,75.906649,04-04-2022,23:40,23:50,Cloudy,Low,2,Meal,scooter,1.0,No,Urban,22,JAP,North India,23
0xdd7e,ALHRES18DEL02,38.0,3.5,25.450317,81.831681,25.580317,81.961681,18-02-2022,23:50,24:05:00,Fog,Low,2,Buffet,scooter,1.0,No,Urban,33,ALH,North India,23
0x8bfb,RANCHIRES20DEL02,28.0,4.9,23.39925,85.390464,23.44925,85.440464,01-04-2022,17:40,17:50,Windy,Medium,1,Drinks,motorcycle,0.0,No,Urban,21,RAN,North India,17
0x3e6f,RANCHIRES19DEL01,39.0,4.6,23.333017,85.3172,23.443017,85.4272,23-03-2022,20:45,0.875,Fog,Jam,2,Snack,scooter,0.0,No,Urban,42,RAN,North India,20
0x5bcd,JAPRES11DEL03,26.0,4.8,26.90294,75.793007,26.99294,75.883007,29-03-2022,21:25,21:40,Windy,Jam,2,Meal,electric_scooter,0.0,No,Urban,19,JAP,North India,21
0x908c,RANCHIRES20DEL02,27.0,4.5,23.39925,85.390464,23.52925,85.520464,12-03-2022,18:25,18:40,Stormy,Medium,1,Drinks,motorcycle,0.0,No,Urban,19,RAN,North India,18
0x1713,JAPRES20DEL03,29.0,4.8,26.956431,75.776649,27.046431,75.866649,06-04-2022,23:50,1,Windy,Low,2,Buffet,motorcycle,1.0,No,Urban,14,JAP,North India,23
0x4d0d,INDORES06DEL02,34.0,4.6,22.728163,75.884212,22.778163,75.934212,11-03-2022,22:15,22:25,Cloudy,Low,2,Snack,motorcycle,1.0,No,Urban,19,IND,North India,22
0xcd8f,KOLRES04DEL02,37.0,4.8,22.538731,88.364878,22.588731,88.414878,13-02-2022,18:40,18:45,Windy,Medium,0,Buffet,motorcycle,1.0,No,Urban,27,KOL,North India,18
0x2f91,RANCHIRES18DEL03,20.0,4.7,23.351489,85.324253,23.381489,85.354253,05-03-2022,23:25,23:40,Sandstorms,Low,1,Meal,scooter,0.0,No,Urban,12,RAN,North India,23
0x885f,INDORES03DEL01,24.0,4.0,22.751857,75.866699,22.761857,75.876699,03-04-2022,08:40,08:45,Sandstorms,Low,0,Meal,motorcycle,1.0,No,Urban,18,IND,North India,8
0xd854,DEHRES18DEL02,26.0,4.8,0.0,0.0,0.02,0.02,15-02-2022,10:45,10:55,Windy,Low,2,Buffet,electric_scooter,1.0,No,Urban,14,DEH,North India,10
0x4d4f,RANCHIRES18DEL01,28.0,4.6,23.351489,85.324253,23.361489,85.334253,15-03-2022,10:15,10:30,Sandstorms,Low,2,Snack,electric_scooter,1.0,No,Urban,15,RAN,North India,10
0xe17d,DEHRES20DEL03,25.0,4.6,0.0,0.0,0.06,0.06,11-02-2022,22:45,22:55,Sunny,Low,0,Drinks,motorcycle,1.0,No,Urban,10,DEH,North India,22
0xca7b,KOLRES01DEL01,29.0,4.0,22.514688,88.393294,22.624688,88.503294,12-02-2022,18:15,18:20,Fog,Medium,1,Snack,scooter,0.0,No,Urban,37,KOL,North India,18
0x9195,INDORES19DEL01,33.0,4.5,22.745536,75.893106,22.815536,75.963106,25-03-2022,23:25,23:30,Windy,Low,1,Buffet,motorcycle,1.0,No,Urban,26,IND,North India,23
0xdb9e,AGRRES17DEL03,33.0,5.0,27.157772,78.04725,27.297772,78.18725,14-02-2022,20:20,20:30,Fog,Jam,1,Drinks,scooter,0.0,Yes,Urban,45,AGR,North India,20
0x79bf,INDORES05DEL03,37.0,5.0,22.727021,75.884167,22.757021,75.914167,05-03-2022,20:10,20:25,Windy,Jam,0,Meal,motorcycle,1.0,No,Urban,42,IND,North India,20
0xd408,ALHRES03DEL02,26.0,4.8,25.451517,81.832616,25.471517,81.852616,11-02-2022,09:45,09:55,Sandstorms,Low,2,Buffet,scooter,0.0,No,Urban,11,ALH,North India,9
0xac52,INDORES19DEL03,22.0,4.5,22.745536,75.893106,22.775536,75.923106,01-03-2022,20:30,20:40,Windy,Jam,0,Meal,motorcycle,1.0,No,Urban,23,IND,North India,20
0x753a,RANCHIRES07DEL03,29.0,4.9,23.359407,85.325055,23.449407,85.415055,02-03-2022,19:45,0.833333333,Fog,Jam,0,Drinks,motorcycle,1.0,No,Urban,46,RAN,North India,19
0xab2e,RANCHIRES20DEL03,32.0,4.6,23.39925,85.390464,23.48925,85.480464,18-03-2022,20:40,20:55,Fog,Jam,0,Buffet,motorcycle,0.0,No,Urban,49,RAN,North India,20
0xa3a4,JAPRES20DEL03,36.0,4.5,26.956431,75.776649,27.016431,75.836649,09-03-2022,22:40,22:45,Stormy,Low,0,Snack,motorcycle,1.0,No,Urban,30,JAP,North India,22
0x19d5,INDORES13DEL01,33.0,4.4,22.745049,75.892471,22.785049,75.932471,01-04-2022,12:40,12:50,Sandstorms,High,0,Meal,motorcycle,1.0,No,Urban,48,IND,North India,12
0x407c,RANCHIRES02DEL03,36.0,4.6,0.0,0.0,0.03,0.03,15-03-2022,23:50,23:55,Fog,Low,1,Meal,motorcycle,1.0,No,Urban,17,RAN,North India,23
0x444e,RANCHIRES04DEL03,22.0,4.8,23.359033,85.325347,23.419033,85.385347,21-03-2022,22:45,22:50,Windy,Low,1,Meal,scooter,0.0,No,Urban,12,RAN,North India,22
0x47b3,JAPRES010DEL01,35.0,4.7,26.921411,75.793604,26.961411,75.833604,21-03-2022,15:40,15:55,Fog,Medium,1,Drinks,scooter,1.0,No,Urban,15,JAP,North India,15
0xb798,INDORES16DEL02,22.0,4.6,22.744648,75.894377,22.764648,75.914377,11-03-2022,10:10,10:20,Sandstorms,Low,2,Buffet,scooter,0.0,No,Urban,14,IND,North India,10
0xd90c,AGRRES17DEL02,35.0,4.7,27.157772,78.04725,27.287772,78.17725,18-02-2022,22:20,22:25,Stormy,Low,2,Drinks,electric_scooter,0.0,No,Urban,23,AGR,North India,22
0x604b,INDORES010DEL01,29.0,3.9,22.75004,75.902847,22.79004,75.942847,19-03-2022,12:50,13:05,Sunny,High,0,Snack,motorcycle,2.0,No,Urban,44,IND,North India,12
0x8d1e,JAPRES07DEL01,35.0,4.7,26.766536,75.837333,26.806536,75.877333,28-03-2022,14:35,14:50,Sandstorms,High,2,Meal,scooter,0.0,No,Urban,31,JAP,North India,14
0x43bb,RANCHIRES13DEL01,37.0,5.0,23.374989,85.335486,23.384989,85.345486,03-03-2022,10:25,10:30,Fog,Low,1,Meal,motorcycle,1.0,No,Urban,15,RAN,North India,10
0xb503,JAPRES05DEL02,28.0,5.0,26.905287,75.794592,26.985287,75.874592,02-03-2022,22:55,23:10,Stormy,Low,1,Buffet,motorcycle,0.0,No,Urban,13,JAP,North India,22
0xe07f,BHPRES16DEL01,37.0,5.0,23.264015,77.408236,23.304015,77.448236,17-02-2022,15:20,15:35,Fog,Medium,1,Meal,motorcycle,0.0,No,Urban,17,BHP,North India,15
0x3e38,RANCHIRES13DEL01,20.0,4.7,23.374989,85.335486,23.384989,85.345486,26-03-2022,08:35,08:50,Cloudy,Low,2,Snack,scooter,0.0,No,Urban,16,RAN,North India,8
0x6ae6,RANCHIRES08DEL03,39.0,4.0,23.353783,85.326967,23.413783,85.386967,13-03-2022,20:50,21:05,Windy,Jam,0,Meal,motorcycle,1.0,No,Urban,36,RAN,North India,20
0x6e17,INDORES13DEL01,25.0,5.0,22.745049,75.892471,22.755049,75.902471,21-03-2022,08:35,08:50,Sandstorms,Low,1,Snack,scooter,1.0,No,Urban,18,IND,North India,8
0xb8a2,INDORES09DEL03,25.0,4.7,22.725835,75.887648,22.785835,75.947648,11-03-2022,19:35,19:40,Fog,Jam,0,Meal,motorcycle,1.0,No,Urban,27,IND,North India,19
0x5b3b,JAPRES16DEL02,28.0,4.7,26.849596,75.800512,26.869596,75.820512,13-03-2022,08:40,08:50,Cloudy,Low,1,Buffet,scooter,1.0,No,Urban,15,JAP,North India,8
0xafe7,INDORES02DEL01,33.0,4.8,22.651847,75.881991,22.661847,75.891991,09-03-2022,09:20,09:30,Sandstorms,Low,1,Buffet,scooter,0.0,No,Urban,23,IND,North India,9
0xdaa0,LUDHRES07DEL02,25.0,4.6,0.0,0.0,0.05,0.05,15-02-2022,23:20,23:30,Cloudy,Low,2,Meal,scooter,1.0,No,Urban,11,LUD,North India,23
0x4c92,RANCHIRES08DEL01,21.0,4.7,23.353783,85.326967,23.363783,85.336967,03-04-2022,10:45,0.458333333,Sandstorms,Low,1,Meal,motorcycle,1.0,No,Urban,11,RAN,North India,10
0xc155,LUDHRES04DEL02,27.0,4.7,30.914057,75.83982,30.934057,75.85982,11-02-2022,10:50,10:55,Windy,Low,1,Buffet,motorcycle,0.0,No,Urban,11,LUD,North India,10
0x6b89,RANCHIRES13DEL01,23.0,4.9,23.374989,85.335486,23.484989,85.445486,31-03-2022,20:40,20:55,Windy,Jam,2,Drinks,motorcycle,0.0,No,Urban,18,RAN,North India,20
0x3460,JAPRES01DEL02,25.0,4.0,26.90519,75.810753,26.92519,75.830753,09-03-2022,10:10,10:20,Stormy,Low,0,Snack,motorcycle,,No,Urban,15,JAP,North India,10
0x2124,INDORES16DEL03,24.0,4.8,22.744648,75.894377,22.774648,75.924377,07-03-2022,17:35,17:45,Sunny,Medium,2,Snack,scooter,0.0,No,Urban,15,IND,North India,17
0x92c9,INDORES11DEL03,39.0,4.6,22.751234,75.88949,22.781234,75.91949,05-04-2022,22:30,22:40,Fog,Low,2,Buffet,motorcycle,0.0,No,Urban,17,IND,North India,22
0xda7b,KOLRES09DEL02,36.0,4.2,22.515082,88.36783,22.535082,88.38783,15-02-2022,10:45,10:50,Windy,Low,0,Meal,motorcycle,0.0,No,Urban,29,KOL,North India,10
0x4b86,JAPRES15DEL02,39.0,4.8,26.891191,75.802083,26.911191,75.822083,09-03-2022,09:20,09:35,Fog,Low,2,Drinks,electric_scooter,0.0,No,Urban,15,JAP,North India,9
0x9bd,RANCHIRES12DEL02,37.0,4.9,0.0,0.0,0.02,0.02,01-04-2022,10:25,10:35,Sandstorms,Low,2,Snack,scooter,1.0,No,Urban,22,RAN,North India,10
0xd94e,ALHRES02DEL03,35.0,4.8,25.453436,81.833167,25.483436,81.863167,17-02-2022,21:50,21:55,Sunny,Jam,1,Drinks,scooter,1.0,No,Urban,15,ALH,North India,21
0x8821,RANCHIRES08DEL02,22.0,4.7,23.353783,85.326967,23.403783,85.376967,03-04-2022,19:45,19:55,Windy,Jam,2,Drinks,scooter,1.0,No,Urban,28,RAN,North India,19
0x4b9d,JAPRES02DEL01,21.0,4.9,26.914142,75.805704,26.954142,75.845704,09-03-2022,15:20,15:25,Fog,Medium,1,Snack,motorcycle,1.0,No,Urban,18,JAP,North India,15
0xd1c2,KOLRES09DEL01,27.0,4.7,22.515082,88.36783,22.555082,88.40783,15-02-2022,16:35,16:50,Windy,Medium,0,Meal,motorcycle,1.0,No,Urban,29,KOL,North India,16
0xce39,LUDHRES14DEL02,23.0,4.9,30.892978,75.821847,31.022978,75.951847,18-02-2022,20:35,20:50,Sandstorms,Jam,1,Buffet,motorcycle,1.0,No,Urban,25,LUD,North India,20
0xd367,BHPRES14DEL01,26.0,4.2,0.0,0.0,0.01,0.01,15-02-2022,09:15,09:25,Stormy,Low,0,Buffet,motorcycle,1.0,No,Urban,23,BHP,North India,9
0xd671,AGRRES08DEL03,21.0,4.9,27.160934,78.044095,27.250934,78.134095,14-02-2022,19:40,19:50,Sunny,Jam,0,Buffet,motorcycle,1.0,No,Urban,15,AGR,North India,19
0xa780,RANCHIRES18DEL02,27.0,4.6,23.351489,85.324253,23.401489,85.374253,13-03-2022,22:45,22:55,Sandstorms,Low,1,Drinks,motorcycle,0.0,No,Urban,19,RAN,North India,22
0x3001,RANCHIRES12DEL03,35.0,4.5,0.0,0.0,0.06,0.06,28-03-2022,19:50,19:55,Sandstorms,Jam,2,Drinks,electric_scooter,0.0,No,Urban,26,RAN,North India,19
0xd047,KOLRES04DEL02,21.0,4.6,22.538731,88.364878,22.668731,88.494878,14-02-2022,21:10,21:15,Sunny,Jam,2,Drinks,scooter,0.0,No,Urban,11,KOL,North India,21
0xc0d6,ALHRES18DEL03,33.0,5.0,-25.450317,81.831681,25.510317,81.891681,13-02-2022,21:25,21:40,Fog,Jam,2,Buffet,motorcycle,1.0,No,Urban,29,ALH,North India,21
0xe280,ALHRES07DEL01,26.0,4.6,25.449659,81.839744,25.559659,81.949744,12-02-2022,22:50,22:55,Fog,Low,0,Snack,motorcycle,1.0,No,Urban,23,ALH,North India,22
0xb3e8,RANCHIRES02DEL01,28.0,4.7,0.0,0.0,0.07,0.07,02-03-2022,19:10,19:25,Stormy,Jam,1,Buffet,scooter,1.0,No,Urban,21,RAN,North India,19
0x9921,JAPRES01DEL02,33.0,4.8,26.90519,75.810753,27.03519,75.940753,08-03-2022,18:35,18:45,Sunny,Medium,1,Drinks,motorcycle,1.0,No,Urban,18,JAP,North India,18
0x4c73,INDORES12DEL01,30.0,4.9,22.74806,75.8934,22.75806,75.9034,15-03-2022,09:25,09:30,Fog,Low,2,Drinks,electric_scooter,1.0,No,Urban,15,IND,North India,9
0x60a3,JAPRES15DEL01,20.0,4.8,26.891191,75.802083,27.001191,75.912083,23-03-2022,23:25,23:35,Windy,Low,1,Buffet,motorcycle,1.0,No,Urban,13,JAP,North India,23
0x9a56,RANCHIRES04DEL02,26.0,4.9,23.359033,85.325347,23.379033,85.345347,28-03-2022,11:10,11:25,Cloudy,High,1,Buffet,motorcycle,0.0,No,Urban,23,RAN,North India,11
0xc3b7,KNPRES01DEL03,29.0,4.9,26.483672,80.320708,26.573672,80.410708,18-02-2022,22:50,23:05,Fog,Low,1,Snack,motorcycle,,No,Urban,26,KNP,North India,22
0x5146,RANCHIRES07DEL03,24.0,4.9,23.359407,85.325055,23.389407,85.355055,05-03-2022,20:45,0.875,Stormy,Jam,0,Drinks,motorcycle,1.0,No,Urban,17,RAN,North India,20
0x76d5,JAPRES19DEL01,31.0,4.8,26.913726,75.75282,27.023726,75.86282,08-03-2022,17:35,17:45,Fog,Medium,1,Snack,scooter,2.0,No,Urban,38,JAP,North India,17
0x46c7,JAPRES05DEL01,21.0,4.7,26.905287,75.794592,26.945287,75.834592,07-03-2022,12:45,12:50,Sandstorms,High,1,Buffet,motorcycle,1.0,No,Urban,17,JAP,North India,12
0x4557,RANCHIRES08DEL02,21.0,4.9,23.353783,85.326967,23.373783,85.346967,03-03-2022,11:10,11:15,Fog,High,0,Meal,motorcycle,1.0,No,Urban,29,RAN,North India,11
0x79ee,RANCHIRES03DEL02,28.0,4.9,0.0,0.0,0.02,0.02,24-03-2022,10:20,10:25,Sunny,Low,0,Meal,motorcycle,0.0,No,Urban,10,RAN,North India,10
0xd4d6,KOLRES17DEL01,32.0,4.7,22.569358,88.433452,22.579358,88.443452,17-02-2022,10:15,10:30,Sandstorms,Low,1,Drinks,motorcycle,1.0,No,Urban,26,KOL,North India,10
0x38ff,JAPRES01DEL03,27.0,4.7,26.90519,75.810753,26.93519,75.840753,05-04-2022,19:35,19:40,Cloudy,Jam,1,Drinks,motorcycle,0.0,No,Urban,34,JAP,North India,19
0x3a30,INDORES04DEL02,26.0,4.8,22.753659,75.903365,22.883659,76.033365,10-03-2022,17:40,17:50,Sunny,Medium,0,Snack,motorcycle,1.0,No,Urban,28,IND,North India,17
0xc066,ALHRES09DEL02,23.0,4.4,0.0,0.0,0.02,0.02,15-02-2022,10:45,10:55,Stormy,Low,0,Drinks,motorcycle,1.0,No,Urban,23,ALH,North India,10
0xa7eb,RANCHIRES17DEL03,20.0,4.7,23.374878,85.335739,23.404878,85.365739,03-04-2022,18:10,18:15,Sunny,Medium,1,Buffet,motorcycle,0.0,,Urban,14,RAN,North India,18
0x2257,JAPRES17DEL02,22.0,4.6,26.892312,75.806896,26.972313,75.886896,10-03-2022,23:50,1,Fog,Low,2,Snack,motorcycle,1.0,No,Urban,22,JAP,North India,23
0xc814,DEHRES01DEL02,20.0,4.9,0.0,0.0,0.02,0.02,11-02-2022,10:30,10:35,Sandstorms,Low,1,Meal,motorcycle,1.0,No,Urban,14,DEH,North India,10
0x4b52,JAPRES03DEL02,21.0,4.8,26.913483,75.803139,26.963483,75.853139,03-04-2022,17:35,17:50,Sunny,Medium,0,Snack,motorcycle,0.0,No,Urban,17,JAP,North India,17
0xd52d,LUDHRES07DEL01,37.0,4.9,0.0,0.0,0.01,0.01,11-02-2022,09:45,09:55,Cloudy,Low,0,Drinks,motorcycle,1.0,No,Urban,24,LUD,North India,9
0x88a9,JAPRES11DEL02,25.0,4.7,26.90294,75.793007,26.95294,75.843007,03-03-2022,22:15,22:30,Fog,Low,0,Meal,motorcycle,1.0,No,Urban,16,JAP,North India,22
0xb0e6,JAPRES08DEL01,26.0,4.7,26.910262,75.783013,26.980262,75.853013,31-03-2022,19:40,19:55,Windy,Jam,2,Snack,electric_scooter,1.0,No,Urban,21,JAP,North India,19
0xaf32,JAPRES04DEL02,35.0,4.5,26.902328,75.794257,26.952328,75.844257,21-03-2022,21:50,21:55,Sunny,Jam,1,Buffet,motorcycle,0.0,No,Urban,20,JAP,North India,21
0x87cc,INDORES010DEL01,30.0,4.1,22.75004,75.902847,22.76004,75.912847,28-03-2022,10:10,10:15,Sandstorms,Low,0,Buffet,motorcycle,0.0,No,Urban,34,IND,North India,10
0xaa26,JAPRES02DEL02,26.0,4.8,26.914142,75.805704,26.964142,75.855704,26-03-2022,17:10,17:25,Sandstorms,Medium,1,Buffet,motorcycle,1.0,No,Urban,29,JAP,North India,17
0x28f9,JAPRES13DEL02,21.0,4.5,26.846156,75.8023,26.926156,75.8823,18-03-2022,23:35,23:45,Fog,Low,2,Meal,scooter,1.0,No,Urban,25,JAP,North India,23
0x6b0f,INDORES16DEL02,30.0,4.8,22.744648,75.894377,22.794648,75.944377,03-03-2022,17:50,0.75,Windy,Medium,0,Drinks,motorcycle,1.0,No,Urban,26,IND,North India,17
0x1baf,INDORES07DEL01,32.0,4.5,22.722634,75.886959,22.732634,75.896959,19-03-2022,10:25,10:40,Stormy,Low,1,Meal,motorcycle,1.0,No,Urban,20,IND,North India,10
0xc898,BHPRES05DEL01,35.0,4.8,23.214459,77.434976,23.324459,77.544976,18-02-2022,18:50,0.791666667,Cloudy,Medium,1,Buffet,scooter,0.0,No,Urban,35,BHP,North India,18
0x31f8,INDORES18DEL01,28.0,4.8,22.753839,75.897429,22.763838,75.907429,28-03-2022,10:35,10:45,Sunny,Low,2,Drinks,scooter,1.0,No,Urban,15,IND,North India,10
0xc2f7,LUDHRES12DEL02,23.0,4.6,30.893244,75.821817,30.913244,75.841817,15-02-2022,10:50,0.458333333,Fog,Low,2,Buffet,electric_scooter,0.0,No,Urban,14,LUD,North India,10
0x8e35,JAPRES01DEL02,29.0,4.5,26.90519,75.810753,26.95519,75.860753,03-03-2022,18:35,18:40,Cloudy,Medium,2,Meal,electric_scooter,0.0,No,Urban,18,JAP,North India,18
0x7ca2,JAPRES16DEL01,30.0,4.9,26.849596,75.800512,26.889596,75.840512,05-04-2022,15:45,15:50,Cloudy,Medium,1,Drinks,motorcycle,0.0,No,Urban,15,JAP,North India,15
0x7b7d,RANCHIRES18DEL02,34.0,4.2,23.351489,85.324253,23.431489,85.404253,10-03-2022,19:20,19:25,Stormy,Jam,1,Snack,motorcycle,0.0,No,Urban,40,RAN,North India,19
0xc395,ALHRES05DEL01,35.0,4.5,25.457687,81.835585,25.497687,81.875585,13-02-2022,15:50,15:55,Cloudy,Medium,0,Snack,motorcycle,1.0,No,Urban,26,ALH,North India,15
0xcbcc,DEHRES010DEL01,20.0,4.9,30.328174,78.049117,30.398174,78.119117,18-02-2022,22:25,22:30,Sandstorms,Low,2,Drinks,electric_scooter,0.0,No,Urban,15,DEH,North India,22
0xd6e7,BHPRES03DEL01,20.0,4.8,23.214294,77.435361,23.284294,77.505361,18-02-2022,22:30,22:35,Fog,Low,0,Meal,motorcycle,1.0,No,Urban,22,BHP,North India,22
0x74c3,RANCHIRES04DEL01,35.0,4.7,23.359033,85.325347,23.369033,85.335347,28-03-2022,10:20,10:35,Stormy,Low,1,Snack,motorcycle,0.0,No,Urban,28,RAN,North India,10
0x7d2c,JAPRES19DEL03,27.0,4.8,26.913726,75.75282,27.053726,75.89282,16-03-2022,23:50,24:05:00,Stormy,Low,0,Drinks,motorcycle,1.0,No,Urban,17,JAP,North India,23
0xd905,AGRRES02DEL02,25.0,5.0,0.0,0.0,0.13,0.13,18-02-2022,19:45,19:55,Stormy,Jam,2,Snack,scooter,1.0,No,Urban,15,AGR,North India,19
0x5f70,INDORES010DEL01,28.0,4.6,22.75004,75.902847,22.82004,75.972847,04-03-2022,18:25,18:40,Stormy,Medium,2,Buffet,electric_scooter,0.0,No,Urban,20,IND,North India,18
0x58a5,INDORES010DEL03,36.0,4.7,22.75004,75.902847,22.78004,75.932847,17-03-2022,17:25,17:35,Fog,Medium,0,Snack,motorcycle,1.0,No,Urban,28,IND,North India,17
0xaf6a,INDORES16DEL01,38.0,4.1,22.744648,75.894377,22.814648,75.964377,06-04-2022,21:10,21:15,Sunny,Jam,1,Buffet,motorcycle,0.0,No,Urban,34,IND,North India,21
0xd637,BHPRES19DEL03,36.0,5.0,0.0,0.0,0.06,0.06,17-02-2022,22:10,22:15,Fog,Low,2,Buffet,electric_scooter,0.0,No,Urban,17,BHP,North India,22
0xb90e,INDORES05DEL03,28.0,4.8,22.727021,75.884167,22.817021,75.974167,16-03-2022,17:15,17:25,Fog,Medium,0,Buffet,motorcycle,1.0,No,Urban,33,IND,North India,17
0x7770,RANCHIRES14DEL02,28.0,4.1,0.0,0.0,0.05,0.05,09-03-2022,23:40,23:50,Stormy,Low,0,Drinks,motorcycle,1.0,No,Urban,16,RAN,North India,23
0x7d77,RANCHIRES12DEL03,21.0,4.9,0.0,0.0,0.06,0.06,05-04-2022,22:55,23:05,Fog,Low,2,Snack,scooter,0.0,No,Urban,12,RAN,North India,22
0xa19f,JAPRES06DEL01,38.0,4.6,26.911927,75.797282,26.951927,75.837282,30-03-2022,16:25,16:30,Cloudy,Medium,0,Drinks,motorcycle,1.0,No,Urban,27,JAP,North India,16
0x5f67,INDORES03DEL01,22.0,4.8,22.751857,75.866699,22.861857,75.976699,25-03-2022,23:10,23:15,Fog,Low,2,Meal,motorcycle,1.0,No,Urban,23,IND,North India,23
0x4194,INDORES01DEL03,24.0,4.6,22.695207,75.866059,22.785207,75.956059,02-03-2022,18:20,18:25,Sunny,Medium,1,Drinks,motorcycle,0.0,No,Urban,11,IND,North India,18
0x1cd1,JAPRES02DEL01,37.0,4.2,26.914142,75.805704,27.024142,75.915704,02-03-2022,20:30,20:40,Stormy,Jam,0,Meal,motorcycle,2.0,No,Urban,42,JAP,North India,20
0x806f,RANCHIRES09DEL02,26.0,4.6,23.351058,85.325731,23.401058,85.375731,03-03-2022,17:45,17:50,Windy,Medium,2,Buffet,motorcycle,1.0,No,Urban,29,RAN,North India,17
0x7c5a,INDORES12DEL01,28.0,4.7,22.74806,75.8934,22.75806,75.9034,09-03-2022,10:15,10:20,Cloudy,Low,2,Snack,motorcycle,0.0,No,Urban,12,IND,North India,10
0x2fb8,JAPRES12DEL02,35.0,4.1,26.902908,75.792934,27.032908,75.922934,02-03-2022,21:40,21:45,Fog,Jam,1,Drinks,motorcycle,2.0,No,Urban,43,JAP,North India,21
0x8ce6,INDORES12DEL03,35.0,4.3,22.74806,75.8934,22.83806,75.9834,29-03-2022,20:20,20:25,Stormy,Jam,2,Drinks,scooter,1.0,No,Urban,32,IND,North India,20
0xdbf4,KOLRES01DEL02,29.0,4.7,22.514688,88.393294,22.534688,88.413294,17-02-2022,11:15,11:30,Fog,High,2,Drinks,scooter,0.0,No,Urban,23,KOL,North India,11
0x628b,JAPRES12DEL01,21.0,4.8,26.902908,75.792934,27.012908,75.902934,20-03-2022,22:25,22:40,Cloudy,Low,1,Buffet,motorcycle,0.0,No,Urban,24,JAP,North India,22
0x47ff,RANCHIRES07DEL02,27.0,4.9,23.359407,85.325055,23.379407,85.345055,01-03-2022,08:10,08:25,Windy,Low,2,Snack,scooter,1.0,No,Urban,15,RAN,North India,8
0x524c,INDORES16DEL02,22.0,4.6,22.744648,75.894377,22.824648,75.974377,25-03-2022,1,24:15:00,Stormy,Low,2,Meal,scooter,0.0,No,Urban,15,IND,North India,1
0xcee1,KOLRES20DEL03,23.0,4.7,22.514119,88.362504,22.574119,88.422504,13-02-2022,21:20,21:30,Cloudy,Jam,2,Snack,scooter,1.0,No,Urban,34,KOL,North India,21
0xd0b3,AGRRES08DEL03,24.0,4.6,27.160934,78.044095,27.220934,78.104095,17-02-2022,18:45,0.791666667,Cloudy,Medium,1,Meal,motorcycle,1.0,No,Urban,10,AGR,North India,18
0x1c59,INDORES17DEL01,21.0,4.8,22.761226,75.887522,22.771226,75.897522,21-03-2022,10:20,10:30,Sandstorms,Low,1,Meal,motorcycle,1.0,No,Urban,18,IND,North India,10
0xb023,JAPRES03DEL03,26.0,4.7,26.913483,75.803139,27.003483,75.893139,14-03-2022,19:20,19:35,Sandstorms,Jam,2,Meal,electric_scooter,1.0,No,Urban,17,JAP,North India,19
0x92a4,JAPRES11DEL03,33.0,4.3,26.90294,75.793007,26.93294,75.823007,19-03-2022,22:20,22:30,Stormy,Low,0,Drinks,motorcycle,1.0,No,Urban,27,JAP,North India,22
0xd3c8,AGRRES19DEL03,22.0,4.7,0.0,0.0,0.09,0.09,12-02-2022,22:40,22:50,Cloudy,Low,2,Snack,scooter,1.0,No,Urban,20,AGR,North India,22
0xc483,KNPRES04DEL02,24.0,5.0,26.471529,80.313458,26.521529,80.363458,13-02-2022,19:35,19:45,Windy,Jam,2,Snack,scooter,0.0,No,Urban,13,KNP,North India,19
0xd20a,DEHRES07DEL02,21.0,4.8,30.362686,78.06889,30.442686,78.14889,16-02-2022,17:20,17:25,Cloudy,Medium,1,Meal,scooter,1.0,No,Urban,39,DEH,North India,17
0xe21d,LUDHRES08DEL03,28.0,4.7,30.899992,75.831338,30.929992,75.861338,11-02-2022,18:30,18:40,Fog,Medium,2,Buffet,motorcycle,1.0,No,Urban,12,LUD,North India,18
0x2f43,RANCHIRES08DEL03,26.0,5.0,23.353783,85.326967,23.413783,85.386967,09-03-2022,20:50,21:05,Sandstorms,Jam,1,Buffet,scooter,0.0,No,Urban,12,RAN,North India,20
0xc081,KNPRES14DEL01,28.0,4.8,-26.463504,80.372929,26.503504,80.412929,15-02-2022,14:35,14:40,Windy,High,2,Meal,motorcycle,1.0,No,Urban,27,KNP,North India,14
0x406b,RANCHIRES07DEL02,39.0,4.5,23.359407,85.325055,23.439407,85.405055,12-03-2022,18:50,19:05,Sandstorms,Medium,2,Meal,scooter,1.0,No,Urban,30,RAN,North India,18
0xcb5c,KNPRES06DEL01,31.0,4.7,0.0,0.0,0.01,0.01,11-02-2022,10:55,11:10,Fog,Low,1,Meal,motorcycle,1.0,No,Urban,19,KNP,North India,10
0x823b,JAPRES14DEL03,37.0,4.0,26.88842,75.800689,26.97842,75.890689,10-03-2022,20:40,20:45,Fog,Jam,2,Meal,scooter,1.0,No,Urban,37,JAP,North India,20
0x7391,RANCHIRES19DEL02,37.0,4.6,23.333017,85.3172,23.383017,85.3672,01-04-2022,17:20,17:35,Sunny,Medium,1,Buffet,scooter,1.0,No,Urban,24,RAN,North India,17
0x659f,RANCHIRES02DEL01,28.0,4.8,0.0,0.0,0.07,0.07,23-03-2022,19:40,19:55,Sandstorms,Jam,2,Snack,scooter,1.0,No,Urban,23,RAN,North India,19
0xc448,ALHRES15DEL03,20.0,4.9,25.449872,81.836167,25.479872,81.866167,17-02-2022,19:45,19:55,Stormy,Jam,2,Drinks,scooter,1.0,No,Urban,28,ALH,North India,19
0xc61e,KOLRES08DEL01,24.0,4.8,22.53796,88.349843,22.57796,88.389843,17-02-2022,15:15,15:30,Sunny,Medium,2,Snack,motorcycle,0.0,No,Urban,11,KOL,North India,15
0x59a4,JAPRES18DEL03,39.0,4.8,26.913987,75.752891,26.943987,75.782891,05-04-2022,1,24:05:00,Sunny,Low,1,Meal,scooter,,No,Urban,16,JAP,North India,1
0x38fd,RANCHIRES14DEL01,21.0,4.1,0.0,0.0,0.07,0.07,18-03-2022,19:20,19:30,Windy,Jam,0,Snack,motorcycle,1.0,No,Urban,35,RAN,North India,19
0x90e7,RANCHIRES09DEL01,39.0,4.6,23.351058,85.325731,23.361058,85.335731,17-03-2022,11:35,11:40,Sandstorms,High,1,Drinks,motorcycle,1.0,No,Urban,28,RAN,North India,11
0x4687,JAPRES17DEL03,25.0,4.5,26.892312,75.806896,26.982312,75.896896,04-04-2022,17:55,18:05,Fog,Medium,0,Buffet,motorcycle,0.0,No,Urban,42,JAP,North India,17
0x1338,JAPRES18DEL03,28.0,4.6,26.913987,75.752891,27.003987,75.842891,10-03-2022,22:50,0.958333333,Sandstorms,Low,2,Buffet,scooter,0.0,No,Urban,10,JAP,North India,22
0xcc48,LUDHRES14DEL03,21.0,4.9,30.892978,75.821847,31.032978,75.961847,16-02-2022,23:20,23:30,Cloudy,Low,0,Snack,motorcycle,0.0,No,Urban,21,LUD,North India,23
0xc740,KNPRES09DEL02,28.0,5.0,26.473698,80.352677,26.493698,80.372677,17-02-2022,10:50,10:55,Cloudy,Low,2,Snack,motorcycle,0.0,No,Urban,16,KNP,North India,10
0x36d1,INDORES16DEL02,21.0,4.9,22.744648,75.894377,22.764648,75.914377,05-04-2022,10:15,10:25,Stormy,Low,1,Buffet,scooter,0.0,No,Urban,11,IND,North India,10
0xdfe8,LUDHRES09DEL03,25.0,4.7,30.885814,75.786976,30.975814,75.876976,18-02-2022,23:40,23:50,Cloudy,Low,2,Buffet,electric_scooter,1.0,No,Urban,26,LUD,North India,23
0x8108,JAPRES09DEL01,30.0,4.7,26.911378,75.789034,26.921378,75.799034,21-03-2022,08:20,08:30,Cloudy,Low,0,Drinks,motorcycle,1.0,No,Urban,24,JAP,North India,8
0xdd56,KNPRES15DEL02,26.0,4.6,26.482419,80.320939,26.532419,80.370939,13-02-2022,23:20,23:30,Fog,Low,2,Snack,motorcycle,1.0,No,Urban,11,KNP,North India,23
0xaa19,RANCHIRES13DEL01,36.0,3.6,23.374989,85.335486,23.444989,85.405486,23-03-2022,19:35,19:50,Windy,Jam,2,Buffet,motorcycle,0.0,No,Urban,34,RAN,North India,19
0xd541,BHPRES01DEL01,36.0,4.8,23.211529,77.419399,23.281529,77.489399,14-02-2022,1,24:15:00,Sunny,Low,1,Snack,scooter,1.0,No,Urban,22,BHP,North India,1
0xa33f,JAPRES11DEL03,27.0,5.0,26.90294,75.793007,26.93294,75.823007,21-03-2022,18:30,18:35,Fog,Medium,1,Buffet,scooter,1.0,No,Urban,12,JAP,North India,18
0x66be,RANCHIRES13DEL01,22.0,4.7,23.374989,85.335486,23.414989,85.375486,28-03-2022,14:35,14:50,Sandstorms,High,1,Meal,motorcycle,0.0,No,Urban,19,RAN,North India,14
0x7db,RANCHIRES12DEL01,20.0,4.7,0.0,0.0,0.01,0.01,30-03-2022,09:50,10:05,Fog,Low,1,Snack,motorcycle,0.0,No,Urban,19,RAN,North India,9
0xe1b9,LUDHRES02DEL02,38.0,4.8,0.0,0.0,0.05,0.05,17-02-2022,22:50,23:05,Cloudy,Low,0,Meal,motorcycle,1.0,No,Urban,24,LUD,North India,22
0xc1b0,KOLRES01DEL02,25.0,5.0,22.514688,88.393294,22.564688,88.443294,17-02-2022,17:10,17:25,Fog,Medium,1,Snack,motorcycle,1.0,No,Urban,16,KOL,North India,17
0xd0a7,ALHRES08DEL01,28.0,4.8,25.450329,81.834279,25.460329,81.844279,15-02-2022,08:55,0.375,Sunny,Low,1,Drinks,scooter,1.0,No,Urban,20,ALH,North India,8
0x697f,RANCHIRES07DEL03,36.0,4.2,23.359407,85.325055,23.389407,85.355055,28-03-2022,19:55,20:10,Stormy,Jam,0,Buffet,motorcycle,1.0,Yes,Urban,43,RAN,North India,19
0xb12,RANCHIRES19DEL01,32.0,4.7,23.333017,85.3172,23.403017,85.3872,20-03-2022,23:10,23:25,Stormy,Low,2,Drinks,electric_scooter,0.0,No,Urban,27,RAN,North India,23
0xd198,DEHRES18DEL02,32.0,5.0,0.0,0.0,0.13,0.13,14-02-2022,18:50,18:55,Windy,Medium,1,Drinks,motorcycle,0.0,No,Urban,28,DEH,North India,18
0x7cc6,RANCHIRES14DEL03,22.0,4.5,0.0,0.0,0.09,0.09,27-03-2022,22:40,22:45,Stormy,Low,1,Drinks,scooter,0.0,No,Urban,13,RAN,North India,22
0xd92e,KNPRES16DEL02,36.0,4.9,26.482581,80.315628,26.562581,80.395628,12-02-2022,22:30,22:45,Stormy,Low,1,Meal,motorcycle,1.0,No,Urban,23,KNP,North India,22
0x75ec,RANCHIRES03DEL02,36.0,4.6,0.0,0.0,0.02,0.02,15-03-2022,08:45,08:55,Windy,Low,1,Snack,scooter,1.0,No,Urban,28,RAN,North India,8
0x902b,RANCHIRES14DEL01,22.0,4.8,0.0,0.0,0.04,0.04,05-04-2022,13:50,14:05,Cloudy,High,0,Snack,motorcycle,1.0,No,Urban,20,RAN,North India,13
0xaf3a,JAPRES16DEL03,22.0,4.3,26.849596,75.800512,26.939596,75.890512,29-03-2022,20:45,0.875,Stormy,Jam,0,Meal,motorcycle,2.0,No,Urban,37,JAP,North India,20
0xcd0b,KNPRES010DEL01,34.0,4.8,26.47775,80.351569,26.51775,80.391569,17-02-2022,15:20,15:35,Fog,Medium,2,Meal,scooter,1.0,No,Urban,19,KNP,North India,15
0xdae0,DEHRES12DEL03,23.0,4.8,0.0,0.0,0.03,0.03,11-02-2022,17:25,17:40,Cloudy,Medium,1,Snack,scooter,0.0,No,Urban,12,DEH,North India,17
0x4e82,RANCHIRES06DEL02,30.0,4.5,23.357804,85.325146,23.437804,85.405146,06-03-2022,18:50,19:05,Cloudy,Medium,0,Snack,motorcycle,1.0,No,Urban,36,RAN,North India,18
0xb0a1,RANCHIRES18DEL02,27.0,4.9,23.351489,85.324253,23.401489,85.374253,24-03-2022,19:55,20:05,Windy,Jam,2,Snack,motorcycle,1.0,No,Urban,27,RAN,North India,19
0x7ec3,INDORES11DEL01,24.0,4.5,22.751234,75.88949,22.821234,75.95949,06-03-2022,23:25,23:35,Fog,Low,1,Buffet,scooter,1.0,No,Urban,27,IND,North India,23
0xac29,RANCHIRES010DEL01,39.0,4.6,23.354422,85.3329,23.394422,85.3729,15-03-2022,13:15,13:30,Cloudy,High,0,Buffet,motorcycle,1.0,No,Urban,30,RAN,North India,13
0x48df,INDORES01DEL02,27.0,4.5,22.695207,75.866059,22.825207,75.996059,06-03-2022,17:15,17:25,Sunny,Medium,0,Buffet,motorcycle,1.0,No,Urban,16,IND,North India,17
0x23a1,INDORES14DEL01,38.0,4.6,22.761593,75.886362,22.831593,75.956362,12-03-2022,18:20,18:35,Fog,Medium,0,Meal,motorcycle,1.0,No,Urban,36,IND,North India,18
0xd720,AGRRES15DEL01,23.0,4.0,0.0,0.0,0.01,0.01,11-02-2022,10:40,10:45,Sandstorms,Low,0,Meal,motorcycle,1.0,No,Urban,20,AGR,North India,10
0xe0ed,KOLRES010DEL02,21.0,4.6,22.538999,88.322337,22.618999,88.402337,16-02-2022,19:10,19:20,Sunny,Jam,1,Meal,scooter,0.0,No,Urban,23,KOL,North India,19
0x6807,INDORES05DEL02,32.0,4.6,22.727021,75.884167,22.747021,75.904167,17-03-2022,10:35,10:45,Sandstorms,Low,2,Meal,scooter,1.0,No,Urban,25,IND,North India,10
0x2db9,JAPRES17DEL01,33.0,4.8,26.892312,75.806896,27.002312,75.916896,04-03-2022,19:30,19:35,Sunny,Jam,2,Buffet,motorcycle,1.0,No,Urban,22,JAP,North India,19
0xb0a5,RANCHIRES09DEL03,27.0,4.7,23.351058,85.325731,23.381058,85.355731,17-03-2022,21:10,21:25,Sandstorms,Jam,2,Buffet,scooter,1.0,No,Urban,26,RAN,North India,21
0x688c,INDORES04DEL02,24.0,4.0,22.753659,75.903365,22.833659,75.983365,06-03-2022,20:45,0.875,Cloudy,Jam,2,Buffet,scooter,1.0,No,Urban,40,IND,North India,20
0x7378,RANCHIRES14DEL01,21.0,4.6,0.0,0.0,0.01,0.01,13-03-2022,08:30,08:40,Fog,Low,2,Snack,scooter,0.0,No,Urban,13,RAN,North India,8
0x2e5c,INDORES010DEL02,36.0,4.8,22.75004,75.902847,22.88004,76.032847,12-03-2022,17:15,17:20,Fog,Medium,1,Meal,motorcycle,1.0,No,Urban,39,IND,North India,17
0x4a63,INDORES17DEL01,36.0,4.7,22.761226,75.887522,22.771226,75.897522,26-03-2022,08:15,08:25,Stormy,Low,2,Drinks,scooter,1.0,No,Urban,20,IND,North India,8
0x97f5,RANCHIRES12DEL01,25.0,4.8,0.0,0.0,0.01,0.01,05-04-2022,09:35,09:40,Cloudy,Low,0,Meal,motorcycle,1.0,No,Urban,23,RAN,North India,9
0x3833,RANCHIRES010DEL02,25.0,4.7,23.354422,85.3329,23.484422,85.4629,18-03-2022,21:45,21:55,Windy,Jam,1,Snack,motorcycle,1.0,No,Urban,26,RAN,North India,21
0x952f,JAPRES06DEL03,33.0,4.3,26.911927,75.797282,27.001927,75.887282,27-03-2022,19:50,20:05,Cloudy,Jam,1,Meal,scooter,2.0,No,Urban,38,JAP,North India,19
0x33c7,INDORES15DEL03,23.0,4.8,22.760072,75.892574,22.790072,75.922574,11-03-2022,18:50,19:05,Stormy,Medium,0,Drinks,motorcycle,0.0,No,Urban,15,IND,North India,18
0x2cb3,RANCHIRES05DEL01,34.0,4.8,23.355164,85.324097,23.395164,85.364097,13-03-2022,16:40,16:50,Cloudy,Medium,2,Buffet,scooter,1.0,No,Urban,17,RAN,North India,16
0xd9bf,KNPRES19DEL01,20.0,4.7,26.49095,80.318656,26.50095,80.328656,13-02-2022,09:55,10:05,Sandstorms,Low,1,Snack,motorcycle,0.0,No,Urban,10,KNP,North India,9
0x828c,INDORES17DEL02,21.0,4.8,22.761226,75.887522,22.781226,75.907522,11-03-2022,11:45,0.5,Stormy,High,0,Snack,motorcycle,0.0,No,Urban,33,IND,North India,11
0x4c9b,INDORES11DEL01,30.0,4.9,22.751234,75.88949,22.791234,75.92949,21-03-2022,15:25,15:30,Cloudy,Medium,0,Buffet,motorcycle,0.0,No,Urban,28,IND,North India,15
0xa49d,INDORES19DEL02,34.0,4.4,22.745536,75.893106,22.875536,76.023106,20-03-2022,20:15,20:25,Windy,Jam,1,Buffet,motorcycle,0.0,Yes,Urban,41,IND,North India,20
0x3ac6,JAPRES05DEL01,34.0,4.9,26.905287,75.794592,26.915287,75.804592,13-03-2022,09:40,09:45,Stormy,Low,2,Drinks,scooter,1.0,No,Urban,22,JAP,North India,9
0x6cca,INDORES16DEL03,33.0,4.2,22.744648,75.894377,22.774648,75.924377,03-03-2022,18:35,18:40,Sandstorms,Medium,0,Meal,motorcycle,2.0,No,Urban,38,IND,North India,18
0x170e,RANCHIRES08DEL02,27.0,4.9,23.353783,85.326967,23.373783,85.346967,26-03-2022,11:30,11:45,Sandstorms,High,2,Buffet,motorcycle,1.0,No,Urban,20,RAN,North India,11
0xd8f5,LUDHRES09DEL01,34.0,4.7,30.885814,75.786976,30.895814,75.796976,13-02-2022,09:25,09:40,Cloudy,Low,1,Buffet,motorcycle,1.0,No,Urban,18,LUD,North India,9
0xbc97,RANCHIRES15DEL03,35.0,4.3,23.369746,85.33982,23.459746,85.42982,06-04-2022,20:35,20:45,Sandstorms,Jam,2,Drinks,scooter,1.0,No,Urban,43,RAN,North India,20
0xe0de,KNPRES20DEL01,31.0,4.7,26.47,80.35,26.58,80.46,12-02-2022,22:50,0.958333333,Sandstorms,Low,2,Drinks,electric_scooter,0.0,No,Urban,16,KNP,North India,22
0xfaf,INDORES07DEL02,27.0,5.0,22.722634,75.886959,22.852634,76.016959,04-03-2022,19:50,0.833333333,Windy,Jam,2,Buffet,scooter,0.0,No,Urban,15,IND,North India,19
0xc238,KOLRES17DEL01,21.0,4.8,22.569358,88.433452,22.679358,88.543452,12-02-2022,23:15,23:30,Sunny,Low,0,Meal,motorcycle,0.0,No,Urban,21,KOL,North India,23
0xc4ce,ALHRES15DEL01,24.0,4.7,25.449872,81.836167,25.459872,81.846167,15-02-2022,08:40,08:55,Stormy,Low,2,Buffet,motorcycle,0.0,No,Urban,14,ALH,North India,8
0x958e,JAPRES16DEL03,29.0,5.0,26.849596,75.800512,26.909596,75.860512,28-03-2022,19:30,19:45,Stormy,Jam,1,Snack,motorcycle,1.0,No,Urban,24,JAP,North India,19
0x9d67,INDORES03DEL03,23.0,4.6,22.751857,75.866699,22.811857,75.926699,15-03-2022,17:30,17:40,Sandstorms,Medium,2,Drinks,scooter,0.0,No,Urban,28,IND,North India,17
0xd1ab,DEHRES02DEL02,28.0,4.9,0.0,0.0,0.08,0.08,18-02-2022,18:30,18:45,Sandstorms,Medium,2,Snack,scooter,0.0,No,Urban,28,DEH,North India,18
0xd221,DEHRES18DEL01,27.0,5.0,0.0,0.0,0.11,0.11,14-02-2022,22:40,22:50,Windy,Low,2,Buffet,motorcycle,1.0,No,Urban,17,DEH,North India,22
0x836c,INDORES06DEL03,37.0,4.8,22.728163,75.884212,22.788163,75.944212,01-03-2022,20:20,20:25,Cloudy,Jam,0,Snack,motorcycle,1.0,No,Urban,28,IND,North India,20
0x9667,JAPRES16DEL02,31.0,4.9,26.849596,75.800512,26.929596,75.880512,08-03-2022,21:35,21:50,Sunny,Jam,1,Meal,motorcycle,1.0,No,Urban,17,JAP,North India,21
0x1e89,RANCHIRES12DEL01,34.0,4.7,0.0,0.0,0.01,0.01,01-04-2022,09:15,09:25,Sunny,Low,0,Drinks,motorcycle,1.0,No,Urban,29,RAN,North India,9
0x901d,JAPRES11DEL03,22.0,4.8,26.90294,75.793007,26.96294,75.853007,26-03-2022,18:45,18:50,Windy,Medium,1,Meal,motorcycle,0.0,No,Urban,24,JAP,North India,18
0xc5f3,AGRRES08DEL03,26.0,4.6,27.160934,78.044095,27.300934,78.184095,16-02-2022,22:40,22:55,Stormy,Low,1,Snack,scooter,0.0,No,Urban,16,AGR,North India,22
0x6f77,RANCHIRES15DEL01,28.0,4.6,23.369746,85.33982,23.479746,85.44982,29-03-2022,17:50,0.75,Sandstorms,Medium,1,Meal,motorcycle,0.0,No,Urban,19,RAN,North India,17
0x118c,JAPRES03DEL01,26.0,5.0,26.913483,75.803139,26.923483,75.813139,26-03-2022,09:10,09:20,Cloudy,Low,2,Buffet,scooter,0.0,No,Urban,12,JAP,North India,9
0xc524,LUDHRES06DEL02,25.0,4.7,30.895204,75.822103,30.945204,75.872103,15-02-2022,22:55,23:05,Sandstorms,Low,1,Snack,scooter,0.0,No,Urban,15,LUD,North India,22
0xc1ae,KOLRES05DEL02,24.0,4.6,22.527893,88.368628,22.547893,88.388628,13-02-2022,09:40,09:55,Sandstorms,Low,1,Snack,scooter,0.0,No,Urban,11,KOL,North India,9
0xd9ec,KNPRES12DEL01,20.0,4.6,26.492106,80.327797,26.532106,80.367797,11-02-2022,13:20,13:35,Sandstorms,High,0,Meal,motorcycle,0.0,No,Urban,20,KNP,North India,13
0xbdbd,RANCHIRES14DEL03,25.0,4.7,0.0,0.0,0.03,0.03,28-03-2022,22:50,0.958333333,Fog,Low,0,Drinks,motorcycle,1.0,No,Urban,19,RAN,North India,22
0x5888,RANCHIRES12DEL01,28.0,4.8,0.0,0.0,0.11,0.11,04-04-2022,21:35,21:45,Sunny,Jam,0,Snack,motorcycle,1.0,No,Urban,16,RAN,North India,21
0x481c,RANCHIRES15DEL01,36.0,4.8,23.369746,85.33982,23.439746,85.40982,08-03-2022,22:10,22:20,Stormy,Low,2,Buffet,motorcycle,1.0,No,Urban,19,RAN,North India,22
0xca2b,KNPRES01DEL02,32.0,4.7,26.483672,80.320708,26.533672,80.370708,11-02-2022,19:25,19:30,Stormy,Jam,1,Drinks,motorcycle,1.0,No,Urban,29,KNP,North India,19
0xda03,ALHRES13DEL03,36.0,4.9,25.451646,81.832796,25.591646,81.972796,18-02-2022,22:15,22:20,Sunny,Low,2,Buffet,scooter,1.0,No,Urban,20,ALH,North India,22
0xbe6b,JAPRES05DEL03,21.0,4.7,26.905287,75.794592,26.965287,75.854592,13-03-2022,23:25,23:30,Fog,Low,1,Buffet,motorcycle,1.0,No,Urban,15,JAP,North India,23
0xc4cf,AGRRES15DEL03,27.0,4.6,0.0,0.0,0.09,0.09,12-02-2022,19:50,19:55,Sunny,Jam,0,Drinks,motorcycle,1.0,No,Urban,32,AGR,North India,19
0x2045,JAPRES07DEL03,24.0,4.6,26.766536,75.837333,26.906536,75.977333,29-03-2022,23:35,23:50,Sandstorms,Low,1,Meal,scooter,1.0,No,Urban,17,JAP,North India,23
0x6b24,JAPRES14DEL01,22.0,5.0,26.88842,75.800689,26.89842,75.810689,09-03-2022,11:50,12:05,Stormy,High,0,Buffet,motorcycle,1.0,No,Urban,28,JAP,North India,11
0x4673,RANCHIRES09DEL01,34.0,5.0,23.351058,85.325731,23.361058,85.335731,26-03-2022,10:30,10:40,Stormy,Low,1,Meal,motorcycle,1.0,No,Urban,25,RAN,North India,10
0x7e29,JAPRES11DEL01,30.0,4.1,26.90294,75.793007,27.01294,75.903007,12-03-2022,22:20,22:30,Cloudy,Low,2,Drinks,electric_scooter,1.0,No,Urban,39,JAP,North India,22
0x478b,INDORES01DEL01,39.0,4.7,22.695207,75.866059,22.705207,75.876059,01-03-2022,10:25,10:30,Fog,Low,2,Snack,scooter,0.0,No,Urban,15,IND,North India,10
0xb8bc,RANCHIRES18DEL01,30.0,4.5,23.351489,85.324253,23.421489,85.394253,10-03-2022,19:50,0.833333333,Cloudy,Jam,0,Snack,motorcycle,0.0,No,Urban,47,RAN,North India,19
0x773d,RANCHIRES05DEL01,21.0,5.0,23.355164,85.324097,23.425164,85.394097,27-03-2022,18:40,18:45,Cloudy,Medium,2,Snack,scooter,1.0,No,Urban,35,RAN,North India,18
0xc743,DEHRES010DEL03,26.0,5.0,30.328174,78.049117,30.418174,78.139117,14-02-2022,23:35,23:40,Sunny,Low,0,Buffet,motorcycle,1.0,No,Urban,28,DEH,North India,23
0x4da7,JAPRES01DEL02,36.0,4.2,26.90519,75.810753,27.03519,75.940753,29-03-2022,18:15,18:20,Windy,Medium,0,Snack,motorcycle,1.0,No,Urban,46,JAP,North India,18
0x66c4,INDORES20DEL01,24.0,4.8,22.732225,75.874765,22.772225,75.914765,09-03-2022,15:50,0.666666667,Cloudy,Medium,1,Drinks,scooter,0.0,No,Urban,10,IND,North India,15
0xd642,BHPRES03DEL01,38.0,4.9,23.214294,77.435361,23.254294,77.475361,13-02-2022,16:50,16:55,Sunny,Medium,2,Snack,scooter,0.0,No,Urban,22,BHP,North India,16
0xbfbf,BHPRES11DEL02,29.0,5.0,23.233219,77.433571,23.363219,77.563571,18-02-2022,18:15,18:25,Fog,Medium,0,Snack,motorcycle,1.0,No,Urban,32,BHP,North India,18
0xb43c,INDORES05DEL02,31.0,4.7,22.727021,75.884167,22.747021,75.904167,07-03-2022,11:30,11:40,Sunny,High,2,Drinks,scooter,1.0,No,Urban,15,IND,North India,11
0xa3c3,RANCHIRES19DEL01,27.0,4.9,23.333017,85.3172,23.373017,85.3572,07-03-2022,14:40,14:45,Sunny,High,1,Meal,motorcycle,0.0,No,Urban,12,RAN,North India,14
0x84f3,INDORES05DEL02,28.0,5.0,22.727021,75.884167,22.777021,75.934167,03-04-2022,1,24:15:00,Sandstorms,Low,1,Snack,scooter,0.0,No,Urban,15,IND,North India,1
0xc791,KNPRES14DEL02,39.0,4.6,26.463504,80.372929,26.543504,80.452929,14-02-2022,23:45,1,Stormy,Low,0,Drinks,motorcycle,1.0,No,Urban,27,KNP,North India,23
0xb81,JAPRES14DEL01,25.0,4.8,26.88842,75.800689,26.95842,75.870689,06-03-2022,19:10,19:15,Sandstorms,Jam,1,Meal,motorcycle,0.0,No,Urban,26,JAP,North India,19
0xe05b,BHPRES01DEL02,29.0,4.8,23.211529,77.419399,23.291529,77.499399,14-02-2022,22:15,22:20,Sandstorms,Low,1,Meal,scooter,0.0,No,Urban,11,BHP,North India,22
0x336e,RANCHIRES16DEL01,27.0,4.6,23.371292,85.327872,23.411292,85.367872,01-04-2022,12:55,0.541666667,Windy,High,0,Drinks,motorcycle,1.0,No,Urban,24,RAN,North India,12
0xcbab,BHPRES11DEL01,20.0,5.0,23.233219,77.433571,23.343219,77.543571,16-02-2022,22:30,22:35,Windy,Low,1,Meal,motorcycle,0.0,No,Urban,16,BHP,North India,22
0xaf9c,JAPRES010DEL01,22.0,4.7,26.921411,75.793604,26.961411,75.833604,05-04-2022,14:45,0.625,Sunny,High,1,Buffet,motorcycle,1.0,No,Urban,14,JAP,North India,14
0x47bf,JAPRES19DEL01,28.0,4.8,26.913726,75.75282,26.983726,75.82282,18-03-2022,17:15,17:25,Sunny,Medium,1,Snack,scooter,1.0,No,Urban,12,JAP,North India,17
0x3976,RANCHIRES010DEL01,28.0,4.8,23.354422,85.3329,23.464422,85.4429,14-03-2022,22:55,23:05,Stormy,Low,0,Meal,motorcycle,0.0,No,Urban,21,RAN,North India,22
0xdb14,BHPRES14DEL01,28.0,4.8,0.0,0.0,0.01,0.01,17-02-2022,08:55,09:05,Stormy,Low,1,Snack,scooter,0.0,No,Urban,11,BHP,North India,8
0xa36b,RANCHIRES18DEL03,36.0,4.7,23.351489,85.324253,23.441489,85.414253,31-03-2022,19:30,19:40,Fog,Jam,1,Buffet,scooter,1.0,No,Urban,38,RAN,North India,19
0xce2e,BHPRES09DEL02,35.0,4.6,0.0,0.0,0.05,0.05,17-02-2022,18:55,19:10,Windy,Medium,0,Snack,motorcycle,1.0,No,Urban,38,BHP,North India,18
0xd65e,DEHRES12DEL02,32.0,4.0,0.0,0.0,0.08,0.08,12-02-2022,23:35,23:50,Cloudy,Low,0,Buffet,motorcycle,1.0,No,Urban,35,DEH,North India,23
0x4ecc,INDORES06DEL02,25.0,4.9,22.728163,75.884212,22.808163,75.964212,08-03-2022,18:35,18:50,Windy,Medium,2,Meal,scooter,1.0,No,Urban,15,IND,North India,18
0x486b,JAPRES17DEL01,27.0,4.5,26.892312,75.806896,26.962312,75.876896,31-03-2022,21:10,21:25,Sandstorms,Jam,2,Buffet,motorcycle,1.0,No,Urban,25,JAP,North India,21
0xd2de,ALHRES13DEL01,21.0,4.6,25.451646,81.832796,25.521646,81.902796,18-02-2022,22:50,23:05,Fog,Low,1,Snack,scooter,1.0,No,Urban,21,ALH,North India,22
0xa3dd,JAPRES11DEL02,34.0,4.2,26.90294,75.793007,27.03294,75.923007,25-03-2022,18:25,18:30,Stormy,Medium,2,Meal,electric_scooter,,No,Urban,31,JAP,North India,18
0x39c5,INDORES20DEL02,35.0,4.7,22.732225,75.874765,22.812225,75.954765,27-03-2022,21:45,21:50,Fog,Jam,2,Buffet,scooter,1.0,No,Urban,42,IND,North India,21
0x79fd,RANCHIRES08DEL02,38.0,4.6,23.353783,85.326967,23.433783,85.406967,18-03-2022,20:45,20:55,Sunny,Jam,2,Buffet,motorcycle,1.0,No,Urban,22,RAN,North India,20
0x1938,RANCHIRES11DEL02,27.0,4.7,23.359194,85.325447,23.489194,85.455447,08-03-2022,22:30,22:40,Sandstorms,Low,2,Meal,scooter,1.0,No,Urban,17,RAN,North India,22
0x6cbd,JAPRES01DEL02,21.0,4.9,26.90519,75.810753,26.98519,75.890753,02-04-2022,22:15,22:20,Cloudy,Low,0,Buffet,motorcycle,1.0,No,Urban,20,JAP,North India,22
0xe26c,KOLRES09DEL01,30.0,4.4,22.515082,88.36783,22.625082,88.47783,12-02-2022,20:55,21:05,Sunny,Jam,0,Snack,motorcycle,1.0,No,Urban,32,KOL,North India,20
0x3895,RANCHIRES07DEL01,33.0,4.9,23.359407,85.325055,23.369407,85.335055,26-03-2022,10:15,10:30,Windy,Low,2,Meal,electric_scooter,0.0,No,Urban,21,RAN,North India,10
0x42c8,INDORES08DEL01,24.0,4.8,22.725748,75.898497,22.735747,75.908497,28-03-2022,08:20,08:25,Cloudy,Low,2,Snack,motorcycle,1.0,,Urban,13,IND,North India,8
0xb11b,RANCHIRES19DEL02,31.0,4.5,23.333017,85.3172,23.353017,85.3372,01-04-2022,08:25,08:35,Fog,Low,1,Drinks,scooter,1.0,No,Urban,15,RAN,North India,8
0x27e6,JAPRES06DEL02,20.0,4.5,26.911927,75.797282,26.991927,75.877282,02-04-2022,17:25,17:40,Stormy,Medium,1,Drinks,scooter,1.0,No,Urban,17,JAP,North India,17
0xbc0a,JAPRES11DEL01,35.0,4.6,26.90294,75.793007,26.94294,75.833007,07-03-2022,14:50,15:05,Windy,High,2,Drinks,scooter,0.0,No,Urban,25,JAP,North India,14
0xcde0,KOLRES13DEL02,34.0,4.8,22.553227,88.353273,22.683227,88.483273,14-02-2022,17:35,17:40,Fog,Medium,2,Snack,scooter,2.0,No,Urban,44,KOL,North India,17
0xd5c1,AGRRES07DEL02,33.0,4.6,27.160934,78.044095,27.240934,78.124095,14-02-2022,20:30,20:45,Sunny,Jam,2,Meal,scooter,1.0,No,Urban,27,AGR,North India,20
0xaf97,JAPRES18DEL02,37.0,4.6,26.913987,75.752891,27.043987,75.882891,18-03-2022,22:30,22:35,Sandstorms,Low,2,Snack,motorcycle,1.0,No,Urban,19,JAP,North India,22
0xb296,INDORES03DEL02,30.0,4.7,22.751857,75.866699,22.881857,75.996699,31-03-2022,17:25,17:35,Sunny,Medium,1,Drinks,motorcycle,1.0,No,Urban,17,IND,North India,17
0x8f53,INDORES09DEL01,24.0,4.8,22.725835,75.887648,22.765835,75.927648,15-03-2022,13:20,13:35,Cloudy,High,0,Drinks,motorcycle,1.0,No,Urban,21,IND,North India,13
0xa794,JAPRES12DEL03,35.0,4.6,26.902908,75.792934,26.962908,75.852934,03-03-2022,19:15,19:30,Sunny,Jam,2,Drinks,scooter,1.0,No,Urban,16,JAP,North India,19
0xc02a,BHPRES04DEL01,28.0,4.6337736972250205,-23.184992,77.417227,23.254992,77.487227,18-02-2022,17:35,17:45,Sandstorms,Medium,0,Buffet,motorcycle,1.0,No,Urban,23,BHP,North India,17
0xc41,INDORES03DEL01,27.0,4.6,22.751857,75.866699,22.791857,75.906699,03-03-2022,16:25,16:35,Sandstorms,Medium,0,Meal,motorcycle,1.0,No,Urban,15,IND,North India,16
0x774f,RANCHIRES09DEL01,26.0,4.5,23.351058,85.325731,23.391058,85.365731,07-03-2022,13:55,0.583333333,Sunny,High,0,Drinks,motorcycle,1.0,No,Urban,46,RAN,North India,13
0xcaea,AGRRES010DEL02,35.0,3.5,27.163303,78.057044,27.243303,78.137044,12-02-2022,17:25,17:40,Sandstorms,Medium,1,Snack,motorcycle,1.0,No,Urban,31,AGR,North India,17
0x867e,JAPRES13DEL01,30.0,4.9,26.846156,75.8023,26.886156,75.8423,01-03-2022,15:15,15:20,Sunny,Medium,2,Buffet,scooter,0.0,No,Urban,15,JAP,North India,15
0x5efb,RANCHIRES19DEL01,22.0,4.6,23.333017,85.3172,23.343017,85.3272,07-03-2022,08:45,0.375,Fog,Low,1,Drinks,scooter,1.0,No,Urban,15,RAN,North India,8
0x6724,JAPRES03DEL03,35.0,4.5,26.913483,75.803139,27.053483,75.943139,04-04-2022,17:55,0.75,Windy,Medium,1,Buffet,motorcycle,0.0,No,Urban,21,JAP,North India,17
0xa4a7,INDORES11DEL01,23.0,4.5,22.751234,75.88949,22.791234,75.92949,03-03-2022,15:10,15:20,Fog,Medium,0,Drinks,motorcycle,1.0,No,Urban,22,IND,North India,15
0xc5a7,LUDHRES03DEL03,31.0,4.7,30.88722,75.804893,30.91722,75.834893,11-02-2022,17:10,17:20,Sunny,Medium,2,Drinks,motorcycle,1.0,No,Urban,21,LUD,North India,17
0x57b3,INDORES11DEL03,35.0,4.4,22.751234,75.88949,22.811234,75.94949,05-04-2022,23:35,23:40,Stormy,Low,0,Buffet,motorcycle,1.0,No,Urban,28,IND,North India,23
0xd6bd,AGRRES06DEL03,25.0,4.7,0.0,0.0,0.03,0.03,13-02-2022,21:55,22:05,Sandstorms,Jam,2,Drinks,motorcycle,1.0,No,Urban,29,AGR,North India,21
0x4b04,RANCHIRES02DEL01,26.0,4.8,0.0,0.0,0.07,0.07,12-03-2022,17:15,17:25,Windy,Medium,1,Meal,motorcycle,1.0,No,Urban,19,RAN,North India,17
0xca0e,KOLRES01DEL03,20.0,4.7,22.514688,88.393294,22.604688,88.483294,16-02-2022,23:50,24:05:00,Sandstorms,Low,1,Drinks,motorcycle,1.0,No,Urban,19,KOL,North India,23
0xb4f8,INDORES14DEL02,23.0,5.0,22.761593,75.886362,22.891593,76.016362,02-04-2022,23:40,23:45,Windy,Low,2,Meal,motorcycle,1.0,No,Urban,13,IND,North India,23
0x81f6,JAPRES19DEL03,33.0,5.0,26.913726,75.75282,27.003726,75.842821,08-03-2022,20:55,21:10,Sunny,Jam,2,Buffet,scooter,0.0,No,Urban,17,JAP,North India,20
0x5eec,INDORES09DEL01,32.0,4.8,22.725835,75.887648,22.835835,75.997648,23-03-2022,21:30,21:40,Sunny,Jam,1,Snack,scooter,1.0,No,Urban,25,IND,North India,21
0x136b,JAPRES12DEL01,29.0,4.9,26.902908,75.792934,26.942908,75.832934,03-04-2022,13:55,0.583333333,Sunny,High,1,Meal,motorcycle,0.0,No,Urban,10,JAP,North India,13
0xb667,JAPRES01DEL03,26.0,4.6,26.90519,75.810753,26.96519,75.870753,19-03-2022,23:25,23:40,Cloudy,Low,1,Drinks,motorcycle,0.0,No,Urban,13,JAP,North India,23
0xce5e,DEHRES03DEL01,25.0,5.0,30.335259,78.053162,30.375259,78.093162,11-02-2022,15:15,15:30,Windy,Medium,0,Buffet,motorcycle,1.0,No,Urban,13,DEH,North India,15
0x1a20,INDORES16DEL02,38.0,4.9,22.744648,75.894377,22.764648,75.914377,24-03-2022,11:45,0.5,Cloudy,High,2,Buffet,scooter,1.0,No,Urban,38,IND,North India,11
0xce6a,ALHRES19DEL03,32.0,4.6,25.457116,81.859682,25.517116,81.919682,11-02-2022,17:20,17:25,Sunny,Medium,0,Buffet,motorcycle,1.0,No,Urban,22,ALH,North India,17
0xd8b7,LUDHRES13DEL01,23.0,4.9,30.893234,75.82172,30.963234,75.89172,16-02-2022,21:10,21:15,Windy,Jam,0,Drinks,motorcycle,1.0,No,Urban,28,LUD,North India,21
0xad31,RANCHIRES07DEL01,39.0,4.0,23.359407,85.325055,23.369407,85.335055,19-03-2022,11:35,11:45,Fog,High,1,Buffet,scooter,1.0,No,Urban,31,RAN,North India,11
0xdb0e,KNPRES17DEL03,35.0,4.4,26.483042,80.317833,26.543042,80.377833,13-02-2022,19:20,19:30,Stormy,Jam,0,Snack,motorcycle,2.0,No,Urban,37,KNP,North India,19
0x10ee,JAPRES02DEL02,39.0,4.8,26.914142,75.805704,26.934142,75.825704,01-04-2022,08:20,08:30,Fog,Low,2,Meal,scooter,1.0,No,Urban,19,JAP,North India,8
0xbf4,RANCHIRES11DEL01,39.0,5.0,23.359194,85.325447,23.399194,85.365447,11-03-2022,12:25,12:35,Fog,High,1,Drinks,motorcycle,1.0,No,Urban,29,RAN,North India,12
0x9df9,JAPRES05DEL01,37.0,4.5,26.905287,75.794592,26.945287,75.834592,30-03-2022,16:30,16:45,Fog,Medium,2,Drinks,scooter,1.0,No,Urban,17,JAP,North India,16
0x5bb2,INDORES18DEL02,32.0,4.6,22.753839,75.897429,22.803839,75.947429,09-03-2022,20:35,20:40,Fog,Jam,0,Buffet,motorcycle,1.0,No,Urban,30,IND,North India,20
0xb070,JAPRES19DEL01,25.0,4.7,26.913726,75.75282,26.923726,75.762821,01-03-2022,08:25,08:30,Stormy,Low,2,Snack,motorcycle,1.0,No,Urban,11,JAP,North India,8
0x94ab,INDORES05DEL01,30.0,4.9,22.727021,75.884167,22.797021,75.954167,02-04-2022,17:10,17:20,Sunny,Medium,0,Drinks,motorcycle,1.0,No,Urban,34,IND,North India,17
0x46cd,RANCHIRES18DEL03,38.0,4.6,23.351489,85.324253,23.411489,85.384253,05-03-2022,21:35,21:50,Stormy,Jam,1,Snack,motorcycle,1.0,No,Urban,33,RAN,North India,21
0xd4ef,AGRRES15DEL02,38.0,4.8,0.0,0.0,0.05,0.05,13-02-2022,18:10,18:25,Sunny,Medium,0,Meal,motorcycle,0.0,No,Urban,22,AGR,North India,18
0x861e,RANCHIRES010DEL01,24.0,4.9,23.354422,85.3329,23.394422,85.3729,03-04-2022,13:45,13:50,Sandstorms,High,0,Meal,motorcycle,0.0,No,Urban,31,RAN,North India,13
0xc0d,INDORES17DEL02,21.0,4.5,22.761226,75.887522,22.841226,75.967522,12-03-2022,18:30,18:35,Windy,Medium,1,Buffet,motorcycle,0.0,No,Urban,21,IND,North India,18
0xc608,LUDHRES06DEL01,22.0,4.5,30.895204,75.822103,30.935204,75.862103,11-02-2022,15:45,0.666666667,Sunny,Medium,0,Meal,motorcycle,1.0,No,Urban,21,LUD,North India,15
0x1aee,RANCHIRES11DEL01,35.0,4.6,23.359194,85.325447,23.469194,85.435447,08-03-2022,18:25,18:30,Sunny,Medium,2,Meal,electric_scooter,0.0,No,Urban,18,RAN,North India,18
0xc8c2,BHPRES01DEL02,23.0,4.9,23.211529,77.419399,23.231529,77.439399,13-02-2022,10:50,10:55,Windy,Low,1,Buffet,scooter,1.0,No,Urban,11,BHP,North India,10
0xc857,DEHRES01DEL03,35.0,4.7,0.0,0.0,0.09,0.09,14-02-2022,17:55,0.75,Windy,Medium,0,Drinks,motorcycle,0.0,No,Urban,44,DEH,North India,17
0xa4d3,JAPRES01DEL01,32.0,4.8,26.90519,75.810753,26.91519,75.820753,13-03-2022,08:50,0.375,Sunny,Low,1,Drinks,motorcycle,0.0,No,Urban,13,JAP,North India,8
0xcb08,KNPRES13DEL02,35.0,4.5,26.481547,80.299775,26.611547,80.429775,14-02-2022,20:30,20:35,Windy,Jam,1,Snack,scooter,1.0,No,Urban,36,KNP,North India,20
0xa38d,INDORES03DEL01,28.0,4.6,22.751857,75.866699,22.761857,75.876699,07-03-2022,11:45,11:50,Fog,High,0,Snack,motorcycle,1.0,No,Urban,20,IND,North India,11
0xd50a,LUDHRES12DEL03,33.0,4.6,30.893244,75.821817,30.923244,75.851817,17-02-2022,20:35,20:40,Sunny,Jam,2,Drinks,motorcycle,0.0,No,Urban,22,LUD,North India,20
0xdff6,DEHRES15DEL01,22.0,4.9,0.0,0.0,0.01,0.01,13-02-2022,08:25,08:35,Fog,Low,1,Drinks,motorcycle,0.0,No,Urban,15,DEH,North India,8
0xbb8d,JAPRES010DEL02,33.0,4.2,26.921411,75.793604,27.051411,75.923604,14-03-2022,19:20,19:35,Stormy,Jam,1,Snack,scooter,2.0,No,Urban,43,JAP,North India,19
0x6979,INDORES01DEL02,22.0,4.7,22.695207,75.866059,22.715207,75.886059,17-03-2022,10:30,10:35,Stormy,Low,2,Drinks,motorcycle,1.0,No,Urban,17,IND,North India,10
0xefc,JAPRES02DEL02,39.0,4.7,26.914142,75.805704,26.964142,75.855704,24-03-2022,22:45,22:50,Fog,Low,2,Drinks,motorcycle,1.0,No,Urban,17,JAP,North India,22
0xc2dd,KNPRES08DEL02,29.0,4.7,0.0,0.0,0.02,0.02,17-02-2022,11:35,11:40,Fog,High,0,Drinks,motorcycle,0.0,No,Urban,22,KNP,North India,11
0x6d29,RANCHIRES07DEL02,27.0,4.9,23.359407,85.325055,23.439407,85.405055,10-03-2022,21:10,21:25,Sunny,Jam,1,Snack,motorcycle,1.0,No,Urban,24,RAN,North India,21
0x8751,JAPRES03DEL01,38.0,4.7,26.913483,75.803139,26.923483,75.813139,30-03-2022,09:25,09:30,Cloudy,Low,2,Meal,scooter,1.0,No,Urban,15,JAP,North India,9
0x4eb8,JAPRES01DEL03,21.0,4.9,26.90519,75.810753,26.96519,75.870753,26-03-2022,23:35,23:45,Sunny,Low,1,Buffet,scooter,1.0,No,Urban,22,JAP,North India,23
0x670f,INDORES08DEL01,26.0,4.7,22.725748,75.898497,22.835748,76.008497,02-03-2022,23:30,23:35,Sandstorms,Low,1,Snack,scooter,0.0,No,Urban,18,IND,North India,23
0xac0d,JAPRES03DEL03,23.0,4.6,26.913483,75.803139,27.053483,75.943139,06-04-2022,20:15,20:25,Sandstorms,Jam,1,Meal,motorcycle,1.0,No,Urban,21,JAP,North India,20
0xd83f,KNPRES20DEL01,24.0,4.9,26.47,80.35,26.51,80.39,17-02-2022,12:55,0.541666667,Stormy,High,1,Meal,scooter,1.0,No,Urban,21,KNP,North India,12
0xe0ad,AGRRES04DEL02,23.0,4.5,27.195928,77.998092,27.245928,78.048092,15-02-2022,20:25,20:30,Fog,Jam,2,Buffet,motorcycle,1.0,No,Urban,30,AGR,North India,20
0xa92f,JAPRES18DEL01,33.0,4.6,26.913987,75.752891,26.953987,75.792891,21-03-2022,13:55,14:05,Windy,High,0,Drinks,motorcycle,2.0,No,Urban,41,JAP,North India,13
0x57d1,JAPRES010DEL02,22.0,4.7,26.921411,75.793604,26.971411,75.843604,13-03-2022,19:15,19:30,Cloudy,Jam,0,Snack,motorcycle,1.0,No,Urban,29,JAP,North India,19
0xd441,AGRRES03DEL03,32.0,4.4,27.160832,78.011608,27.190832,78.041608,11-02-2022,18:15,18:25,Stormy,Medium,2,Drinks,scooter,1.0,No,Urban,32,AGR,North India,18
0x769c,INDORES03DEL03,29.0,4.8,22.751857,75.866699,22.781857,75.896699,09-03-2022,20:40,20:45,Sandstorms,Jam,2,Drinks,scooter,1.0,No,Urban,13,IND,North India,20
0x2c3d,JAPRES02DEL03,22.0,4.8,26.914142,75.805704,26.944142,75.835704,28-03-2022,23:35,23:40,Fog,Low,2,Snack,electric_scooter,0.0,No,Urban,13,JAP,North India,23
0x58ff,INDORES010DEL03,36.0,4.8,22.75004,75.902847,22.78004,75.932847,19-03-2022,21:15,21:30,Sunny,Jam,0,Snack,motorcycle,1.0,No,Urban,22,IND,North India,21
0x31c4,JAPRES010DEL03,32.0,4.8,26.921411,75.793604,26.951411,75.823604,05-04-2022,22:10,22:15,Fog,Low,0,Snack,motorcycle,1.0,No,Urban,29,JAP,North India,22
0x27af,JAPRES02DEL03,24.0,4.8,26.914142,75.805704,26.974142,75.865704,03-03-2022,17:45,17:55,Fog,Medium,2,Snack,electric_scooter,0.0,No,Urban,13,JAP,North India,17
0xd0fe,KNPRES16DEL01,34.0,4.7,26.482581,80.315628,26.492581,80.325628,13-02-2022,08:20,08:30,Sandstorms,Low,2,Buffet,motorcycle,0.0,No,Urban,22,KNP,North India,8
0xc34c,KOLRES03DEL01,28.0,4.4,22.526461,88.364453,22.566461,88.404453,13-02-2022,13:35,13:45,Windy,High,0,Drinks,motorcycle,1.0,No,Urban,32,KOL,North India,13
0xd6a8,ALHRES04DEL01,24.0,4.8,0.0,0.0,0.04,0.04,15-02-2022,16:30,16:40,Cloudy,Medium,1,Snack,scooter,0.0,No,Urban,14,ALH,North India,16
0xa1a,RANCHIRES11DEL03,22.0,4.9,23.359194,85.325447,23.449194,85.415447,20-03-2022,22:10,22:20,Cloudy,Low,0,Drinks,motorcycle,0.0,No,Urban,22,RAN,North India,22
0x7316,INDORES06DEL01,21.0,4.9,22.728163,75.884212,22.738163,75.894212,09-03-2022,08:35,08:50,Fog,Low,1,Drinks,scooter,1.0,No,Urban,14,IND,North India,8
0x2a3d,INDORES03DEL01,35.0,4.2,22.751857,75.866699,22.861857,75.976699,31-03-2022,23:30,23:35,Fog,Low,0,Buffet,motorcycle,1.0,No,Urban,43,IND,North India,23
0x821a,INDORES19DEL01,30.0,4.1,22.745536,75.893106,22.815536,75.963106,16-03-2022,22:10,22:15,Cloudy,Low,1,Meal,scooter,2.0,No,Urban,37,IND,North India,22
0xd73b,KNPRES02DEL01,35.0,4.7,26.471617,80.313564,26.511617,80.353564,15-02-2022,16:25,16:30,Windy,Medium,0,Snack,motorcycle,1.0,No,Urban,32,KNP,North India,16
0x4a21,JAPRES08DEL03,25.0,4.8,26.910262,75.783013,26.970262,75.843013,26-03-2022,21:15,21:30,Sandstorms,Jam,2,Meal,electric_scooter,1.0,No,Urban,14,JAP,North India,21
0x5015,RANCHIRES15DEL03,32.0,5.0,23.369746,85.33982,23.429746,85.39982,11-03-2022,23:50,23:55,Cloudy,Low,2,Meal,scooter,1.0,No,Urban,18,RAN,North India,23
0xd607,LUDHRES08DEL01,36.0,5.0,30.899992,75.831338,30.939992,75.871338,17-02-2022,16:20,16:35,Cloudy,Medium,0,Drinks,motorcycle,1.0,No,Urban,30,LUD,North India,16
0xe128,LUDHRES13DEL01,29.0,4.8,30.893234,75.82172,30.933234,75.86172,17-02-2022,12:25,12:40,Sunny,High,2,Drinks,scooter,0.0,No,Urban,12,LUD,North India,12
0xdafa,BHPRES07DEL02,25.0,4.9,0.0,0.0,0.02,0.02,17-02-2022,10:35,10:40,Windy,Low,1,Meal,motorcycle,0.0,No,Urban,11,BHP,North India,10
0x91f3,INDORES19DEL03,27.0,4.8,22.745536,75.893106,22.805536,75.953106,30-03-2022,21:40,21:55,Sunny,Jam,2,Snack,motorcycle,0.0,No,Urban,11,IND,North India,21
0x8ca0,INDORES01DEL01,20.0,4.8,22.695207,75.866059,22.805207,75.976059,10-03-2022,20:55,0.875,Stormy,Jam,2,Snack,motorcycle,0.0,No,Urban,22,IND,North India,20
0xd867,KOLRES06DEL01,38.0,4.8,22.533662,88.366217,22.543662,88.376217,15-02-2022,08:25,08:30,Sandstorms,Low,1,Drinks,scooter,1.0,No,Urban,23,KOL,North India,8
0xda0c,AGRRES06DEL01,33.0,4.7,0.0,0.0,0.11,0.11,18-02-2022,18:10,18:25,Sunny,Medium,2,Snack,motorcycle,1.0,No,Urban,20,AGR,North India,18
0x3a9c,INDORES20DEL02,23.0,4.6,22.732225,75.874765,22.752225,75.894765,05-03-2022,10:35,10:40,Cloudy,Low,1,Meal,scooter,1.0,No,Urban,14,IND,North India,10
0xbb93,INDORES13DEL03,30.0,4.6,22.745049,75.892471,22.775049,75.922471,11-03-2022,20:20,20:30,Windy,Jam,0,Snack,motorcycle,1.0,No,Urban,39,IND,North India,20
0x6644,RANCHIRES15DEL03,25.0,4.9,23.369746,85.33982,23.459746,85.42982,31-03-2022,22:10,22:25,Sandstorms,Low,2,Meal,scooter,0.0,No,Urban,12,RAN,North India,22
0x881e,JAPRES05DEL01,28.0,5.0,26.905287,75.794592,27.015287,75.904592,02-04-2022,21:25,21:30,Stormy,Jam,2,Snack,scooter,1.0,No,Urban,20,JAP,North India,21
0x84c4,INDORES07DEL01,30.0,4.9,22.722634,75.886959,22.832634,75.996959,06-03-2022,20:55,21:10,Sunny,Jam,2,Drinks,electric_scooter,1.0,No,Urban,19,IND,North India,20
0xbc55,JAPRES11DEL02,33.0,4.3,26.90294,75.793007,26.98294,75.873007,08-03-2022,23:30,23:45,Cloudy,Low,1,Drinks,motorcycle,1.0,No,Urban,34,JAP,North India,23
0xc227,KNPRES17DEL02,28.0,4.7,26.483042,80.317833,26.503042,80.337833,15-02-2022,10:20,10:30,Cloudy,Low,2,Snack,scooter,0.0,No,Urban,16,KNP,North India,10
0x76c8,JAPRES17DEL02,28.0,4.5,26.892312,75.806896,26.972313,75.886896,12-03-2022,22:25,22:35,Cloudy,Low,0,Buffet,motorcycle,0.0,No,Urban,21,JAP,North India,22
0x1a45,JAPRES14DEL03,25.0,4.5,26.88842,75.800689,26.94842,75.860689,01-04-2022,22:55,0.958333333,Sandstorms,Low,0,Drinks,motorcycle,0.0,No,Urban,17,JAP,North India,22
0xad46,JAPRES15DEL01,21.0,4.9,26.891191,75.802083,26.901191,75.812083,03-03-2022,10:45,0.458333333,Stormy,Low,2,Meal,scooter,0.0,No,Urban,10,JAP,North India,10
0x9d61,RANCHIRES01DEL03,31.0,4.4,23.416792,85.316842,23.446792,85.346842,09-03-2022,21:45,0.916666667,Windy,Jam,2,Meal,scooter,1.0,No,Urban,32,RAN,North India,21
0x10e9,JAPRES03DEL02,32.0,4.7,26.913483,75.803139,27.043483,75.933139,31-03-2022,21:40,21:45,Fog,Jam,1,Meal,motorcycle,1.0,No,Urban,36,JAP,North India,21
0xc9b9,BHPRES15DEL01,23.0,4.7,23.234249,77.434007,23.304249,77.504007,18-02-2022,22:30,22:45,Sandstorms,Low,1,Meal,scooter,1.0,No,Urban,19,BHP,North India,22
0xad62,JAPRES20DEL01,26.0,4.6,26.956431,75.776649,26.996431,75.816649,28-03-2022,14:50,0.625,Windy,High,2,Drinks,scooter,0.0,No,Urban,11,JAP,North India,14
0x701c,INDORES04DEL01,37.0,4.3,22.753659,75.903365,22.793659,75.943365,01-03-2022,13:55,0.583333333,Stormy,High,0,Meal,motorcycle,1.0,No,Urban,35,IND,North India,13
0xce3e,KNPRES13DEL02,23.0,4.9,26.481547,80.299775,26.561547,80.379775,16-02-2022,18:10,18:15,Fog,Medium,2,Snack,scooter,1.0,No,Urban,28,KNP,North India,18
0xda84,DEHRES02DEL01,28.0,5.0,0.0,0.0,0.11,0.11,16-02-2022,18:35,18:50,Cloudy,Medium,1,Snack,motorcycle,,No,Urban,39,DEH,North India,18
0xdc02,KNPRES18DEL02,38.0,4.7,26.474133,80.3481,26.524133,80.3981,11-02-2022,23:25,23:40,Cloudy,Low,1,Drinks,scooter,0.0,No,Urban,17,KNP,North India,23
0x5e9e,RANCHIRES18DEL02,21.0,4.5,23.351489,85.324253,23.481489,85.454253,20-03-2022,19:20,19:35,Sunny,Jam,0,Drinks,motorcycle,1.0,No,Urban,20,RAN,North India,19
0x6849,JAPRES11DEL03,20.0,4.9,26.90294,75.793007,26.93294,75.823007,24-03-2022,20:55,21:05,Fog,Jam,2,Meal,scooter,1.0,No,Urban,25,JAP,North India,20
0x3e4e,JAPRES13DEL02,39.0,4.9,26.846156,75.8023,26.976156,75.9323,31-03-2022,17:50,17:55,Sandstorms,Medium,2,Drinks,electric_scooter,1.0,No,Urban,23,JAP,North India,17
0xc824,DEHRES04DEL03,38.0,4.6,30.340722,78.060221,30.430722,78.150221,14-02-2022,19:15,19:25,Sandstorms,Jam,0,Meal,motorcycle,1.0,No,Urban,35,DEH,North India,19
0x8aeb,JAPRES19DEL01,24.0,5.0,26.913726,75.75282,26.983726,75.82282,23-03-2022,18:20,18:30,Windy,Medium,1,Drinks,motorcycle,1.0,No,Urban,24,JAP,North India,18
0xd83c,LUDHRES08DEL02,34.0,4.8,30.899992,75.831338,30.949992,75.881338,11-02-2022,19:55,0.833333333,Cloudy,Jam,2,Meal,scooter,1.0,No,Urban,34,LUD,North India,19
0x6368,INDORES05DEL01,37.0,4.6,22.727021,75.884167,22.797021,75.954167,06-03-2022,17:20,17:35,Sunny,Medium,0,Snack,motorcycle,1.0,No,Urban,32,IND,North India,17
0xcd1a,BHPRES07DEL01,28.0,4.9,0.0,0.0,0.04,0.04,17-02-2022,14:25,14:35,Sandstorms,High,1,Snack,motorcycle,0.0,No,Urban,21,BHP,North India,14
0x9eef,INDORES19DEL02,35.0,4.6,22.745536,75.893106,22.765536,75.913106,26-03-2022,11:30,11:45,Stormy,High,0,Buffet,motorcycle,2.0,No,Urban,39,IND,North India,11
0x5c82,JAPRES010DEL03,22.0,5.0,26.921411,75.793604,26.951411,75.823604,05-03-2022,19:10,19:15,Fog,Jam,0,Meal,motorcycle,1.0,No,Urban,23,JAP,North India,19
0xb428,JAPRES19DEL02,24.0,3.7,26.913726,75.75282,26.963726,75.80282,24-03-2022,20:15,20:30,Sunny,Jam,0,Drinks,motorcycle,1.0,Yes,Urban,45,JAP,North India,20
0x82b6,JAPRES07DEL02,36.0,4.9,26.766536,75.837333,26.786536,75.857333,15-03-2022,11:35,11:50,Sunny,High,1,Meal,scooter,1.0,No,Urban,15,JAP,North India,11
0xc602,AGRRES18DEL01,35.0,4.7,27.161694,78.034714,27.231694,78.104714,18-02-2022,23:55,24:05:00,Sunny,Low,1,Snack,motorcycle,1.0,No,Urban,17,AGR,North India,23
0x7d68,RANCHIRES18DEL03,26.0,4.7,23.351489,85.324253,23.381489,85.354253,05-04-2022,20:10,20:15,Cloudy,Jam,0,Snack,motorcycle,0.0,No,Urban,28,RAN,North India,20
0x30d6,RANCHIRES18DEL02,23.0,4.8,23.351489,85.324253,23.371489,85.344253,05-04-2022,10:55,11:05,Sunny,Low,2,Drinks,electric_scooter,1.0,No,Urban,22,RAN,North India,10
0xd785,ALHRES010DEL02,20.0,4.9,0.0,0.0,0.02,0.02,13-02-2022,10:35,10:45,Stormy,Low,1,Snack,scooter,1.0,No,Urban,13,ALH,North India,10
0x563f,INDORES07DEL02,26.0,4.8,22.722634,75.886959,22.742634,75.906959,28-03-2022,09:40,09:50,Fog,Low,1,Drinks,motorcycle,1.0,No,Urban,13,IND,North India,9
0x272e,RANCHIRES08DEL01,26.0,4.9,23.353783,85.326967,23.423783,85.396967,29-03-2022,22:20,22:35,Sandstorms,Low,1,Snack,scooter,0.0,No,Urban,17,RAN,North India,22
0x94ff,RANCHIRES02DEL03,29.0,4.7,0.0,0.0,0.03,0.03,01-03-2022,18:40,18:55,Fog,Medium,1,Drinks,motorcycle,,No,Urban,14,RAN,North India,18
0x3f54,INDORES16DEL02,24.0,4.5,22.744648,75.894377,22.764648,75.914377,15-03-2022,08:10,08:15,Fog,Low,1,Meal,scooter,1.0,No,Urban,11,IND,North India,8
0x3dc0,JAPRES11DEL01,31.0,4.9,26.90294,75.793007,26.97294,75.863007,29-03-2022,1,24:05:00,Windy,Low,0,Snack,motorcycle,1.0,No,Urban,26,JAP,North India,1
0xbd36,INDORES15DEL01,29.0,4.6,22.760072,75.892574,22.770072,75.902574,01-04-2022,10:45,0.458333333,Cloudy,Low,1,Buffet,motorcycle,,No,Urban,11,IND,North India,10
0xc1c6,DEHRES08DEL02,24.0,4.9,30.359722,78.067079,30.409722,78.117079,17-02-2022,22:20,22:30,Stormy,Low,2,Snack,scooter,1.0,No,Urban,10,DEH,North India,22
0x6bb6,JAPRES18DEL02,34.0,4.5,26.913987,75.752891,26.963987,75.802891,13-03-2022,17:15,17:25,Windy,Medium,0,Buffet,motorcycle,,No,Urban,27,JAP,North India,17
0x8dc8,JAPRES14DEL02,31.0,3.9,26.88842,75.800689,27.01842,75.930689,27-03-2022,19:15,19:25,Sandstorms,Jam,2,Snack,scooter,1.0,No,Urban,41,JAP,North India,19
0xc712,KOLRES19DEL02,21.0,4.9,22.5491,88.400467,22.6291,88.480467,18-02-2022,19:30,19:45,Fog,Jam,0,Snack,motorcycle,1.0,No,Urban,41,KOL,North India,19
0x3f2f,RANCHIRES01DEL03,24.0,4.5,23.416792,85.316842,23.476792,85.376842,15-03-2022,17:25,17:40,Stormy,Medium,2,Buffet,scooter,1.0,No,Urban,26,RAN,North India,17
0xdda3,BHPRES12DEL01,27.0,4.9,0.0,0.0,0.04,0.04,11-02-2022,16:45,16:50,Stormy,Medium,1,Snack,scooter,,No,Urban,28,BHP,North India,16
0x3ba4,JAPRES03DEL01,23.0,4.7,26.913483,75.803139,27.023483,75.913139,25-03-2022,20:55,21:05,Windy,Jam,2,Snack,electric_scooter,1.0,No,Urban,24,JAP,North India,20
0x7005,INDORES11DEL03,21.0,4.6,22.751234,75.88949,22.781234,75.91949,15-03-2022,23:50,1,Sunny,Low,0,Drinks,motorcycle,1.0,No,Urban,13,IND,North India,23
0x865f,RANCHIRES01DEL02,37.0,4.9,23.416792,85.316842,23.436792,85.336842,01-04-2022,09:30,09:35,Sunny,Low,1,Drinks,motorcycle,1.0,No,Urban,14,RAN,North India,9
0xaeb,JAPRES15DEL03,28.0,4.9,26.891191,75.802083,27.031191,75.942083,14-03-2022,22:35,22:50,Fog,Low,1,Snack,scooter,1.0,No,Urban,25,JAP,North India,22
0x416a,JAPRES18DEL03,27.0,4.7,26.913987,75.752891,26.973987,75.812891,15-03-2022,21:50,22:05,Windy,Jam,2,Drinks,motorcycle,1.0,No,Urban,14,JAP,North India,21
0xc481,KNPRES19DEL02,21.0,5.0,26.49095,80.318656,26.51095,80.338656,11-02-2022,09:45,09:50,Sandstorms,Low,1,Snack,motorcycle,1.0,No,Urban,19,KNP,North India,9
0xcfab,LUDHRES01DEL03,20.0,4.5,30.873988,75.842739,30.933988,75.902739,13-02-2022,21:55,22:05,Sandstorms,Jam,2,Snack,motorcycle,1.0,No,Urban,29,LUD,North India,21
0x6065,JAPRES010DEL03,37.0,4.1,26.921411,75.793604,27.061411,75.933604,27-03-2022,19:30,19:35,Stormy,Jam,0,Meal,motorcycle,1.0,No,Urban,35,JAP,North India,19
0x7bc0,JAPRES15DEL01,32.0,4.7,26.891191,75.802083,26.931191,75.842083,13-03-2022,13:45,0.583333333,Sunny,High,2,Buffet,scooter,1.0,No,Urban,16,JAP,North India,13
0x3c4c,INDORES010DEL01,38.0,5.0,22.75004,75.902847,22.79004,75.942847,15-03-2022,14:45,14:50,Sandstorms,High,0,Drinks,motorcycle,3.0,No,Urban,48,IND,North India,14
0xd21f,KNPRES03DEL02,27.0,4.7,26.469003,80.316344,26.489003,80.336344,17-02-2022,10:15,10:25,Cloudy,Low,2,Meal,electric_scooter,1.0,No,Urban,16,KNP,North India,10
0x8bd0,INDORES07DEL02,32.0,4.5,22.722634,75.886959,22.742634,75.906959,26-03-2022,10:40,10:55,Sandstorms,Low,1,Buffet,scooter,0.0,No,Urban,24,IND,North India,10
0xaabf,INDORES07DEL03,34.0,4.8,22.722634,75.886959,22.782634,75.946959,09-03-2022,21:25,21:35,Cloudy,Jam,0,Snack,motorcycle,1.0,No,Urban,31,IND,North India,21
0xafba,RANCHIRES12DEL02,23.0,4.7,0.0,0.0,0.13,0.13,06-04-2022,21:30,21:45,Stormy,Jam,2,Drinks,electric_scooter,1.0,No,Urban,19,RAN,North India,21
0x8716,INDORES16DEL02,32.0,5.0,22.744648,75.894377,22.764648,75.914377,26-03-2022,11:50,11:55,Cloudy,High,1,Drinks,motorcycle,1.0,No,Urban,27,IND,North India,11
0x72c8,RANCHIRES14DEL03,23.0,4.7,0.0,0.0,0.06,0.06,17-03-2022,22:40,22:50,Sunny,Low,2,Drinks,electric_scooter,1.0,No,Urban,15,RAN,North India,22
0x381f,JAPRES01DEL03,36.0,4.8,26.90519,75.810753,26.93519,75.840753,13-03-2022,18:20,18:35,Fog,Medium,1,Buffet,scooter,1.0,No,Urban,18,JAP,North India,18
0x2d56,RANCHIRES17DEL02,29.0,4.7,23.374878,85.335739,23.454878,85.415739,16-03-2022,22:45,0.958333333,Stormy,Low,2,Snack,motorcycle,0.0,,Urban,12,RAN,North India,22
0xc86a,DEHRES12DEL02,24.0,4.7,0.0,0.0,0.02,0.02,13-02-2022,08:35,08:50,Cloudy,Low,2,Snack,electric_scooter,1.0,No,Urban,15,DEH,North India,8
0x213c,JAPRES04DEL01,23.0,4.8,26.902328,75.794257,26.942328,75.834257,30-03-2022,15:20,15:30,Cloudy,Medium,1,Meal,scooter,0.0,No,Urban,12,JAP,North India,15
0xd775,LUDHRES17DEL02,36.0,4.6,30.893384,75.821202,30.943384,75.871202,17-02-2022,18:30,18:40,Cloudy,Medium,1,Snack,motorcycle,0.0,No,Urban,19,LUD,North India,18
0xceed,DEHRES15DEL03,20.0,4.7,0.0,0.0,0.03,0.03,13-02-2022,23:35,23:50,Sunny,Low,1,Buffet,scooter,0.0,No,Urban,17,DEH,North India,23
0x5a2c,RANCHIRES03DEL01,21.0,4.7,0.0,0.0,0.01,0.01,26-03-2022,08:35,08:40,Sandstorms,Low,1,Meal,motorcycle,0.0,No,Urban,16,RAN,North India,8
0x2985,RANCHIRES12DEL01,29.0,4.6,0.0,0.0,0.11,0.11,25-03-2022,18:25,18:40,Fog,Medium,1,Snack,motorcycle,1.0,No,Urban,29,RAN,North India,18
0x7a4f,RANCHIRES20DEL02,26.0,4.8,23.39925,85.390464,23.44925,85.440464,24-03-2022,17:25,17:40,Stormy,Medium,2,Drinks,scooter,0.0,No,Urban,24,RAN,North India,17
0x8b57,RANCHIRES010DEL01,32.0,4.6,23.354422,85.3329,23.364422,85.3429,26-03-2022,11:45,11:50,Sunny,High,1,Drinks,scooter,1.0,No,Urban,21,RAN,North India,11
0xdf48,AGRRES06DEL01,28.0,4.5,0.0,0.0,0.04,0.04,15-02-2022,12:45,0.541666667,Fog,High,2,Meal,scooter,0.0,No,Urban,26,AGR,North India,12
0x3850,INDORES01DEL01,32.0,4.6,22.695207,75.866059,22.735207,75.906059,03-03-2022,16:30,16:45,Sunny,Medium,0,Snack,motorcycle,0.0,No,Urban,28,IND,North India,16
0xcfd1,DEHRES19DEL03,21.0,4.8,30.372202,78.077151,30.432202,78.137151,13-02-2022,19:40,19:55,Windy,Jam,1,Meal,motorcycle,0.0,No,Urban,12,DEH,North India,19
0xe129,KNPRES13DEL02,23.0,4.7,26.481547,80.299775,26.611547,80.429775,12-02-2022,19:25,19:35,Sunny,Jam,1,Snack,motorcycle,1.0,No,Urban,15,KNP,North India,19
0xb0ed,JAPRES05DEL03,28.0,4.7,26.905287,75.794592,26.935287,75.824592,07-03-2022,20:15,20:30,Sandstorms,Jam,1,Meal,motorcycle,0.0,No,Urban,10,JAP,North India,20
0x1204,JAPRES06DEL03,26.0,4.7,26.911927,75.797282,27.001927,75.887282,12-03-2022,23:50,1,Fog,Low,0,Snack,motorcycle,1.0,No,Urban,20,JAP,North India,23
0x5197,RANCHIRES01DEL01,26.0,4.8,23.416792,85.316842,23.456792,85.356842,15-03-2022,15:25,15:30,Cloudy,Medium,2,Meal,scooter,0.0,No,Urban,12,RAN,North India,15
0xa562,INDORES13DEL01,23.0,4.8,22.745049,75.892471,22.755049,75.902471,03-04-2022,09:10,09:20,Sunny,Low,1,Drinks,scooter,0.0,No,Urban,18,IND,North India,9
0x73b1,JAPRES08DEL03,27.0,4.7,26.910262,75.783013,26.940262,75.813013,09-03-2022,22:50,0.958333333,Sandstorms,Low,2,Snack,scooter,0.0,No,Urban,18,JAP,North India,22
0x887c,JAPRES13DEL01,28.0,4.9,26.846156,75.8023,26.916156,75.8723,10-03-2022,22:25,22:35,Cloudy,Low,2,Buffet,motorcycle,1.0,No,Urban,27,JAP,North India,22
0xc878,KNPRES09DEL01,23.0,5.0,26.473698,80.352677,26.513698,80.392677,15-02-2022,14:50,0.625,Sandstorms,High,1,Snack,motorcycle,0.0,No,Urban,18,KNP,North India,14
0x41ef,JAPRES06DEL01,31.0,4.5,26.911927,75.797282,26.921927,75.807282,09-03-2022,09:20,09:35,Sandstorms,Low,1,Drinks,scooter,1.0,No,Urban,25,JAP,North India,9
0xd4c5,KNPRES010DEL03,26.0,4.7,26.47775,80.351569,26.56775,80.441569,16-02-2022,17:15,17:25,Stormy,Medium,2,Drinks,electric_scooter,1.0,No,Urban,26,KNP,North India,17
0xcc9e,AGRRES01DEL02,25.0,4.6,27.161661,78.011544,27.291661,78.141544,14-02-2022,18:35,18:45,Sunny,Medium,1,Buffet,scooter,0.0,No,Urban,17,AGR,North India,18
0x7f52,JAPRES14DEL01,34.0,4.2,26.88842,75.800689,26.92842,75.840689,28-03-2022,16:25,16:40,Windy,Medium,2,Buffet,scooter,0.0,No,Urban,32,JAP,North India,16
0xc41c,AGRRES20DEL03,21.0,4.6,27.158822,78.045359,27.188822,78.075359,15-02-2022,22:50,22:55,Fog,Low,0,Snack,motorcycle,0.0,No,Urban,21,AGR,North India,22
0x1825,JAPRES04DEL03,22.0,4.5,26.902328,75.794257,27.042328,75.934257,23-03-2022,22:35,22:45,Fog,Low,2,Meal,scooter,1.0,No,Urban,20,JAP,North India,22
0xa573,JAPRES04DEL02,33.0,4.8,26.902328,75.794257,27.032328,75.924257,02-03-2022,23:10,23:15,Stormy,Low,2,Buffet,electric_scooter,0.0,No,Urban,15,JAP,North India,23
0x4527,JAPRES07DEL03,31.0,4.5,26.766536,75.837333,26.856536,75.927333,16-03-2022,20:20,20:30,Stormy,Jam,2,Buffet,motorcycle,1.0,No,Urban,29,JAP,North India,20
0x5875,JAPRES09DEL03,31.0,4.6,26.911378,75.789034,26.941378,75.819034,26-03-2022,18:30,18:45,Cloudy,Medium,1,Snack,motorcycle,1.0,No,Urban,19,JAP,North India,18
0x93a5,RANCHIRES08DEL01,27.0,4.8,23.353783,85.326967,23.363783,85.336967,11-03-2022,09:40,09:55,Sandstorms,Low,1,Drinks,scooter,1.0,No,Urban,12,RAN,North India,9
0xd6ab,BHPRES12DEL01,36.0,4.1,0.0,0.0,0.11,0.11,12-02-2022,21:15,21:20,Windy,Jam,0,Snack,motorcycle,0.0,No,Urban,35,BHP,North India,21
0x58cd,INDORES06DEL01,31.0,4.6,22.728163,75.884212,22.838163,75.994212,10-03-2022,23:45,23:50,Fog,Low,2,Meal,motorcycle,1.0,No,Urban,30,IND,North India,23
0xc60d,AGRRES01DEL03,28.0,4.6,27.161661,78.011544,27.251661,78.101544,12-02-2022,20:15,20:25,Windy,Jam,1,Snack,scooter,0.0,No,Urban,15,AGR,North India,20
0xdaf7,AGRRES14DEL03,36.0,4.7,27.16185,78.040165,27.19185,78.070165,11-02-2022,22:25,22:35,Fog,Low,2,Buffet,electric_scooter,1.0,No,Urban,16,AGR,North India,22
0x871d,INDORES06DEL02,22.0,4.6,22.728163,75.884212,22.858163,76.014212,08-03-2022,17:55,18:10,Sandstorms,Medium,0,Drinks,motorcycle,0.0,No,Urban,31,IND,North India,17
0xcfcb,KOLRES04DEL02,33.0,4.5,22.538731,88.364878,22.558731,88.384878,17-02-2022,09:15,09:25,Cloudy,Low,2,Meal,motorcycle,1.0,No,Urban,15,KOL,North India,9
0x1e3d,INDORES12DEL02,39.0,4.9,22.74806,75.8934,22.82806,75.9734,29-03-2022,23:10,23:15,Sandstorms,Low,1,Meal,motorcycle,1.0,No,Urban,18,IND,North India,23
0xc0eb,DEHRES20DEL01,25.0,4.8,0.0,0.0,0.04,0.04,11-02-2022,15:50,15:55,Sunny,Medium,2,Snack,motorcycle,1.0,No,Urban,10,DEH,North India,15
0xa42b,RANCHIRES17DEL03,35.0,4.8,23.374878,85.335739,23.464878,85.425739,31-03-2022,21:40,21:55,Sandstorms,Jam,2,Buffet,electric_scooter,1.0,No,Urban,27,RAN,North India,21
0x2358,JAPRES20DEL01,27.0,4.9,26.956431,75.776649,26.966431,75.786649,19-03-2022,11:15,11:20,Sandstorms,High,1,Meal,scooter,0.0,No,Urban,20,JAP,North India,11
0x65fa,JAPRES16DEL03,35.0,5.0,26.849596,75.800512,26.909596,75.860512,03-04-2022,17:35,17:50,Sunny,Medium,1,Buffet,scooter,0.0,No,Urban,17,JAP,North India,17
0x98bf,INDORES12DEL03,22.0,5.0,22.74806,75.8934,22.77806,75.9234,01-03-2022,23:55,24:10:00,Stormy,Low,2,Buffet,scooter,1.0,No,Urban,15,IND,North India,23
0x66d4,INDORES01DEL03,38.0,4.6,22.695207,75.866059,22.725207,75.896059,05-03-2022,23:10,23:25,Cloudy,Low,2,Drinks,electric_scooter,1.0,No,Urban,16,IND,North India,23
0x7db5,RANCHIRES02DEL03,26.0,4.9,0.0,0.0,0.06,0.06,01-04-2022,23:15,23:30,Cloudy,Low,0,Buffet,motorcycle,0.0,No,Urban,19,RAN,North India,23
0x5d04,JAPRES02DEL01,20.0,5.0,26.914142,75.805704,26.954142,75.845704,01-04-2022,16:25,16:30,Sunny,Medium,1,Meal,scooter,0.0,No,Urban,12,JAP,North India,16
0xd875,AGRRES11DEL03,20.0,4.7,27.163303,78.057044,27.223303,78.117044,11-02-2022,17:10,17:25,Stormy,Medium,1,Meal,scooter,1.0,No,Urban,29,AGR,North India,17
0x654e,JAPRES16DEL02,24.0,5.0,26.849596,75.800512,26.899596,75.850512,24-03-2022,23:40,23:55,Sunny,Low,0,Drinks,motorcycle,1.0,No,Urban,12,JAP,North India,23
0x13c6,INDORES07DEL03,35.0,4.5,22.722634,75.886959,22.812634,75.976959,02-04-2022,18:15,18:30,Sunny,Medium,2,Snack,scooter,0.0,No,Urban,27,IND,North India,18
0x119e,JAPRES02DEL02,23.0,4.6,26.914142,75.805704,26.964142,75.855704,09-03-2022,19:15,19:20,Sandstorms,Jam,2,Meal,electric_scooter,1.0,No,Urban,21,JAP,North India,19
0xd8a2,ALHRES12DEL02,30.0,4.7,25.443994,81.860187,25.493994,81.910187,11-02-2022,18:45,0.791666667,Windy,Medium,0,Drinks,motorcycle,0.0,No,Urban,26,ALH,North India,18
0x720a,JAPRES07DEL01,24.0,4.7,26.766536,75.837333,26.776536,75.847333,11-03-2022,10:50,10:55,Windy,Low,1,Meal,scooter,1.0,,Urban,14,JAP,North India,10
0xdcc3,KOLRES010DEL01,38.0,5.0,22.538999,88.322337,22.548999,88.332337,13-02-2022,09:25,09:35,Sandstorms,Low,1,Buffet,motorcycle,1.0,No,Urban,25,KOL,North India,9
0x9acf,INDORES11DEL01,32.0,5.0,22.751234,75.88949,22.761234,75.89949,17-03-2022,09:20,09:30,Sunny,Low,2,Drinks,electric_scooter,0.0,No,Urban,10,IND,North India,9
0x21e4,INDORES02DEL02,33.0,4.8,22.651847,75.881991,22.671847,75.901991,15-03-2022,10:30,10:35,Sunny,Low,1,Snack,motorcycle,0.0,No,Urban,16,IND,North India,10
0xa331,JAPRES010DEL03,34.0,4.7,26.921411,75.793604,26.951411,75.823604,03-04-2022,18:30,18:35,Cloudy,Medium,1,Meal,motorcycle,1.0,No,Urban,16,JAP,North India,18
0x829c,JAPRES02DEL03,29.0,4.9,26.914142,75.805704,26.974142,75.865704,19-03-2022,22:10,22:25,Stormy,Low,2,Meal,motorcycle,0.0,No,Urban,15,JAP,North India,22
0xd89b,ALHRES18DEL03,35.0,4.5,25.450317,81.831681,25.510317,81.891681,11-02-2022,17:25,17:30,Fog,Medium,1,Drinks,scooter,1.0,No,Urban,18,ALH,North India,17
0xdea7,BHPRES05DEL03,32.0,4.7,23.214459,77.434976,23.274459,77.494976,15-02-2022,20:35,20:40,Sunny,Jam,1,Drinks,scooter,1.0,No,Urban,19,BHP,North India,20
0xa5f7,INDORES20DEL02,25.0,5.0,22.732225,75.874765,22.862225,76.004765,02-03-2022,19:50,20:05,Windy,Jam,2,Snack,scooter,0.0,No,Urban,18,IND,North India,19
0xdb8d,KOLRES20DEL02,29.0,5.0,22.514119,88.362504,22.564119,88.412504,13-02-2022,20:45,20:50,Sunny,Jam,1,Buffet,motorcycle,1.0,No,Urban,16,KOL,North India,20
0xaf9,INDORES20DEL01,21.0,4.8,22.732225,75.874765,22.772225,75.914765,03-03-2022,12:30,12:35,Sunny,High,1,Buffet,scooter,0.0,No,Urban,15,IND,North India,12
0x340e,JAPRES01DEL01,26.0,4.0,26.90519,75.810753,26.91519,75.820753,24-03-2022,09:10,09:15,Stormy,Low,0,Buffet,motorcycle,1.0,No,Urban,28,JAP,North India,9
0x4b17,RANCHIRES08DEL02,25.0,4.8,23.353783,85.326967,23.483783,85.456967,10-03-2022,18:20,18:30,Sandstorms,Medium,2,Snack,scooter,0.0,No,Urban,24,RAN,North India,18
0x6d6b,JAPRES010DEL03,37.0,4.1,26.921411,75.793604,27.061411,75.933604,25-03-2022,19:25,19:35,Sandstorms,Jam,2,Meal,motorcycle,1.0,No,Urban,32,JAP,North India,19
0x9935,JAPRES06DEL02,29.0,4.6,26.911927,75.797282,26.961927,75.847282,19-03-2022,20:35,20:40,Sandstorms,Jam,1,Snack,scooter,1.0,No,Urban,11,JAP,North India,20
0x5c2a,JAPRES19DEL03,21.0,5.0,26.913726,75.75282,26.943726,75.78282,05-03-2022,17:10,17:15,Fog,Medium,1,Buffet,scooter,0.0,No,Urban,12,JAP,North India,17
0xd931,BHPRES04DEL03,25.0,4.9,23.184992,77.417227,23.244992,77.477227,13-02-2022,17:25,17:35,Cloudy,Medium,2,Buffet,electric_scooter,0.0,No,Urban,19,BHP,North India,17
0x1ca7,RANCHIRES05DEL01,32.0,4.9,23.355164,85.324097,23.425164,85.394097,08-03-2022,20:15,20:30,Sandstorms,Jam,0,Drinks,motorcycle,2.0,No,Urban,44,RAN,North India,20
0x7111,RANCHIRES06DEL02,30.0,4.6,23.357804,85.325146,23.377804,85.345146,11-03-2022,09:50,0.416666667,Fog,Low,0,Buffet,motorcycle,0.0,No,Urban,20,RAN,North India,9
0x3597,JAPRES16DEL01,37.0,4.5,26.849596,75.800512,26.889596,75.840512,13-03-2022,13:45,13:50,Sunny,High,0,Drinks,motorcycle,1.0,No,Urban,23,JAP,North India,13
0xcb1f,DEHRES06DEL03,21.0,4.6,30.361281,78.068022,30.451281,78.158022,14-02-2022,21:30,21:45,Sandstorms,Jam,0,Meal,motorcycle,0.0,No,Urban,35,DEH,North India,21
0xd354,KNPRES11DEL01,22.0,4.6,26.474986,80.342796,26.514986,80.382796,13-02-2022,16:25,16:30,Fog,Medium,2,Buffet,electric_scooter,1.0,No,Urban,18,KNP,North India,16
0x1f08,RANCHIRES16DEL01,37.0,4.5,23.371292,85.327872,23.381292,85.337872,24-03-2022,10:20,10:30,Sunny,Low,0,Drinks,motorcycle,0.0,No,Urban,28,RAN,North India,10
0x51b6,RANCHIRES13DEL02,30.0,4.6,23.374989,85.335486,23.424989,85.385486,30-03-2022,17:10,17:15,Sandstorms,Medium,2,Drinks,scooter,0.0,No,Urban,28,RAN,North India,17
0xc42b,KOLRES14DEL02,21.0,4.7,22.552996,88.35231,22.572996,88.37231,15-02-2022,08:30,08:45,Stormy,Low,1,Meal,scooter,0.0,No,Urban,10,KOL,North India,8
0xdbe1,BHPRES11DEL01,31.0,4.2,23.233219,77.433571,23.243219,77.443571,17-02-2022,11:30,11:45,Cloudy,High,2,Snack,electric_scooter,1.0,No,Urban,36,BHP,North India,11
0x4cf7,INDORES04DEL01,29.0,4.9,22.753659,75.903365,22.823659,75.973365,23-03-2022,23:30,23:40,Cloudy,Low,2,Snack,scooter,1.0,No,Urban,26,IND,North India,23
0x4e9d,JAPRES03DEL01,26.0,4.7,26.913483,75.803139,27.023483,75.913139,20-03-2022,19:55,20:05,Stormy,Jam,1,Meal,motorcycle,1.0,No,Urban,20,JAP,North India,19
0x2bc2,INDORES03DEL03,25.0,4.5,22.751857,75.866699,22.841857,75.956699,18-03-2022,18:50,19:05,Sandstorms,Medium,2,Snack,scooter,0.0,No,Urban,16,IND,North India,18
0x729c,INDORES03DEL02,39.0,4.7,22.751857,75.866699,22.771857,75.886699,11-03-2022,09:45,09:50,Cloudy,Low,1,Drinks,scooter,1.0,No,Urban,15,IND,North India,9
0x1ab2,INDORES13DEL03,36.0,4.6,22.745049,75.892471,22.805049,75.952471,01-04-2022,23:40,23:45,Stormy,Low,2,Drinks,scooter,0.0,No,Urban,23,IND,North India,23
0xcca5,DEHRES12DEL02,29.0,4.6,0.0,0.0,0.13,0.13,12-02-2022,22:20,22:30,Windy,Low,0,Drinks,motorcycle,1.0,No,Urban,20,DEH,North India,22
0xdcfa,AGRRES010DEL01,39.0,4.4,27.163303,78.057044,27.203303,78.097044,15-02-2022,13:30,13:40,Windy,High,1,Snack,scooter,1.0,No,Urban,31,AGR,North India,13
0xafb1,INDORES02DEL01,31.0,4.9,22.651847,75.881991,22.661847,75.891991,19-03-2022,10:40,10:50,Sunny,Low,1,Buffet,scooter,1.0,No,Urban,17,IND,North India,10
0x6a3d,JAPRES16DEL02,35.0,4.3,26.849596,75.800512,26.869596,75.820512,24-03-2022,08:40,08:50,Stormy,Low,0,Meal,motorcycle,1.0,No,Urban,24,JAP,North India,8
0x71b7,INDORES15DEL03,32.0,4.7,22.760072,75.892574,22.790072,75.922574,19-03-2022,18:35,18:45,Cloudy,Medium,1,Drinks,motorcycle,1.0,No,Urban,16,IND,North India,18
0x886d,JAPRES19DEL01,30.0,4.5,26.913726,75.75282,26.953726,75.792821,28-03-2022,16:45,16:55,Windy,Medium,2,Snack,electric_scooter,1.0,No,Urban,28,JAP,North India,16
0x5115,RANCHIRES05DEL01,33.0,4.9,23.355164,85.324097,23.395164,85.364097,09-03-2022,15:15,15:20,Cloudy,Medium,0,Meal,motorcycle,1.0,No,Urban,34,RAN,North India,15
0x57c8,RANCHIRES07DEL02,25.0,4.6,23.359407,85.325055,23.379407,85.345055,05-04-2022,09:55,10:05,Fog,Low,1,Snack,scooter,0.0,No,Urban,11,RAN,North India,9
0x2d68,JAPRES20DEL01,25.0,5.0,26.956431,75.776649,27.026431,75.846649,23-03-2022,21:55,22:10,Sunny,Jam,1,Buffet,motorcycle,1.0,No,Urban,16,JAP,North India,21
0x6a19,JAPRES04DEL03,30.0,4.9,26.902328,75.794257,26.962328,75.854257,24-03-2022,21:35,21:50,Fog,Jam,1,Drinks,motorcycle,1.0,No,Urban,33,JAP,North India,21
0xca6f,LUDHRES11DEL03,31.0,4.6,30.893081,75.821495,30.983081,75.911495,16-02-2022,23:25,23:35,Windy,Low,0,Drinks,motorcycle,1.0,No,Urban,29,LUD,North India,23
0x9f18,RANCHIRES07DEL02,24.0,4.8,23.359407,85.325055,23.489407,85.455055,20-03-2022,17:30,17:40,Sunny,Medium,1,Drinks,motorcycle,,No,Urban,11,RAN,North India,17
0x57a5,RANCHIRES04DEL03,20.0,4.6,23.359033,85.325347,23.419033,85.385347,09-03-2022,17:30,17:40,Sunny,Medium,1,Snack,motorcycle,1.0,No,Urban,11,RAN,North India,17
0xd213,DEHRES07DEL02,28.0,4.7,30.362686,78.06889,30.382686,78.08889,15-02-2022,08:25,08:40,Sunny,Low,2,Buffet,scooter,0.0,No,Urban,22,DEH,North India,8
0xb9cd,RANCHIRES14DEL02,22.0,4.6,0.0,0.0,0.13,0.13,04-03-2022,20:55,21:10,Sunny,Jam,0,Meal,motorcycle,1.0,No,Urban,24,RAN,North India,20
0xd963,KOLRES11DEL01,28.0,4.9,22.577821,88.400581,22.617821,88.440581,11-02-2022,14:50,15:05,Stormy,High,0,Meal,motorcycle,1.0,No,Urban,22,KOL,North India,14
0xc328,ALHRES18DEL02,28.0,4.8,25.450317,81.831681,25.500317,81.881681,17-02-2022,22:30,22:40,Sunny,Low,2,Meal,electric_scooter,1.0,No,Urban,22,ALH,North India,22
0xc239,ALHRES04DEL01,33.0,4.9,0.0,0.0,0.07,0.07,12-02-2022,18:15,18:30,Sandstorms,Medium,2,Snack,electric_scooter,0.0,No,Urban,26,ALH,North India,18
0xb0c5,RANCHIRES02DEL03,27.0,4.6,0.0,0.0,0.06,0.06,03-03-2022,19:40,19:55,Sandstorms,Jam,1,Drinks,scooter,1.0,No,Urban,23,RAN,North India,19
0x4553,RANCHIRES13DEL02,25.0,4.2,23.374989,85.335486,23.454989,85.415486,04-04-2022,21:55,0.916666667,Windy,Jam,0,Drinks,motorcycle,1.0,No,Urban,39,RAN,North India,21
0xe055,KNPRES02DEL01,22.0,4.7,26.471617,80.313564,26.581617,80.423564,16-02-2022,23:30,23:35,Sandstorms,Low,1,Buffet,scooter,1.0,No,Urban,10,KNP,North India,23
0xd13d,DEHRES07DEL01,32.0,4.2,30.362686,78.06889,30.472686,78.17889,18-02-2022,18:15,18:30,Cloudy,Medium,2,Buffet,motorcycle,1.0,No,Urban,44,DEH,North India,18
0x6de5,RANCHIRES16DEL03,37.0,4.5,23.371292,85.327872,23.461292,85.417872,06-04-2022,20:25,20:30,Stormy,Jam,1,Meal,scooter,0.0,No,Urban,30,RAN,North India,20
0x6dc3,JAPRES17DEL03,24.0,4.1,26.892312,75.806896,26.982312,75.896896,12-03-2022,20:45,20:55,Stormy,Jam,0,Drinks,motorcycle,1.0,No,Urban,37,JAP,North India,20
0xc5a3,DEHRES16DEL02,32.0,4.8,30.342509,78.061187,30.422509,78.141187,12-02-2022,22:45,22:55,Sandstorms,Low,2,Drinks,scooter,1.0,No,Urban,15,DEH,North India,22
0x5934,INDORES16DEL02,35.0,4.8,22.744648,75.894377,22.824648,75.974377,10-03-2022,18:25,18:40,Cloudy,Medium,0,Meal,motorcycle,0.0,No,Urban,42,IND,North India,18
0xac63,RANCHIRES06DEL01,34.0,4.7,23.357804,85.325146,23.467804,85.435146,31-03-2022,23:20,23:35,Sandstorms,Low,2,Buffet,electric_scooter,0.0,No,Urban,22,RAN,North India,23
0xa758,INDORES17DEL02,34.0,4.7,22.761226,75.887522,22.841226,75.967522,20-03-2022,23:55,1,Sunny,Low,2,Drinks,scooter,0.0,No,Urban,16,IND,North India,23
0xc7b7,LUDHRES11DEL03,33.0,3.8,30.893081,75.821495,31.033081,75.961495,16-02-2022,17:25,17:30,Windy,Medium,2,Drinks,scooter,1.0,No,Urban,34,LUD,North India,17
0x3f05,INDORES17DEL01,34.0,4.7,22.761226,75.887522,22.771226,75.897522,17-03-2022,09:50,0.416666667,Cloudy,Low,1,Drinks,motorcycle,1.0,No,Urban,17,IND,North India,9
0x21dd,JAPRES15DEL03,27.0,4.8,26.891191,75.802083,26.921191,75.832083,07-03-2022,18:45,18:50,Cloudy,Medium,0,Drinks,motorcycle,1.0,No,Urban,28,JAP,North India,18
0x55f2,INDORES05DEL03,25.0,4.6,22.727021,75.884167,22.817021,75.974167,02-04-2022,22:25,22:40,Stormy,Low,1,Buffet,scooter,0.0,No,Urban,11,IND,North India,22
0x446e,INDORES03DEL01,33.0,4.1,22.751857,75.866699,22.791857,75.906699,05-04-2022,14:35,14:40,Fog,High,2,Meal,scooter,1.0,No,Urban,38,IND,North India,14
0x2f2a,RANCHIRES13DEL02,31.0,4.8,23.374989,85.335486,23.394989,85.355486,11-03-2022,08:25,08:30,Sunny,Low,2,Buffet,electric_scooter,1.0,No,Urban,15,RAN,North India,8
0xe0a,INDORES14DEL02,22.0,4.8,22.761593,75.886362,22.841593,75.966362,12-03-2022,20:50,0.875,Stormy,Jam,1,Meal,motorcycle,1.0,No,Urban,19,IND,North India,20
0x2c05,JAPRES04DEL01,26.0,4.7,26.902328,75.794257,26.912328,75.804257,07-03-2022,08:10,08:25,Fog,Low,2,Drinks,motorcycle,0.0,No,Urban,12,JAP,North India,8
0xd077,AGRRES13DEL02,25.0,4.7,27.159795,78.04299,27.179795,78.06299,11-02-2022,09:15,09:20,Sandstorms,Low,1,Meal,motorcycle,1.0,No,Urban,11,AGR,North India,9
0x3dc8,JAPRES02DEL02,39.0,4.2,26.914142,75.805704,26.964142,75.855704,03-03-2022,20:15,20:25,Cloudy,Jam,1,Meal,scooter,0.0,No,Urban,37,JAP,North India,20
0xa4cf,JAPRES13DEL01,21.0,4.7,26.846156,75.8023,26.886156,75.8423,24-03-2022,15:30,15:40,Sandstorms,Medium,0,Snack,motorcycle,0.0,No,Urban,13,JAP,North India,15
0x68a5,JAPRES08DEL01,22.0,4.5,26.910262,75.783013,26.950262,75.823013,01-04-2022,15:10,15:20,Stormy,Medium,1,Buffet,scooter,1.0,No,Urban,28,JAP,North India,15
0xb300,INDORES06DEL03,39.0,4.6,22.728163,75.884212,22.788163,75.944212,15-03-2022,22:20,22:25,Stormy,Low,1,Meal,scooter,1.0,No,Urban,26,IND,North India,22
0x9e00,INDORES010DEL03,35.0,4.6,22.75004,75.902847,22.84004,75.992847,16-03-2022,1,24:05:00,Cloudy,Low,2,Buffet,scooter,1.0,No,Urban,29,IND,North India,1
0x4387,RANCHIRES01DEL02,35.0,4.8,23.416792,85.316842,23.466792,85.366842,28-03-2022,20:40,20:55,Cloudy,Jam,1,Meal,scooter,1.0,No,Urban,35,RAN,North India,20
0xa2ad,INDORES01DEL03,29.0,4.6,22.695207,75.866059,22.725207,75.896059,07-03-2022,21:15,21:30,Sunny,Jam,1,Meal,motorcycle,0.0,No,Urban,13,IND,North India,21
0xccac,BHPRES07DEL02,29.0,4.7,0.0,0.0,0.13,0.13,14-02-2022,23:30,23:45,Sunny,Low,0,Meal,motorcycle,0.0,No,Urban,20,BHP,North India,23
0x7eb,RANCHIRES20DEL03,28.0,4.9,23.39925,85.390464,23.45925,85.450464,11-03-2022,17:50,18:05,Stormy,Medium,0,Buffet,motorcycle,1.0,No,Urban,20,RAN,North India,17
0x108d,JAPRES14DEL02,30.0,4.6337736972250205,26.88842,75.800689,26.90842,75.820689,19-03-2022,09:15,09:25,Windy,Low,2,Drinks,scooter,0.0,No,Urban,17,JAP,North India,9
0xe0c9,KNPRES11DEL02,23.0,4.9,26.474986,80.342796,26.554986,80.422796,16-02-2022,17:25,17:35,Sunny,Medium,2,Buffet,motorcycle,1.0,No,Urban,16,KNP,North India,17
0x2ffd,RANCHIRES01DEL02,27.0,4.9,23.416792,85.316842,23.496792,85.396842,10-03-2022,23:40,23:55,Sandstorms,Low,1,Meal,scooter,0.0,No,Urban,18,RAN,North India,23
0xcddd,BHPRES03DEL01,21.0,5.0,23.214294,77.435361,23.254294,77.475361,15-02-2022,12:30,12:40,Windy,High,0,Drinks,motorcycle,0.0,No,Urban,24,BHP,North India,12
0xc634,AGRRES16DEL02,26.0,4.5,0.0,0.0,0.05,0.05,17-02-2022,22:50,0.958333333,Windy,Low,1,Snack,scooter,0.0,No,Urban,17,AGR,North India,22
0x90e0,INDORES15DEL03,21.0,4.7,22.760072,75.892574,22.790072,75.922574,09-03-2022,19:40,19:55,Windy,Jam,2,Drinks,electric_scooter,1.0,,Urban,11,IND,North India,19
0x3ee3,JAPRES15DEL01,23.0,4.8,26.891191,75.802083,27.001191,75.912083,16-03-2022,20:45,20:50,Stormy,Jam,1,Buffet,scooter,1.0,No,Urban,26,JAP,North India,20
0x9f4e,RANCHIRES04DEL03,26.0,4.5,23.359033,85.325347,23.389033,85.355347,03-04-2022,17:20,17:25,Cloudy,Medium,2,Buffet,electric_scooter,1.0,,Urban,10,RAN,North India,17
0x20d8,JAPRES02DEL01,38.0,4.9,26.914142,75.805704,26.954142,75.845704,07-03-2022,13:55,14:10,Sunny,High,2,Drinks,motorcycle,0.0,No,Urban,20,JAP,North India,13
0x71af,INDORES19DEL02,20.0,4.7,22.745536,75.893106,22.795536,75.943106,15-03-2022,20:55,21:05,Sandstorms,Jam,2,Meal,electric_scooter,1.0,No,Urban,18,IND,North India,20
0xc405,KNPRES07DEL03,24.0,4.9,26.472001,80.354002,26.612001,80.494002,14-02-2022,19:50,0.833333333,Stormy,Jam,1,Snack,motorcycle,1.0,No,Urban,18,KNP,North India,19
0xe02a,KNPRES18DEL02,27.0,4.7,26.474133,80.3481,26.524133,80.3981,15-02-2022,23:20,23:35,Sandstorms,Low,1,Drinks,motorcycle,1.0,No,Urban,18,KNP,North India,23
0xce76,ALHRES11DEL03,27.0,4.9,0.0,0.0,0.03,0.03,13-02-2022,19:50,20:05,Sandstorms,Jam,2,Drinks,electric_scooter,1.0,No,Urban,15,ALH,North India,19
0xd185,KOLRES15DEL02,29.0,4.6,22.552672,88.352885,22.682672,88.482885,16-02-2022,20:50,0.875,Stormy,Jam,1,Buffet,scooter,1.0,No,Urban,18,KOL,North India,20
0x9b54,RANCHIRES15DEL02,32.0,4.9,23.369746,85.33982,23.419746,85.38982,26-03-2022,23:25,23:30,Sunny,Low,2,Buffet,electric_scooter,0.0,No,Urban,15,RAN,North India,23
0x7903,JAPRES13DEL03,26.0,4.6,26.846156,75.8023,26.906156,75.8623,05-04-2022,17:50,17:55,Sunny,Medium,2,Meal,scooter,0.0,No,Urban,10,JAP,North India,17
0x13ec,JAPRES14DEL02,24.0,4.6,26.88842,75.800689,26.93842,75.850689,11-03-2022,23:50,1,Fog,Low,1,Snack,motorcycle,0.0,No,Urban,10,JAP,North India,23
0xc2e1,KNPRES15DEL01,37.0,4.3,26.482419,80.320939,26.592419,80.430939,16-02-2022,17:20,17:35,Cloudy,Medium,1,Drinks,scooter,0.0,No,Urban,33,KNP,North India,17
0x5209,RANCHIRES16DEL03,33.0,4.6,23.371292,85.327872,23.461292,85.417872,27-03-2022,22:25,22:40,Windy,Low,2,Snack,scooter,0.0,No,Urban,23,RAN,North India,22
0x421d,JAPRES18DEL02,37.0,4.2,26.913987,75.752891,27.043987,75.882891,04-03-2022,20:35,20:40,Fog,Jam,1,Meal,motorcycle,1.0,No,Urban,44,JAP,North India,20
0x2fdd,JAPRES17DEL02,33.0,4.6,26.892312,75.806896,26.942312,75.856896,17-03-2022,17:10,17:25,Cloudy,Medium,1,Meal,motorcycle,0.0,No,Urban,15,JAP,North India,17
0x2464,INDORES20DEL03,27.0,4.9,22.732225,75.874765,22.792225,75.934765,03-04-2022,18:20,18:35,Fog,Medium,1,Buffet,motorcycle,0.0,No,Urban,13,IND,North India,18
0xc992,ALHRES05DEL02,26.0,4.8,25.457687,81.835585,25.507687,81.885585,13-02-2022,20:50,20:55,Fog,Jam,0,Snack,motorcycle,0.0,No,Urban,23,ALH,North India,20
0x4ba8,RANCHIRES11DEL03,26.0,4.5,23.359194,85.325447,23.389194,85.355447,13-03-2022,23:30,23:40,Sandstorms,Low,2,Snack,motorcycle,0.0,No,Urban,10,RAN,North India,23
0xe209,LUDHRES20DEL01,27.0,5.0,30.885915,75.788259,30.955915,75.858259,18-02-2022,1,24:05:00,Stormy,Low,2,Drinks,motorcycle,1.0,No,Urban,10,LUD,North India,1
0x1ec8,RANCHIRES11DEL01,30.0,4.6337736972250205,23.359194,85.325447,23.399194,85.365447,19-03-2022,14:45,14:50,Sandstorms,High,1,Drinks,scooter,1.0,No,Urban,32,RAN,North India,14
0xd424,AGRRES03DEL03,26.0,4.9,27.160832,78.011608,27.300832,78.151608,18-02-2022,17:50,17:55,Stormy,Medium,0,Snack,motorcycle,1.0,No,Urban,26,AGR,North India,17
0xd9e2,ALHRES13DEL02,30.0,4.9,25.451646,81.832796,25.471646,81.852796,13-02-2022,08:30,08:45,Windy,Low,2,Drinks,electric_scooter,1.0,No,Urban,27,ALH,North India,8
0x487d,RANCHIRES04DEL03,26.0,4.9,23.359033,85.325347,23.419033,85.385347,24-03-2022,20:50,0.875,Sandstorms,Jam,1,Drinks,scooter,1.0,No,Urban,22,RAN,North India,20
0x6be2,INDORES05DEL01,37.0,4.8,22.727021,75.884167,22.737021,75.894167,05-04-2022,10:50,0.458333333,Sunny,Low,1,Meal,scooter,0.0,No,Urban,10,IND,North India,10
0x664b,JAPRES010DEL02,30.0,4.3,26.921411,75.793604,27.001411,75.873604,16-03-2022,18:35,18:45,Fog,Medium,1,Snack,scooter,0.0,No,Urban,33,JAP,North India,18
0xaed,RANCHIRES16DEL03,31.0,4.0,23.371292,85.327872,23.461292,85.417872,08-03-2022,18:15,18:20,Sunny,Medium,0,Drinks,motorcycle,1.0,No,Urban,34,RAN,North India,18
0xd486,LUDHRES09DEL02,29.0,4.9,30.885814,75.786976,30.935814,75.836976,17-02-2022,23:55,24:05:00,Stormy,Low,1,Snack,motorcycle,0.0,No,Urban,10,LUD,North India,23
0x79db,INDORES18DEL02,34.0,4.7,22.753839,75.897429,22.803839,75.947429,28-03-2022,21:25,21:35,Stormy,Jam,1,Buffet,motorcycle,1.0,No,Urban,33,IND,North India,21
0x3002,RANCHIRES11DEL02,21.0,4.8,23.359194,85.325447,23.489194,85.455447,29-03-2022,19:55,20:05,Sandstorms,Jam,2,Buffet,electric_scooter,0.0,No,Urban,17,RAN,North India,19
0x9cfb,JAPRES04DEL02,28.0,4.9,26.902328,75.794257,26.982328,75.874257,06-04-2022,21:50,21:55,Stormy,Jam,2,Buffet,scooter,1.0,No,Urban,25,JAP,North India,21
0x3dba,INDORES05DEL03,28.0,5.0,22.727021,75.884167,22.787021,75.944167,09-03-2022,23:10,23:20,Windy,Low,1,Drinks,motorcycle,1.0,No,Urban,11,IND,North India,23
0xa449,INDORES12DEL03,25.0,4.9,22.74806,75.8934,22.83806,75.9834,06-03-2022,23:55,24:10:00,Fog,Low,1,Snack,motorcycle,0.0,No,Urban,21,IND,North India,23
0x6d28,INDORES01DEL03,24.0,4.6,22.695207,75.866059,22.785207,75.956059,29-03-2022,18:30,18:40,Cloudy,Medium,2,Meal,scooter,2.0,No,Urban,38,IND,North India,18
0xd274,AGRRES11DEL01,39.0,4.1,27.163303,78.057044,27.273303,78.167044,16-02-2022,21:10,21:15,Cloudy,Jam,1,Snack,scooter,1.0,No,Urban,47,AGR,North India,21
0xd5e0,LUDHRES12DEL03,30.0,4.9,30.893244,75.821817,30.983244,75.911817,16-02-2022,17:10,17:20,Sandstorms,Medium,2,Meal,scooter,1.0,No,Urban,27,LUD,North India,17
0xc0c4,KOLRES03DEL01,24.0,5.0,-22.526461,88.364453,22.596461,88.434453,16-02-2022,19:25,19:35,Sandstorms,Jam,1,Snack,motorcycle,1.0,No,Urban,21,KOL,North India,19
0xacba,INDORES11DEL01,37.0,4.6,22.751234,75.88949,22.761234,75.89949,15-03-2022,08:30,08:35,Sandstorms,Low,2,Meal,scooter,0.0,No,Urban,29,IND,North India,8
0x943d,RANCHIRES12DEL02,22.0,4.6,0.0,0.0,0.08,0.08,04-04-2022,1,24:10:00,Sunny,Low,2,Buffet,scooter,1.0,No,Urban,27,RAN,North India,1
0xe1b0,KOLRES06DEL01,24.0,4.6,22.533662,88.366217,22.543662,88.376217,17-02-2022,08:50,0.375,Fog,Low,2,Snack,scooter,0.0,No,Urban,19,KOL,North India,8
0x3979,INDORES05DEL03,20.0,4.6,22.727021,75.884167,22.757021,75.914167,03-03-2022,20:40,20:55,Stormy,Jam,0,Buffet,motorcycle,,No,Urban,15,IND,North India,20
0x1c53,INDORES16DEL01,35.0,4.8,22.744648,75.894377,22.754648,75.904377,15-03-2022,11:15,11:30,Stormy,High,2,Meal,scooter,1.0,No,Urban,27,IND,North India,11
0xdaaf,KNPRES010DEL02,22.0,4.9,26.47775,80.351569,26.60775,80.481569,18-02-2022,18:25,18:30,Fog,Medium,2,Buffet,electric_scooter,1.0,No,Urban,25,KNP,North India,18
0xd4fc,BHPRES16DEL01,38.0,4.6,23.264015,77.408236,23.274015,77.418236,11-02-2022,08:45,08:55,Cloudy,Low,0,Meal,motorcycle,1.0,No,Urban,23,BHP,North India,8
0xce08,KNPRES11DEL01,32.0,4.9,26.474986,80.342796,26.484986,80.352796,15-02-2022,09:50,0.416666667,Fog,Low,1,Buffet,scooter,1.0,No,Urban,16,KNP,North India,9
0x2250,JAPRES02DEL02,20.0,4.8,26.914142,75.805704,26.934142,75.825704,15-03-2022,09:55,0.416666667,Sunny,Low,1,Buffet,scooter,1.0,No,Urban,20,JAP,North India,9
0x26bd,JAPRES20DEL02,31.0,4.5,26.956431,75.776649,26.976431,75.796649,21-03-2022,08:30,08:35,Sandstorms,Low,1,Drinks,scooter,0.0,No,Urban,29,JAP,North India,8
0x7a85,JAPRES16DEL02,38.0,4.7,26.849596,75.800512,26.869596,75.820512,07-03-2022,09:35,09:50,Cloudy,Low,1,Buffet,scooter,0.0,No,Urban,15,JAP,North India,9
0xb211,JAPRES13DEL01,33.0,3.9,26.846156,75.8023,26.956156,75.9123,02-03-2022,18:35,18:45,Stormy,Medium,2,Buffet,scooter,1.0,No,Urban,34,JAP,North India,18
0x6f0d,INDORES010DEL01,23.0,5.0,22.75004,75.902847,22.86004,76.012847,14-03-2022,20:25,20:30,Stormy,Jam,2,Meal,motorcycle,1.0,No,Urban,25,IND,North India,20
0xdbe6,ALHRES04DEL03,23.0,4.9,0.0,0.0,0.09,0.09,12-02-2022,18:20,18:30,Windy,Medium,1,Meal,motorcycle,0.0,No,Urban,23,ALH,North India,18
0xcee0,BHPRES15DEL01,24.0,4.7,23.234249,77.434007,23.304249,77.504007,14-02-2022,21:35,21:50,Fog,Jam,0,Buffet,motorcycle,1.0,No,Urban,39,BHP,North India,21
0x3955,INDORES15DEL03,32.0,4.8,22.760072,75.892574,22.790072,75.922574,03-03-2022,23:15,23:25,Cloudy,Low,1,Meal,scooter,1.0,No,Urban,16,IND,North India,23
0xbeda,JAPRES16DEL03,34.0,4.7,26.849596,75.800512,26.909596,75.860512,15-03-2022,17:50,18:05,Sandstorms,Medium,2,Snack,motorcycle,1.0,No,Urban,27,JAP,North India,17
0xd8e9,LUDHRES06DEL02,34.0,4.9,30.895204,75.822103,30.915204,75.842103,13-02-2022,09:40,09:55,Sandstorms,Low,2,Snack,motorcycle,1.0,No,Urban,22,LUD,North India,9
0xb9a1,RANCHIRES07DEL02,29.0,4.8,23.359407,85.325055,23.439407,85.405055,02-04-2022,18:45,18:55,Fog,Medium,0,Meal,motorcycle,1.0,No,Urban,43,RAN,North India,18
0x2c08,INDORES03DEL03,23.0,4.2,22.751857,75.866699,22.841857,75.956699,10-03-2022,17:10,17:25,Cloudy,Medium,2,Buffet,scooter,1.0,No,Urban,31,IND,North India,17
0x6383,JAPRES01DEL02,27.0,4.6,26.90519,75.810753,26.92519,75.830753,17-03-2022,08:25,08:35,Fog,Low,1,Drinks,scooter,1.0,No,Urban,15,JAP,North India,8
0x8869,INDORES06DEL01,31.0,4.8,22.728163,75.884212,22.838163,75.994212,08-03-2022,18:25,18:35,Sunny,Medium,1,Meal,scooter,1.0,No,Urban,17,IND,North India,18
0xd9df,KNPRES010DEL03,27.0,4.7,26.47775,80.351569,26.61775,80.491569,14-02-2022,21:50,0.916666667,Windy,Jam,1,Buffet,scooter,0.0,No,Urban,20,KNP,North India,21
0x1564,JAPRES17DEL01,32.0,4.6,26.892312,75.806896,26.932312,75.846896,30-03-2022,16:10,16:20,Fog,Medium,0,Snack,motorcycle,1.0,No,Urban,25,JAP,North India,16
0xd084,KNPRES01DEL03,35.0,4.8,26.483672,80.320708,26.543672,80.380708,15-02-2022,18:35,18:50,Sandstorms,Medium,0,Buffet,motorcycle,1.0,No,Urban,28,KNP,North India,18
0xca97,BHPRES08DEL03,34.0,4.7,23.232537,77.429845,23.262537,77.459845,17-02-2022,20:50,21:05,Sunny,Jam,0,Drinks,motorcycle,1.0,No,Urban,29,BHP,North India,20
0xc456,BHPRES01DEL03,34.0,4.7,23.211529,77.419399,23.241529,77.449399,17-02-2022,18:30,18:40,Cloudy,Medium,2,Drinks,motorcycle,,No,Urban,18,BHP,North India,18
0xcd2f,LUDHRES07DEL02,27.0,4.9,0.0,0.0,0.05,0.05,11-02-2022,20:15,20:30,Fog,Jam,0,Snack,motorcycle,,No,Urban,24,LUD,North India,20
0x7c94,RANCHIRES03DEL02,39.0,4.8,0.0,0.0,0.02,0.02,11-03-2022,10:15,10:20,Sunny,Low,2,Snack,scooter,1.0,No,Urban,19,RAN,North India,10
0xdf1c,AGRRES07DEL03,28.0,5.0,27.160934,78.044095,27.300934,78.184095,18-02-2022,21:20,21:30,Stormy,Jam,2,Meal,electric_scooter,0.0,No,Urban,21,AGR,North India,21
0xd03c,DEHRES01DEL01,34.0,4.9,0.0,0.0,0.01,0.01,15-02-2022,10:45,0.458333333,Fog,Low,2,Snack,electric_scooter,1.0,No,Urban,18,DEH,North India,10
0xc23c,DEHRES06DEL02,38.0,4.7,30.361281,78.068022,30.411281,78.118022,15-02-2022,21:25,21:30,Sandstorms,Jam,2,Buffet,scooter,1.0,No,Urban,32,DEH,North India,21
0xbcee,JAPRES11DEL01,22.0,5.0,26.90294,75.793007,26.94294,75.833007,19-03-2022,15:45,0.666666667,Fog,Medium,1,Drinks,motorcycle,0.0,No,Urban,19,JAP,North India,15
0xb274,RANCHIRES19DEL02,20.0,4.6,23.333017,85.3172,23.463017,85.4472,06-04-2022,1,24:10:00,Stormy,Low,1,Buffet,motorcycle,0.0,No,Urban,14,RAN,North India,1
0x38a6,INDORES20DEL03,39.0,4.6,22.732225,75.874765,22.792225,75.934765,11-03-2022,22:20,22:35,Sunny,Low,0,Drinks,motorcycle,1.0,No,Urban,21,IND,North India,22
0xd102,KOLRES05DEL02,21.0,4.9,22.527893,88.368628,22.577893,88.418628,11-02-2022,20:45,20:50,Sunny,Jam,2,Drinks,scooter,1.0,No,Urban,17,KOL,North India,20
0xc853,KOLRES01DEL03,30.0,4.1,22.514688,88.393294,22.544688,88.423294,11-02-2022,20:30,20:35,Cloudy,Jam,1,Drinks,scooter,1.0,No,Urban,34,KOL,North India,20
0x709e,JAPRES04DEL01,38.0,4.8,26.902328,75.794257,26.942328,75.834257,05-03-2022,14:45,14:55,Sunny,High,2,Meal,electric_scooter,0.0,No,Urban,18,JAP,North India,14
0x2e36,RANCHIRES16DEL01,36.0,4.7,23.371292,85.327872,23.481292,85.437872,31-03-2022,22:25,22:35,Sunny,Low,2,Snack,scooter,1.0,No,Urban,19,RAN,North India,22
0x3a86,JAPRES14DEL01,21.0,4.6,26.88842,75.800689,26.92842,75.840689,05-03-2022,14:55,15:05,Sandstorms,High,0,Drinks,motorcycle,0.0,No,Urban,22,JAP,North India,14
0x9938,JAPRES05DEL02,37.0,4.7,26.905287,75.794592,26.955287,75.844592,07-03-2022,18:35,18:45,Cloudy,Medium,1,Snack,scooter,1.0,No,Urban,15,JAP,North India,18
0x655a,JAPRES03DEL03,22.0,5.0,26.913483,75.803139,26.943483,75.833139,28-03-2022,17:45,17:55,Sandstorms,Medium,1,Drinks,scooter,,No,Urban,25,JAP,North India,17
0x99be,RANCHIRES010DEL02,33.0,4.9,23.354422,85.3329,23.434422,85.4129,06-03-2022,18:35,18:40,Stormy,Medium,0,Drinks,motorcycle,1.0,No,Urban,30,RAN,North India,18
0x7a7f,RANCHIRES15DEL03,23.0,4.9,23.369746,85.33982,23.459746,85.42982,02-03-2022,17:30,17:45,Stormy,Medium,0,Buffet,motorcycle,0.0,No,Urban,24,RAN,North India,17
0xa515,JAPRES03DEL01,25.0,4.8,26.913483,75.803139,26.923483,75.813139,01-04-2022,08:50,0.375,Cloudy,Low,1,Buffet,motorcycle,1.0,No,Urban,17,JAP,North India,8
0xcb8d,LUDHRES07DEL01,32.0,4.9,0.0,0.0,0.07,0.07,16-02-2022,19:45,19:50,Fog,Jam,1,Drinks,motorcycle,1.0,No,Urban,37,LUD,North India,19
0x57b7,JAPRES18DEL03,20.0,4.7,26.913987,75.752891,26.973987,75.812891,21-03-2022,20:15,20:30,Sunny,Jam,2,Snack,scooter,0.0,No,Urban,14,JAP,North India,20
0xc165,LUDHRES03DEL02,31.0,4.2,30.88722,75.804893,30.93722,75.854893,15-02-2022,19:55,0.833333333,Windy,Jam,0,Buffet,motorcycle,0.0,No,Urban,39,LUD,North India,19
0xd946,LUDHRES15DEL02,20.0,4.5,30.899584,75.809346,30.979584,75.889346,18-02-2022,20:35,20:40,Sandstorms,Jam,2,Buffet,scooter,0.0,No,Urban,16,LUD,North India,20
0xaea4,RANCHIRES01DEL02,28.0,4.8,23.416792,85.316842,23.466792,85.366842,19-03-2022,23:25,23:40,Cloudy,Low,1,Drinks,scooter,0.0,No,Urban,11,RAN,North India,23
0x3212,RANCHIRES07DEL03,34.0,5.0,23.359407,85.325055,23.449407,85.415055,04-03-2022,23:20,23:30,Cloudy,Low,1,Meal,scooter,1.0,No,Urban,29,RAN,North India,23
0x62ba,RANCHIRES20DEL02,32.0,4.9,23.39925,85.390464,23.41925,85.410464,21-03-2022,09:35,09:40,Fog,Low,0,Drinks,motorcycle,1.0,No,Urban,21,RAN,North India,9
0xd559,DEHRES13DEL02,25.0,4.5,30.366322,78.070453,30.416322,78.120453,13-02-2022,22:55,23:05,Cloudy,Low,1,Snack,motorcycle,,No,Urban,11,DEH,North India,22
0x6123,INDORES06DEL01,28.0,4.9,22.728163,75.884212,22.768163,75.924212,19-03-2022,16:55,17:05,Fog,Medium,2,Meal,scooter,0.0,No,Urban,10,IND,North India,16
0x7de7,JAPRES03DEL02,36.0,4.6,26.913483,75.803139,27.043483,75.933139,14-03-2022,17:25,17:30,Windy,Medium,1,Drinks,scooter,1.0,No,Urban,30,JAP,North India,17
0xc148,AGRRES11DEL01,24.0,4.1,27.163303,78.057044,27.173303,78.067044,13-02-2022,10:45,10:55,Sandstorms,Low,0,Drinks,motorcycle,0.0,No,Urban,16,AGR,North India,10
0x6fa7,JAPRES01DEL02,29.0,4.7,26.90519,75.810753,26.95519,75.860753,09-03-2022,21:15,21:30,Fog,Jam,0,Buffet,motorcycle,1.0,No,Urban,23,JAP,North India,21
0x8775,JAPRES03DEL02,39.0,4.5,26.913483,75.803139,26.933483,75.823139,07-03-2022,09:15,09:30,Stormy,Low,2,Meal,electric_scooter,1.0,No,Urban,28,JAP,North India,9
0x3ebe,INDORES12DEL02,36.0,4.7,22.74806,75.8934,22.87806,76.0234,06-03-2022,22:50,23:05,Windy,Low,1,Buffet,scooter,1.0,No,Urban,24,IND,North India,22
0xd3c5,KNPRES09DEL02,30.0,4.7,26.473698,80.352677,26.553698,80.432677,14-02-2022,18:10,18:25,Cloudy,Medium,1,Buffet,motorcycle,2.0,No,Urban,36,KNP,North India,18
0xb4ce,INDORES09DEL03,20.0,4.5,22.725835,75.887648,22.785835,75.947648,28-03-2022,21:35,21:45,Sunny,Jam,1,Meal,scooter,0.0,No,Urban,10,IND,North India,21
0x388f,RANCHIRES08DEL01,34.0,4.7,23.353783,85.326967,23.423783,85.396967,02-04-2022,1,24:05:00,Sandstorms,Low,0,Snack,motorcycle,1.0,No,Urban,21,RAN,North India,1
0xcd6c,ALHRES02DEL02,35.0,3.6,25.453436,81.833167,25.583436,81.963167,14-02-2022,17:40,17:55,Sandstorms,Medium,1,Drinks,scooter,0.0,No,Urban,38,ALH,North India,17
0x7ecb,JAPRES19DEL03,22.0,4.8,26.913726,75.75282,26.943726,75.78282,01-04-2022,22:45,0.958333333,Sunny,Low,2,Drinks,motorcycle,0.0,No,Urban,16,JAP,North India,22
0x63c0,RANCHIRES03DEL02,32.0,4.7,0.0,0.0,0.08,0.08,04-04-2022,22:30,22:40,Cloudy,Low,0,Meal,motorcycle,2.0,No,Urban,44,RAN,North India,22
0xdec6,DEHRES13DEL02,39.0,4.3,30.366322,78.070453,30.386322,78.090453,13-02-2022,11:10,11:15,Stormy,High,1,Snack,motorcycle,1.0,No,Urban,33,DEH,North India,11
0x2af7,JAPRES08DEL01,25.0,4.0,26.910262,75.783013,26.920262,75.793013,05-04-2022,10:15,10:30,Sandstorms,Low,0,Drinks,motorcycle,1.0,No,Urban,19,JAP,North India,10
0xdd12,KOLRES17DEL01,26.0,4.9,22.569358,88.433452,22.579358,88.443452,15-02-2022,11:30,11:35,Windy,High,2,Buffet,scooter,1.0,No,Urban,28,KOL,North India,11
0x26a8,INDORES05DEL01,36.0,4.9,22.727021,75.884167,22.837021,75.994167,04-04-2022,23:45,23:55,Stormy,Low,2,Buffet,electric_scooter,1.0,No,Urban,28,IND,North India,23
0xfd6,RANCHIRES13DEL02,37.0,4.5,23.374989,85.335486,23.504989,85.465486,29-03-2022,17:30,17:40,Sunny,Medium,0,Buffet,motorcycle,1.0,No,Urban,28,RAN,North India,17
0x5ca1,JAPRES010DEL03,33.0,4.7,26.921411,75.793604,26.981411,75.853604,05-03-2022,19:50,0.833333333,Windy,Jam,2,Buffet,scooter,1.0,No,Urban,28,JAP,North India,19
0x633b,JAPRES17DEL02,37.0,4.8,26.892312,75.806896,27.022313,75.936896,20-03-2022,23:35,23:40,Stormy,Low,1,Buffet,motorcycle,1.0,No,Urban,17,JAP,North India,23
0x6d5,INDORES05DEL02,38.0,4.7,22.727021,75.884167,22.747021,75.904167,01-04-2022,09:10,09:20,Windy,Low,1,Drinks,scooter,1.0,No,Urban,26,IND,North India,9
0x4c57,INDORES01DEL03,23.0,4.7,22.695207,75.866059,22.725207,75.896059,24-03-2022,22:20,22:25,Sandstorms,Low,2,Drinks,scooter,1.0,No,Urban,19,IND,North India,22
0x6fef,INDORES05DEL02,25.0,4.9,22.727021,75.884167,22.857021,76.014167,23-03-2022,19:45,19:55,Stormy,Jam,1,Drinks,motorcycle,1.0,No,Urban,23,IND,North India,19
0xba63,JAPRES18DEL02,21.0,4.9,26.913987,75.752891,26.963987,75.802891,24-03-2022,20:45,20:55,Windy,Jam,1,Drinks,scooter,0.0,,Urban,11,JAP,North India,20
0xc6db,BHPRES11DEL03,34.0,4.7,23.233219,77.433571,23.263219,77.463571,11-02-2022,22:30,22:45,Sunny,Low,1,Meal,scooter,1.0,No,Urban,10,BHP,North India,22
0xca7a,ALHRES12DEL03,22.0,5.0,25.443994,81.860187,25.583994,82.000187,12-02-2022,22:10,22:15,Sandstorms,Low,1,Meal,motorcycle,0.0,No,Urban,12,ALH,North India,22
0x9a72,JAPRES18DEL01,38.0,5.0,26.913987,75.752891,26.923987,75.762891,13-03-2022,10:35,10:40,Sunny,Low,2,Snack,scooter,0.0,No,Urban,17,JAP,North India,10
0x3204,JAPRES14DEL03,26.0,4.6,26.88842,75.800689,26.97842,75.890689,02-03-2022,23:10,23:25,Stormy,Low,0,Meal,motorcycle,1.0,No,Urban,24,JAP,North India,23
0x3bd0,INDORES12DEL02,28.0,4.7,22.74806,75.8934,22.87806,76.0234,14-03-2022,22:20,22:25,Cloudy,Low,2,Buffet,scooter,0.0,No,Urban,20,IND,North India,22
0xcb1d,AGRRES12DEL02,35.0,5.0,27.165108,78.015053,27.215108,78.065053,17-02-2022,23:25,23:40,Sandstorms,Low,2,Snack,motorcycle,0.0,No,Urban,28,AGR,North India,23
0x325a,INDORES09DEL02,29.0,4.9,22.725835,75.887648,22.745835,75.907648,05-03-2022,10:30,10:45,Sunny,Low,1,Meal,motorcycle,1.0,No,Urban,16,IND,North India,10
0x8adf,RANCHIRES03DEL03,34.0,4.6,0.0,0.0,0.03,0.03,15-03-2022,20:20,20:30,Sunny,Jam,0,Buffet,motorcycle,1.0,No,Urban,23,RAN,North India,20
0xd783,ALHRES13DEL01,29.0,4.9,25.451646,81.832796,25.491646,81.872796,17-02-2022,12:40,12:45,Windy,High,0,Snack,motorcycle,0.0,No,Urban,29,ALH,North India,12
0xca37,AGRRES12DEL02,26.0,4.9,27.165108,78.015053,27.295108,78.145053,14-02-2022,21:15,21:20,Sandstorms,Jam,2,Drinks,scooter,1.0,No,Urban,21,AGR,North India,21
0xf04,RANCHIRES03DEL02,21.0,4.7,0.0,0.0,0.13,0.13,27-03-2022,19:40,19:50,Sandstorms,Jam,1,Buffet,scooter,1.0,No,Urban,20,RAN,North India,19
0xc876,LUDHRES19DEL01,28.0,4.1,30.902872,75.826808,30.972872,75.896808,16-02-2022,19:20,19:30,Sandstorms,Jam,0,Drinks,motorcycle,1.0,No,Urban,34,LUD,North India,19
0xc4bf,AGRRES11DEL01,29.0,4.9,27.163303,78.057044,27.173303,78.067044,17-02-2022,08:30,08:45,Fog,Low,1,Snack,motorcycle,1.0,No,Urban,17,AGR,North India,8
0xc2c7,AGRRES17DEL03,38.0,4.4,27.157772,78.04725,27.187772,78.07725,11-02-2022,22:20,22:35,Stormy,Low,0,Buffet,motorcycle,0.0,No,Urban,22,AGR,North India,22
0x7a8e,INDORES19DEL03,39.0,4.6,22.745536,75.893106,22.775536,75.923106,03-04-2022,20:25,20:40,Windy,Jam,2,Drinks,scooter,1.0,No,Urban,30,IND,North India,20
0x47f7,JAPRES04DEL02,38.0,4.7,26.902328,75.794257,26.952328,75.844257,07-03-2022,22:35,22:40,Stormy,Low,1,Drinks,motorcycle,1.0,No,Urban,26,JAP,North India,22
0xd85d,LUDHRES11DEL02,38.0,4.1,30.893081,75.821495,31.023081,75.951495,18-02-2022,21:30,21:45,Windy,Jam,0,Meal,motorcycle,2.0,No,Urban,41,LUD,North India,21
0x1eff,RANCHIRES16DEL01,38.0,4.5,23.371292,85.327872,23.411292,85.367872,17-03-2022,14:25,14:40,Sunny,High,2,Snack,scooter,0.0,No,Urban,22,RAN,North India,14
0x92cd,RANCHIRES12DEL01,32.0,4.8,0.0,0.0,0.04,0.04,30-03-2022,15:20,15:35,Cloudy,Medium,1,Snack,scooter,0.0,No,Urban,15,RAN,North India,15
0x6b37,INDORES17DEL01,33.0,4.8,22.761226,75.887522,22.871226,75.997522,27-03-2022,21:40,21:45,Sunny,Jam,1,Buffet,scooter,0.0,No,Urban,20,IND,North India,21
0x79b4,RANCHIRES03DEL03,20.0,4.7,0.0,0.0,0.06,0.06,30-03-2022,17:10,17:15,Fog,Medium,0,Meal,motorcycle,0.0,No,Urban,20,RAN,North India,17
0x9ac1,INDORES03DEL02,39.0,4.2,22.751857,75.866699,22.771857,75.886699,24-03-2022,09:55,10:10,Stormy,Low,0,Drinks,motorcycle,1.0,No,Urban,32,IND,North India,9
0xe1eb,DEHRES16DEL02,24.0,4.7,30.342509,78.061187,30.392509,78.111187,13-02-2022,20:30,20:40,Cloudy,Jam,2,Buffet,electric_scooter,1.0,No,Urban,28,DEH,North India,20
0x44ab,JAPRES19DEL01,20.0,4.7,26.913726,75.75282,27.023726,75.86282,18-03-2022,20:20,20:30,Cloudy,Jam,0,Buffet,motorcycle,1.0,No,Urban,40,JAP,North India,20
0xfeb,JAPRES19DEL02,20.0,4.1,26.913726,75.75282,26.993726,75.83282,18-03-2022,19:10,19:25,Cloudy,Jam,1,Meal,scooter,1.0,No,Urban,31,JAP,North India,19
0xb09d,JAPRES03DEL02,32.0,4.1,26.913483,75.803139,26.933483,75.823139,03-04-2022,10:15,10:30,Stormy,Low,0,Snack,motorcycle,1.0,No,Urban,26,JAP,North India,10
0x7aed,JAPRES13DEL01,25.0,4.4,26.846156,75.8023,26.856156,75.8123,03-04-2022,11:40,11:55,Stormy,High,0,Snack,motorcycle,1.0,No,Urban,39,JAP,North India,11
0xc65b,ALHRES05DEL02,21.0,4.6,25.457687,81.835585,25.477687,81.855585,17-02-2022,09:25,09:40,Sandstorms,Low,2,Drinks,scooter,1.0,No,Urban,16,ALH,North India,9
0xcb79,ALHRES02DEL02,27.0,4.7,25.453436,81.833167,25.473436,81.853167,15-02-2022,08:25,08:35,Cloudy,Low,0,Snack,motorcycle,1.0,No,Urban,23,ALH,North India,8
0xdfff,BHPRES09DEL03,26.0,5.0,0.0,0.0,0.03,0.03,13-02-2022,22:35,22:40,Cloudy,Low,2,Buffet,motorcycle,1.0,No,Urban,13,BHP,North India,22
0x3392,JAPRES13DEL03,24.0,5.0,26.846156,75.8023,26.936156,75.8923,16-03-2022,20:50,0.875,Sandstorms,Jam,1,Buffet,scooter,0.0,No,Urban,15,JAP,North India,20
0x9325,INDORES18DEL03,34.0,3.8,22.753839,75.897429,22.843839,75.987429,06-03-2022,20:15,20:25,Sunny,Jam,1,Snack,motorcycle,1.0,No,Urban,34,IND,North India,20
0x3888,JAPRES15DEL03,32.0,5.0,26.891191,75.802083,26.951191,75.862083,01-04-2022,20:45,20:50,Cloudy,Jam,0,Meal,motorcycle,1.0,No,Urban,28,JAP,North India,20
0xa091,JAPRES01DEL02,25.0,4.8,26.90519,75.810753,26.98519,75.890753,02-03-2022,17:40,17:45,Stormy,Medium,1,Drinks,scooter,0.0,No,Urban,16,JAP,North India,17
0x2f42,RANCHIRES06DEL03,21.0,4.5,23.357804,85.325146,23.387804,85.355146,03-04-2022,22:10,22:15,Fog,Low,2,Snack,electric_scooter,1.0,No,Urban,14,RAN,North India,22
0xb2b8,RANCHIRES03DEL02,30.0,4.8,0.0,0.0,0.13,0.13,23-03-2022,22:25,22:30,Sandstorms,Low,0,Snack,motorcycle,0.0,No,Urban,24,RAN,North India,22
0xbaac,JAPRES12DEL01,27.0,4.6,26.902908,75.792934,26.972908,75.862934,25-03-2022,19:30,19:35,Cloudy,Jam,0,Drinks,motorcycle,2.0,No,Urban,47,JAP,North India,19
0xc9ad,ALHRES14DEL03,35.0,4.6,25.459775,81.834841,25.519775,81.894841,11-02-2022,23:20,23:35,Windy,Low,1,Snack,scooter,1.0,No,Urban,21,ALH,North India,23
0x6e4b,JAPRES04DEL01,23.0,4.7,26.902328,75.794257,26.912328,75.804257,13-03-2022,11:40,11:45,Stormy,High,1,Buffet,motorcycle,0.0,No,Urban,20,JAP,North India,11
0xc3f9,ALHRES20DEL02,34.0,4.9,25.454697,81.834492,25.474697,81.854492,13-02-2022,10:20,10:30,Sunny,Low,0,Drinks,motorcycle,0.0,No,Urban,26,ALH,North India,10
0xc616,KNPRES08DEL02,23.0,4.8,0.0,0.0,0.13,0.13,16-02-2022,20:10,20:15,Stormy,Jam,2,Meal,electric_scooter,1.0,No,Urban,26,KNP,North India,20
0x9b7c,INDORES11DEL03,33.0,4.9,22.751234,75.88949,22.811234,75.94949,07-03-2022,18:15,18:20,Cloudy,Medium,2,Drinks,scooter,,No,Urban,17,IND,North India,18
0xcfb2,KOLRES02DEL01,38.0,4.9,22.514585,88.39331,22.524585,88.40331,15-02-2022,08:30,08:35,Cloudy,Low,1,Drinks,scooter,1.0,No,Urban,19,KOL,North India,8
0xbb1d,RANCHIRES13DEL02,27.0,4.6,23.374989,85.335486,23.424989,85.385486,05-04-2022,22:10,22:25,Sunny,Low,0,Snack,motorcycle,0.0,No,Urban,19,RAN,North India,22
0xcca1,BHPRES16DEL01,38.0,4.6,23.264015,77.408236,23.274015,77.418236,13-02-2022,09:20,09:30,Windy,Low,1,Buffet,scooter,0.0,No,Urban,23,BHP,North India,9
0xa111,RANCHIRES12DEL01,23.0,4.8,0.0,0.0,0.04,0.04,07-03-2022,15:40,15:45,Windy,Medium,1,Drinks,scooter,1.0,No,Urban,26,RAN,North India,15
0xe266,KOLRES20DEL01,37.0,4.9,22.514119,88.362504,22.554119,88.402504,17-02-2022,15:20,15:35,Stormy,Medium,2,Snack,scooter,1.0,No,Urban,30,KOL,North India,15
0xd144,ALHRES13DEL03,20.0,4.8,25.451646,81.832796,25.481646,81.862796,13-02-2022,17:20,17:30,Fog,Medium,1,Meal,motorcycle,1.0,No,Urban,18,ALH,North India,17
0x4fd2,INDORES17DEL02,32.0,5.0,22.761226,75.887522,22.781226,75.907522,15-03-2022,09:50,09:55,Cloudy,Low,1,Drinks,motorcycle,0.0,No,Urban,18,IND,North India,9
0xd512,AGRRES17DEL02,30.0,4.8,27.157772,78.04725,27.177772,78.06725,15-02-2022,11:45,11:55,Sandstorms,High,1,Buffet,scooter,1.0,No,Urban,30,AGR,North India,11
0x3aec,RANCHIRES12DEL01,36.0,4.0,0.0,0.0,0.07,0.07,29-03-2022,23:15,23:30,Fog,Low,0,Meal,motorcycle,1.0,No,Urban,39,RAN,North India,23
0xca26,AGRRES14DEL01,38.0,4.5,27.16185,78.040165,27.27185,78.150165,16-02-2022,21:30,21:45,Sunny,Jam,1,Buffet,scooter,1.0,No,Urban,30,AGR,North India,21
0x16f2,INDORES15DEL02,28.0,5.0,22.760072,75.892574,22.840072,75.972574,23-03-2022,18:30,18:35,Stormy,Medium,2,Buffet,electric_scooter,1.0,No,Urban,27,IND,North India,18
0x9cde,JAPRES05DEL01,21.0,4.7,26.905287,75.794592,26.975287,75.864592,20-03-2022,22:35,22:45,Sandstorms,Low,2,Drinks,scooter,1.0,No,Urban,18,JAP,North India,22
0x4f69,INDORES04DEL02,24.0,4.3,22.753659,75.903365,22.883659,76.033365,04-04-2022,19:25,19:35,Cloudy,Jam,1,Drinks,scooter,1.0,No,Urban,41,IND,North India,19
0x3d3f,JAPRES14DEL01,29.0,5.0,26.88842,75.800689,26.92842,75.840689,30-03-2022,12:15,12:30,Windy,High,1,Snack,motorcycle,1.0,No,Urban,24,JAP,North India,12
0xd526,ALHRES20DEL02,28.0,4.6,25.454697,81.834492,25.584697,81.964492,12-02-2022,22:10,22:20,Windy,Low,2,Meal,scooter,0.0,No,Urban,17,ALH,North India,22
0xcc08,AGRRES11DEL01,22.0,4.6,27.163303,78.057044,27.173303,78.067044,15-02-2022,11:25,11:40,Sandstorms,High,1,Buffet,motorcycle,0.0,No,Urban,20,AGR,North India,11
0xa525,RANCHIRES20DEL01,39.0,4.8,23.39925,85.390464,23.43925,85.430464,19-03-2022,15:55,0.666666667,Fog,Medium,1,Buffet,motorcycle,1.0,No,Urban,16,RAN,North India,15
0x8617,JAPRES02DEL02,35.0,4.9,26.914142,75.805704,26.964142,75.855704,17-03-2022,23:45,1,Fog,Low,0,Drinks,motorcycle,1.0,No,Urban,25,JAP,North India,23
0xbe6e,INDORES13DEL01,36.0,4.8,22.745049,75.892471,22.815049,75.962471,02-04-2022,18:40,18:55,Stormy,Medium,2,Meal,motorcycle,1.0,No,Urban,21,IND,North India,18
0xdfa9,DEHRES13DEL01,38.0,4.6,30.366322,78.070453,30.476322,78.180453,12-02-2022,18:20,18:35,Windy,Medium,2,Meal,scooter,1.0,No,Urban,25,DEH,North India,18
0xd0b0,LUDHRES12DEL03,36.0,4.7,30.893244,75.821817,31.033244,75.961817,16-02-2022,20:20,20:35,Sandstorms,Jam,1,Snack,scooter,1.0,No,Urban,29,LUD,North India,20
0x4add,INDORES06DEL02,29.0,4.6,22.728163,75.884212,22.808163,75.964212,16-03-2022,17:25,17:35,Sunny,Medium,2,Snack,scooter,1.0,No,Urban,17,IND,North India,17
0xc26f,AGRRES20DEL03,27.0,4.7,27.158822,78.045359,27.188822,78.075359,11-02-2022,18:15,18:20,Sandstorms,Medium,1,Snack,motorcycle,1.0,No,Urban,21,AGR,North India,18
0x9bd7,RANCHIRES08DEL02,30.0,5.0,23.353783,85.326967,23.373783,85.346967,28-03-2022,11:10,11:25,Fog,High,2,Meal,motorcycle,1.0,No,Urban,34,RAN,North India,11
0x5f78,RANCHIRES06DEL02,34.0,3.7,23.357804,85.325146,23.437804,85.405146,27-03-2022,19:40,19:50,Sunny,Jam,1,Drinks,motorcycle,0.0,No,Urban,32,RAN,North India,19
0x3222,INDORES15DEL01,36.0,4.6,22.760072,75.892574,22.800072,75.932574,05-04-2022,14:35,14:40,Cloudy,High,0,Drinks,motorcycle,1.0,No,Urban,27,IND,North India,14
0xbc94,INDORES01DEL03,35.0,4.6,22.695207,75.866059,22.725207,75.896059,09-03-2022,23:10,23:15,Fog,Low,0,Snack,motorcycle,1.0,No,Urban,29,IND,North India,23
0x9cb8,INDORES07DEL01,30.0,4.9,22.722634,75.886959,22.732634,75.896959,17-03-2022,09:10,09:15,Cloudy,Low,2,Meal,motorcycle,1.0,No,Urban,17,IND,North India,9
0x7b5,JAPRES19DEL03,20.0,4.9,26.913726,75.75282,26.973726,75.812821,01-03-2022,18:15,18:25,Stormy,Medium,0,Drinks,motorcycle,1.0,No,Urban,16,JAP,North India,18
0xcf6b,AGRRES010DEL02,21.0,4.7,27.163303,78.057044,27.293303,78.187044,16-02-2022,21:35,21:45,Stormy,Jam,1,Meal,scooter,1.0,No,Urban,29,AGR,North India,21
0x91bc,RANCHIRES11DEL01,38.0,4.6,23.359194,85.325447,23.399194,85.365447,01-03-2022,13:50,14:05,Cloudy,High,0,Meal,motorcycle,0.0,No,Urban,31,RAN,North India,13
0xc143,KNPRES14DEL03,37.0,4.5,26.463504,80.372929,26.493504,80.402929,13-02-2022,22:30,22:40,Windy,Low,1,Meal,motorcycle,0.0,No,Urban,20,KNP,North India,22
0xa84,INDORES20DEL02,22.0,4.9,22.732225,75.874765,22.862225,76.004765,10-03-2022,18:20,18:35,Sunny,Medium,2,Buffet,scooter,1.0,No,Urban,12,IND,North India,18
0x8a95,JAPRES14DEL03,20.0,5.0,26.88842,75.800689,27.02842,75.940689,02-04-2022,23:30,23:45,Cloudy,Low,0,Buffet,motorcycle,1.0,No,Urban,23,JAP,North India,23
0xdb97,DEHRES03DEL02,39.0,4.9,30.335259,78.053162,30.465259,78.183162,16-02-2022,19:45,19:55,Sandstorms,Jam,0,Buffet,motorcycle,1.0,No,Urban,36,DEH,North India,19
0xe07a,KOLRES20DEL03,34.0,5.0,22.514119,88.362504,22.604119,88.452504,12-02-2022,23:35,23:40,Sunny,Low,1,Drinks,motorcycle,1.0,No,Urban,16,KOL,North India,23
0x61e5,RANCHIRES12DEL01,21.0,4.0,0.0,0.0,0.01,0.01,07-03-2022,11:25,11:40,Fog,High,1,Meal,scooter,1.0,No,Urban,34,RAN,North India,11
0xc104,KOLRES04DEL01,32.0,4.4,-22.538731,88.364878,22.578731,88.404878,15-02-2022,15:25,15:35,Sandstorms,Medium,2,Meal,electric_scooter,1.0,No,Urban,33,KOL,North India,15
0x293a,JAPRES07DEL01,35.0,4.4,26.766536,75.837333,26.876536,75.947333,27-03-2022,20:40,20:50,Cloudy,Jam,1,Meal,scooter,1.0,No,Urban,46,JAP,North India,20
0x762b,RANCHIRES11DEL02,28.0,4.1,23.359194,85.325447,23.489194,85.455447,16-03-2022,18:40,18:55,Fog,Medium,1,Drinks,scooter,0.0,No,Urban,39,RAN,North India,18
0xce8d,ALHRES04DEL03,39.0,4.7,0.0,0.0,0.03,0.03,13-02-2022,17:25,17:30,Stormy,Medium,1,Buffet,motorcycle,1.0,No,Urban,28,ALH,North India,17
0xfee,RANCHIRES14DEL03,26.0,4.7,0.0,0.0,0.09,0.09,02-04-2022,18:25,18:40,Stormy,Medium,2,Drinks,electric_scooter,1.0,No,Urban,16,RAN,North India,18
0xc225,BHPRES010DEL01,37.0,4.5,23.266261,77.379605,23.306261,77.419605,11-02-2022,12:15,12:20,Sunny,High,2,Snack,scooter,0.0,No,Urban,19,BHP,North India,12
0x3ffa,INDORES04DEL03,31.0,5.0,22.753659,75.903365,22.783659,75.933365,15-03-2022,22:10,22:15,Cloudy,Low,1,Buffet,scooter,,No,Urban,16,IND,North India,22
0xda15,BHPRES20DEL03,28.0,4.5,23.235123,77.398886,23.265123,77.428886,11-02-2022,18:20,18:25,Cloudy,Medium,0,Drinks,motorcycle,1.0,No,Urban,20,BHP,North India,18
0xcb23,KNPRES12DEL02,35.0,4.6,26.492106,80.327797,26.512106,80.347797,15-02-2022,08:45,0.375,Fog,Low,1,Meal,scooter,0.0,No,Urban,19,KNP,North India,8
0xca5c,DEHRES19DEL02,39.0,4.1,30.372202,78.077151,30.392202,78.097151,13-02-2022,11:20,11:25,Stormy,High,1,Buffet,motorcycle,1.0,No,Urban,34,DEH,North India,11
0x8af2,JAPRES02DEL03,31.0,4.2,26.914142,75.805704,26.974142,75.865704,09-03-2022,23:30,23:45,Stormy,Low,0,Drinks,motorcycle,0.0,No,Urban,27,JAP,North India,23
0xb3f9,INDORES05DEL03,39.0,4.6,22.727021,75.884167,22.787021,75.944167,05-04-2022,23:45,23:55,Cloudy,Low,2,Snack,scooter,0.0,No,Urban,17,IND,North India,23
0xc87a,KNPRES05DEL01,24.0,4.8,26.479108,80.315042,26.589108,80.425042,18-02-2022,23:45,23:50,Sunny,Low,0,Snack,motorcycle,1.0,No,Urban,20,KNP,North India,23
0x3ae6,JAPRES15DEL02,27.0,4.3,26.891191,75.802083,26.941191,75.852083,07-03-2022,21:15,21:30,Fog,Jam,1,Buffet,motorcycle,1.0,No,Urban,31,JAP,North India,21
0xc794,DEHRES18DEL02,24.0,5.0,0.0,0.0,0.08,0.08,16-02-2022,17:35,17:50,Sandstorms,Medium,0,Drinks,motorcycle,1.0,No,Urban,36,DEH,North India,17
0xccf3,KNPRES05DEL03,30.0,4.7,26.479108,80.315042,26.569108,80.405042,14-02-2022,21:15,21:25,Sandstorms,Jam,0,Drinks,motorcycle,2.0,No,Urban,53,KNP,North India,21
0x9db8,RANCHIRES16DEL03,20.0,4.8,23.371292,85.327872,23.401292,85.357872,30-03-2022,17:50,17:55,Fog,Medium,1,Snack,scooter,1.0,No,Urban,17,RAN,North India,17
0x1556,JAPRES09DEL01,22.0,4.7,26.911378,75.789034,26.921378,75.799034,09-03-2022,08:45,08:50,Cloudy,Low,2,Snack,scooter,1.0,No,Urban,17,JAP,North India,8
0x68fb,RANCHIRES20DEL01,33.0,4.8,23.39925,85.390464,23.43925,85.430464,05-03-2022,15:20,15:25,Cloudy,Medium,1,Drinks,motorcycle,0.0,No,Urban,17,RAN,North India,15
0x8d2,JAPRES02DEL03,30.0,4.8,26.914142,75.805704,26.944142,75.835704,05-04-2022,19:40,19:50,Stormy,Jam,1,Meal,motorcycle,1.0,No,Urban,32,JAP,North India,19
0xbe0,INDORES14DEL02,30.0,4.6337736972250205,22.761593,75.886362,22.891593,76.016362,23-03-2022,17:35,17:45,Fog,Medium,2,Drinks,scooter,1.0,No,Urban,38,IND,North India,17
0xd054,KOLRES01DEL02,35.0,5.0,22.514688,88.393294,22.644688,88.523294,12-02-2022,20:40,20:50,Stormy,Jam,2,Snack,scooter,0.0,No,Urban,25,KOL,North India,20
0x2a53,INDORES13DEL02,37.0,5.0,22.745049,75.892471,22.795049,75.942471,03-03-2022,1,24:10:00,Sunny,Low,1,Meal,scooter,1.0,No,Urban,17,IND,North India,1
0xde96,DEHRES12DEL01,21.0,4.7,0.0,0.0,0.01,0.01,17-02-2022,08:25,08:40,Sunny,Low,0,Buffet,motorcycle,0.0,No,Urban,10,DEH,North India,8
0xcc79,KOLRES18DEL03,33.0,4.7,22.569367,88.433187,22.599367,88.463187,13-02-2022,19:15,19:30,Sunny,Jam,0,Buffet,motorcycle,1.0,No,Urban,21,KOL,North India,19
0xdf9f,ALHRES11DEL02,35.0,4.8,0.0,0.0,0.05,0.05,13-02-2022,18:25,18:35,Sunny,Medium,1,Buffet,motorcycle,1.0,No,Urban,18,ALH,North India,18
0x5fd3,JAPRES06DEL01,27.0,5.0,26.911927,75.797282,26.981927,75.867282,06-03-2022,19:40,19:45,Windy,Jam,2,Drinks,motorcycle,0.0,No,Urban,16,JAP,North India,19
0xc640,KOLRES13DEL01,23.0,4.8,22.553227,88.353273,22.563227,88.363273,15-02-2022,09:55,0.416666667,Windy,Low,1,Snack,scooter,1.0,No,Urban,16,KOL,North India,9
0xadeb,INDORES14DEL03,22.0,4.3,22.761593,75.886362,22.821593,75.946362,26-03-2022,22:10,22:25,Sandstorms,Low,0,Drinks,motorcycle,1.0,No,Urban,24,IND,North India,22
0x3d92,RANCHIRES07DEL01,30.0,4.7,23.359407,85.325055,23.369407,85.335055,05-03-2022,11:45,11:55,Sandstorms,High,2,Drinks,scooter,1.0,No,Urban,29,RAN,North India,11
0xd07a,AGRRES03DEL03,20.0,4.9,27.160832,78.011608,27.250832,78.101608,16-02-2022,22:55,0.958333333,Stormy,Low,2,Buffet,motorcycle,0.0,No,Urban,19,AGR,North India,22
0xc592,KNPRES04DEL03,24.0,4.6,26.471529,80.313458,26.531529,80.373458,11-02-2022,18:45,18:50,Windy,Medium,0,Snack,motorcycle,0.0,No,Urban,10,KNP,North India,18
0x7aac,INDORES010DEL01,37.0,4.9,22.75004,75.902847,22.76004,75.912847,09-03-2022,10:35,10:45,Sunny,Low,2,Snack,motorcycle,0.0,No,Urban,11,IND,North India,10
0xc934,ALHRES05DEL02,34.0,3.7,25.457687,81.835585,25.537687,81.915585,16-02-2022,19:10,19:20,Sunny,Jam,2,Meal,motorcycle,1.0,No,Urban,34,ALH,North India,19
0xc074,AGRRES12DEL02,29.0,4.2,-27.165108,78.015053,27.215108,78.065053,15-02-2022,22:35,22:40,Windy,Low,0,Buffet,motorcycle,1.0,No,Urban,17,AGR,North India,22
0x7df6,INDORES11DEL02,25.0,4.9,22.751234,75.88949,22.771234,75.90949,19-03-2022,10:30,10:35,Fog,Low,1,Snack,motorcycle,,No,Urban,17,IND,North India,10
0x8d5e,INDORES16DEL01,24.0,4.7,22.744648,75.894377,22.814648,75.964377,12-03-2022,21:55,0.916666667,Sunny,Jam,1,Drinks,motorcycle,1.0,No,Urban,17,IND,North India,21
0xc0e6,AGRRES03DEL03,24.0,4.8,-27.160832,78.011608,27.250832,78.101608,14-02-2022,19:40,19:45,Sandstorms,Jam,1,Snack,scooter,1.0,No,Urban,19,AGR,North India,19
0x1c22,RANCHIRES19DEL02,39.0,4.3,23.333017,85.3172,23.463017,85.4472,27-03-2022,17:15,17:20,Stormy,Medium,1,Buffet,scooter,1.0,No,Urban,31,RAN,North India,17
0x6aa5,JAPRES12DEL03,28.0,4.7,26.902908,75.792934,26.992908,75.882934,14-03-2022,23:35,23:45,Sunny,Low,1,Snack,scooter,1.0,No,Urban,27,JAP,North India,23
0x6f15,JAPRES09DEL01,37.0,4.6,26.911378,75.789034,26.951378,75.829034,09-03-2022,13:40,13:50,Stormy,High,1,Meal,scooter,1.0,No,Urban,34,JAP,North India,13
0xd8f2,KOLRES18DEL02,34.0,4.8,22.569367,88.433187,22.619367,88.483187,11-02-2022,23:55,1,Sandstorms,Low,1,Snack,scooter,0.0,No,Urban,26,KOL,North India,23
0xc140,AGRRES16DEL02,31.0,4.4,0.0,0.0,0.13,0.13,14-02-2022,23:20,23:30,Fog,Low,1,Drinks,scooter,0.0,No,Urban,39,AGR,North India,23
0xcc65,LUDHRES17DEL03,26.0,4.6,30.893384,75.821202,30.953384,75.881202,17-02-2022,23:45,1,Cloudy,Low,2,Drinks,scooter,1.0,No,Urban,11,LUD,North India,23
0xda7e,DEHRES20DEL02,30.0,4.5,0.0,0.0,0.13,0.13,12-02-2022,18:10,18:20,Sunny,Medium,2,Buffet,scooter,1.0,No,Urban,23,DEH,North India,18
0x656e,RANCHIRES04DEL02,31.0,5.0,23.359033,85.325347,23.379033,85.345347,07-03-2022,10:55,11:10,Fog,Low,2,Meal,electric_scooter,0.0,No,Urban,16,RAN,North India,10
0xc34d,LUDHRES010DEL01,28.0,4.7,30.89286,75.822199,30.93286,75.862199,17-02-2022,16:30,16:40,Stormy,Medium,2,Drinks,scooter,0.0,No,Urban,26,LUD,North India,16
0x4403,INDORES19DEL03,36.0,4.7,22.745536,75.893106,22.805536,75.953106,03-03-2022,19:45,0.833333333,Sunny,Jam,1,Drinks,scooter,1.0,No,Urban,19,IND,North India,19
0xde37,BHPRES19DEL03,26.0,4.7,0.0,0.0,0.06,0.06,11-02-2022,20:45,0.875,Windy,Jam,2,Snack,electric_scooter,1.0,No,Urban,25,BHP,North India,20
0xa1b3,RANCHIRES13DEL03,36.0,4.8,23.374989,85.335486,23.464989,85.425486,06-04-2022,20:50,21:05,Cloudy,Jam,0,Meal,motorcycle,0.0,No,Urban,41,RAN,North India,20
0x6076,JAPRES12DEL03,29.0,4.8,26.902908,75.792934,27.042908,75.932934,04-04-2022,23:45,23:50,Sandstorms,Low,2,Meal,scooter,0.0,No,Urban,12,JAP,North India,23
0x67cf,INDORES19DEL02,27.0,4.7,22.745536,75.893106,22.875536,76.023106,06-04-2022,23:25,23:40,Stormy,Low,0,Drinks,motorcycle,1.0,No,Urban,16,IND,North India,23
0xc17d,ALHRES05DEL01,32.0,4.6,25.457687,81.835585,25.527687,81.905585,12-02-2022,20:30,20:40,Sunny,Jam,1,Meal,motorcycle,1.0,No,Urban,16,ALH,North India,20
0xd3a5,ALHRES14DEL03,23.0,4.7,25.459775,81.834841,25.519775,81.894841,15-02-2022,23:35,23:45,Windy,Low,1,Meal,motorcycle,0.0,No,Urban,11,ALH,North India,23
0xa19b,RANCHIRES13DEL03,28.0,4.7,23.374989,85.335486,23.404989,85.365486,09-03-2022,17:15,17:30,Sunny,Medium,1,Buffet,motorcycle,0.0,No,Urban,17,RAN,North India,17
0x7e1a,RANCHIRES14DEL02,31.0,4.8,0.0,0.0,0.13,0.13,18-03-2022,23:45,23:50,Windy,Low,1,Meal,motorcycle,0.0,No,Urban,23,RAN,North India,23
0x42bb,JAPRES05DEL03,36.0,4.4,26.905287,75.794592,27.045287,75.934592,02-03-2022,17:55,0.75,Windy,Medium,0,Buffet,motorcycle,2.0,No,Urban,47,JAP,North India,17
0x6023,INDORES17DEL02,30.0,4.6,22.761226,75.887522,22.781226,75.907522,05-04-2022,11:25,11:40,Sandstorms,High,2,Snack,scooter,1.0,No,Urban,28,IND,North India,11
0x9fc,JAPRES09DEL02,20.0,5.0,26.911378,75.789034,26.931378,75.809034,03-03-2022,08:20,08:25,Fog,Low,2,Meal,scooter,0.0,No,Urban,11,JAP,North India,8
0xca4d,BHPRES12DEL01,32.0,4.8,0.0,0.0,0.01,0.01,13-02-2022,09:30,09:35,Sandstorms,Low,1,Snack,scooter,0.0,No,Urban,24,BHP,North India,9
0x9f08,RANCHIRES11DEL01,20.0,4.8,23.359194,85.325447,23.399194,85.365447,03-04-2022,15:15,15:25,Cloudy,Medium,1,Snack,scooter,0.0,,Urban,10,RAN,North India,15
0x9102,JAPRES20DEL03,21.0,4.7,26.956431,75.776649,27.096431,75.916649,02-03-2022,17:45,0.75,Sandstorms,Medium,1,Drinks,motorcycle,1.0,No,Urban,15,JAP,North India,17
0x2855,JAPRES01DEL02,33.0,4.6,26.90519,75.810753,26.95519,75.860753,05-03-2022,18:30,18:35,Windy,Medium,1,Meal,motorcycle,1.0,No,Urban,27,JAP,North India,18
0xd794,KOLRES15DEL02,39.0,4.7,22.552672,88.352885,22.572672,88.372885,17-02-2022,11:35,11:40,Stormy,High,1,Snack,scooter,1.0,No,Urban,29,KOL,North India,11
0x5157,INDORES01DEL03,29.0,4.8,22.695207,75.866059,22.755207,75.926059,01-04-2022,20:30,20:45,Stormy,Jam,1,Drinks,scooter,1.0,No,Urban,14,IND,North India,20
0xd953,BHPRES02DEL01,28.0,3.3,0.0,0.0,0.07,0.07,18-02-2022,23:55,24:10:00,Sunny,Low,1,Buffet,motorcycle,1.0,No,Urban,31,BHP,North India,23
0xd51f,LUDHRES20DEL01,26.0,4.2,30.885915,75.788259,30.925915,75.828259,11-02-2022,14:45,0.625,Stormy,High,0,Drinks,motorcycle,1.0,No,Urban,38,LUD,North India,14
0xca41,BHPRES03DEL03,20.0,4.6,23.214294,77.435361,23.244294,77.465361,13-02-2022,1,24:05:00,Sandstorms,Low,1,Snack,scooter,0.0,No,Urban,13,BHP,North India,1
0xc989,ALHRES01DEL02,28.0,4.6,25.454648,81.834502,25.584648,81.964502,16-02-2022,23:10,23:25,Windy,Low,0,Snack,motorcycle,1.0,No,Urban,15,ALH,North India,23
0x3057,INDORES08DEL02,20.0,4.5,22.725748,75.898497,22.805747,75.978497,06-04-2022,19:15,19:25,Sunny,Jam,1,Drinks,motorcycle,0.0,No,Urban,16,IND,North India,19
0x8fab,RANCHIRES03DEL01,28.0,4.8,0.0,0.0,0.11,0.11,06-03-2022,23:20,23:25,Stormy,Low,2,Meal,motorcycle,0.0,No,Urban,15,RAN,North India,23
0x3d6e,RANCHIRES05DEL02,27.0,4.7,23.355164,85.324097,23.435164,85.404097,23-03-2022,1,24:05:00,Cloudy,Low,2,Meal,motorcycle,0.0,No,Urban,27,RAN,North India,1
0x309f,INDORES06DEL02,23.0,4.6,22.728163,75.884212,22.748163,75.904212,01-03-2022,08:15,08:30,Stormy,Low,1,Meal,motorcycle,0.0,No,Urban,13,IND,North India,8
0xcdce,LUDHRES05DEL01,20.0,4.7,30.905562,75.832841,30.915562,75.842841,15-02-2022,08:45,08:50,Sunny,Low,2,Meal,scooter,1.0,No,Urban,21,LUD,North India,8
0x4a58,INDORES01DEL02,22.0,4.7,22.695207,75.866059,22.745207,75.916059,03-04-2022,21:25,21:40,Sunny,Jam,2,Drinks,scooter,1.0,No,Urban,15,IND,North India,21
0xc151,KNPRES01DEL03,30.0,4.6,26.483672,80.320708,26.513672,80.350708,15-02-2022,21:55,0.916666667,Stormy,Jam,1,Meal,motorcycle,1.0,No,Urban,26,KNP,North India,21
0x6da7,INDORES11DEL03,34.0,4.6,22.751234,75.88949,22.811234,75.94949,05-03-2022,19:20,19:25,Cloudy,Jam,1,Buffet,scooter,1.0,No,Urban,28,IND,North India,19
0xcaf1,DEHRES04DEL02,25.0,4.8,30.340722,78.060221,30.420722,78.140221,16-02-2022,17:20,17:25,Cloudy,Medium,1,Buffet,motorcycle,0.0,No,Urban,30,DEH,North India,17
0x5857,JAPRES11DEL02,36.0,4.7,26.90294,75.793007,26.95294,75.843007,21-03-2022,18:20,18:35,Stormy,Medium,2,Snack,motorcycle,0.0,No,Urban,27,JAP,North India,18
0xd452,DEHRES09DEL02,30.0,4.2,30.332735,78.054222,30.382735,78.104222,15-02-2022,22:20,22:30,Windy,Low,0,Drinks,motorcycle,2.0,No,Urban,34,DEH,North India,22
0x2f2b,INDORES20DEL01,22.0,4.7,22.732225,75.874765,22.772225,75.914765,21-03-2022,12:50,13:05,Windy,High,1,Snack,motorcycle,1.0,No,Urban,15,IND,North India,12
0x8616,INDORES010DEL02,38.0,3.7,22.75004,75.902847,22.88004,76.032847,08-03-2022,20:20,20:25,Windy,Jam,2,Drinks,scooter,0.0,No,Urban,37,IND,North India,20
0xcb30,AGRRES08DEL01,22.0,4.3,27.160934,78.044095,27.170934,78.054095,11-02-2022,08:10,08:20,Windy,Low,0,Drinks,motorcycle,0.0,No,Urban,27,AGR,North India,8
0xd95e,KNPRES02DEL03,36.0,4.6,26.471617,80.313564,26.501617,80.343564,15-02-2022,21:35,21:45,Windy,Jam,1,Meal,motorcycle,1.0,No,Urban,26,KNP,North India,21
0xe11e,KNPRES010DEL01,23.0,4.1,26.47775,80.351569,26.48775,80.361569,17-02-2022,08:10,08:15,Sandstorms,Low,0,Buffet,motorcycle,1.0,No,Urban,21,KNP,North India,8
0x1efc,RANCHIRES12DEL01,21.0,4.6,0.0,0.0,0.01,0.01,15-03-2022,08:45,0.375,Sandstorms,Low,1,Meal,motorcycle,0.0,No,Urban,10,RAN,North India,8
0xcfc8,AGRRES03DEL01,23.0,4.9,27.160832,78.011608,27.270832,78.121608,14-02-2022,18:45,18:55,Sunny,Medium,1,Buffet,motorcycle,1.0,No,Urban,10,AGR,North India,18
0x4e2a,INDORES010DEL01,32.0,4.1,22.75004,75.902847,22.79004,75.942847,09-03-2022,13:10,13:15,Windy,High,0,Meal,motorcycle,2.0,No,Urban,40,IND,North India,13
0x9e2a,JAPRES09DEL01,27.0,4.6,26.911378,75.789034,27.021378,75.899034,02-04-2022,22:40,22:45,Stormy,Low,0,Meal,motorcycle,0.0,No,Urban,18,JAP,North India,22
0xdc3f,BHPRES19DEL01,21.0,4.8,0.0,0.0,0.01,0.01,17-02-2022,08:50,0.375,Cloudy,Low,0,Meal,motorcycle,1.0,No,Urban,21,BHP,North India,8
0x6e60,INDORES16DEL02,29.0,4.8,22.744648,75.894377,22.874648,76.024377,23-03-2022,18:15,18:30,Sandstorms,Medium,1,Snack,motorcycle,1.0,No,Urban,18,IND,North India,18
0xd791,AGRRES05DEL03,25.0,4.7,27.201725,78.007553,27.291725,78.097553,12-02-2022,17:50,18:05,Sunny,Medium,2,Snack,scooter,0.0,No,Urban,12,AGR,North India,17
0xd555,LUDHRES11DEL01,26.0,4.6,30.893081,75.821495,30.963081,75.891495,16-02-2022,22:55,23:05,Sandstorms,Low,2,Drinks,scooter,0.0,No,Urban,10,LUD,North India,22
0xc3e8,ALHRES18DEL02,31.0,4.8,25.450317,81.831681,25.500317,81.881681,13-02-2022,19:15,19:30,Sunny,Jam,2,Buffet,scooter,0.0,No,Urban,15,ALH,North India,19
0x19d7,JAPRES04DEL03,23.0,4.7,26.902328,75.794257,26.992328,75.884257,02-03-2022,22:10,22:25,Stormy,Low,1,Meal,motorcycle,1.0,No,Urban,11,JAP,North India,22
0xd9aa,KNPRES03DEL03,38.0,4.9,26.469003,80.316344,26.499003,80.346344,15-02-2022,22:45,22:50,Sunny,Low,2,Snack,scooter,1.0,No,Urban,14,KNP,North India,22
0x41c7,JAPRES20DEL03,25.0,4.7,26.956431,75.776649,26.986431,75.806649,17-03-2022,17:35,17:50,Stormy,Medium,1,Drinks,scooter,1.0,No,Urban,24,JAP,North India,17
0x5022,JAPRES14DEL02,27.0,4.5,26.88842,75.800689,26.90842,75.820689,07-03-2022,08:20,08:30,Sandstorms,Low,0,Snack,motorcycle,1.0,No,Urban,22,JAP,North India,8
0x5394,INDORES010DEL01,38.0,4.3,22.75004,75.902847,22.82004,75.972847,16-03-2022,17:10,17:25,Fog,Medium,2,Buffet,scooter,1.0,No,Urban,38,IND,North India,17
0xe24e,ALHRES09DEL02,38.0,4.9,0.0,0.0,0.13,0.13,12-02-2022,20:20,20:30,Cloudy,Jam,0,Drinks,motorcycle,1.0,No,Urban,53,ALH,North India,20
0xd162,AGRRES12DEL01,29.0,3.1,27.165108,78.015053,27.275108,78.125053,16-02-2022,22:35,22:50,Sunny,Low,1,Buffet,motorcycle,,No,Urban,38,AGR,North India,22
0x3ffc,JAPRES06DEL02,24.0,4.5,26.911927,75.797282,26.991927,75.877282,14-03-2022,20:35,20:40,Sunny,Jam,1,Drinks,scooter,0.0,No,Urban,10,JAP,North India,20
0xc975,KNPRES04DEL01,20.0,4.6,26.471529,80.313458,26.481529,80.323458,17-02-2022,10:30,10:40,Cloudy,Low,0,Meal,motorcycle,1.0,No,Urban,23,KNP,North India,10
0xbb9a,JAPRES07DEL01,33.0,3.8,26.766536,75.837333,26.836536,75.907333,06-04-2022,21:50,0.916666667,Sandstorms,Jam,1,Meal,motorcycle,0.0,No,Urban,40,JAP,North India,21
0x4848,INDORES010DEL01,24.0,4.9,22.75004,75.902847,22.76004,75.912847,03-03-2022,08:45,0.375,Sandstorms,Low,2,Buffet,scooter,1.0,No,Urban,15,IND,North India,8
0x4ce2,JAPRES04DEL02,32.0,4.7,26.902328,75.794257,26.952328,75.844257,17-03-2022,17:15,17:30,Cloudy,Medium,1,Meal,scooter,0.0,No,Urban,18,JAP,North India,17
0x69e4,JAPRES01DEL01,34.0,4.5,26.90519,75.810753,27.01519,75.920753,02-03-2022,1,24:05:00,Stormy,Low,0,Meal,motorcycle,1.0,No,Urban,26,JAP,North India,1
0x6a9a,INDORES15DEL03,23.0,4.5,22.760072,75.892574,22.850072,75.982574,04-04-2022,17:15,17:30,Windy,Medium,2,Drinks,scooter,1.0,No,Urban,16,IND,North India,17
0xceaf,DEHRES08DEL03,35.0,4.9,30.359722,78.067079,30.419722,78.127079,11-02-2022,23:15,23:25,Sunny,Low,2,Meal,motorcycle,0.0,No,Urban,10,DEH,North India,23
0xd115,ALHRES03DEL03,38.0,4.8,25.451517,81.832616,25.511517,81.892616,17-02-2022,22:45,22:55,Sandstorms,Low,2,Drinks,scooter,1.0,No,Urban,20,ALH,North India,22
0xcd68,KOLRES010DEL02,21.0,4.9,22.538999,88.322337,22.558999,88.342337,15-02-2022,08:40,08:50,Fog,Low,2,Snack,motorcycle,1.0,No,Urban,14,KOL,North India,8
0x9309,INDORES01DEL02,24.0,4.7,22.695207,75.866059,22.825207,75.996059,23-03-2022,21:50,0.916666667,Windy,Jam,1,Drinks,scooter,1.0,No,Urban,18,IND,North India,21
0x5904,JAPRES20DEL03,36.0,4.6,26.956431,75.776649,26.986431,75.806649,09-03-2022,22:50,23:05,Sandstorms,Low,2,Meal,electric_scooter,1.0,No,Urban,23,JAP,North India,22
0x2ec9,RANCHIRES16DEL03,34.0,4.1,23.371292,85.327872,23.401292,85.357872,24-03-2022,18:40,18:50,Windy,Medium,2,Buffet,scooter,1.0,No,Urban,31,RAN,North India,18
0x9945,INDORES08DEL02,32.0,4.8,22.725748,75.898497,22.745748,75.918497,09-03-2022,10:35,10:45,Sandstorms,Low,1,Snack,motorcycle,1.0,No,Urban,25,IND,North India,10
0xcf0d,KOLRES05DEL02,32.0,4.9,22.527893,88.368628,22.577893,88.418628,13-02-2022,23:50,1,Windy,Low,2,Meal,motorcycle,1.0,No,Urban,25,KOL,North India,23
0x622d,JAPRES13DEL02,20.0,4.9,26.846156,75.8023,26.976156,75.9323,06-03-2022,21:55,0.916666667,Sunny,Jam,0,Buffet,motorcycle,1.0,No,Urban,17,JAP,North India,21
0x1627,JAPRES06DEL02,38.0,4.6,26.911927,75.797282,26.961927,75.847282,17-03-2022,17:30,17:45,Windy,Medium,1,Meal,motorcycle,1.0,No,Urban,29,JAP,North India,17
0xd4f3,LUDHRES13DEL01,22.0,4.5,30.893234,75.82172,31.003234,75.93172,12-02-2022,23:40,23:55,Windy,Low,0,Buffet,motorcycle,0.0,No,Urban,18,LUD,North India,23
0xd9cb,DEHRES05DEL03,33.0,5.0,30.346994,78.062543,30.436994,78.152543,14-02-2022,18:45,18:50,Cloudy,Medium,2,Snack,electric_scooter,1.0,No,Urban,40,DEH,North India,18
0xc2c9,LUDHRES02DEL01,37.0,5.0,0.0,0.0,0.11,0.11,16-02-2022,23:55,24:10:00,Sunny,Low,1,Buffet,scooter,0.0,No,Urban,20,LUD,North India,23
0x5df7,JAPRES11DEL03,39.0,4.6,26.90294,75.793007,26.93294,75.823007,30-03-2022,22:20,22:30,Windy,Low,2,Drinks,electric_scooter,1.0,No,Urban,26,JAP,North India,22
0x5fa5,RANCHIRES08DEL02,38.0,4.6,23.353783,85.326967,23.483783,85.456967,23-03-2022,23:40,23:50,Cloudy,Low,1,Meal,scooter,1.0,No,Urban,30,RAN,North India,23
0x8127,JAPRES07DEL01,20.0,3.2,26.766536,75.837333,26.836536,75.907333,27-03-2022,23:55,24:10:00,Sunny,Low,2,Meal,scooter,1.0,No,Urban,34,JAP,North India,23
0x5df5,JAPRES16DEL01,22.0,4.8,26.849596,75.800512,26.889596,75.840512,26-03-2022,15:20,15:30,Windy,Medium,0,Snack,motorcycle,0.0,No,Urban,19,JAP,North India,15
0xc34b,BHPRES06DEL01,32.0,4.7,23.232357,77.429989,23.272357,77.469989,15-02-2022,14:45,14:50,Stormy,High,1,Snack,motorcycle,1.0,No,Urban,27,BHP,North India,14
0xc9f9,KNPRES12DEL01,35.0,4.6,26.492106,80.327797,26.602106,80.437797,12-02-2022,17:10,17:15,Stormy,Medium,1,Snack,motorcycle,1.0,No,Urban,23,KNP,North India,17
0x7e3d,JAPRES16DEL03,30.0,4.7,26.849596,75.800512,26.909596,75.860512,09-03-2022,17:40,17:50,Windy,Medium,2,Meal,scooter,1.0,No,Urban,34,JAP,North India,17
0x49ef,INDORES08DEL02,38.0,4.8,22.725748,75.898497,22.745748,75.918497,07-03-2022,11:45,0.5,Sunny,High,2,Meal,scooter,1.0,No,Urban,17,IND,North India,11
0xc1af,DEHRES19DEL03,21.0,4.6,30.372202,78.077151,30.402202,78.107151,11-02-2022,22:45,0.958333333,Stormy,Low,1,Drinks,motorcycle,0.0,No,Urban,12,DEH,North India,22
0x1b07,RANCHIRES16DEL03,32.0,4.7,23.371292,85.327872,23.401292,85.357872,15-03-2022,19:10,19:25,Cloudy,Jam,2,Buffet,motorcycle,0.0,No,Urban,37,RAN,North India,19
0xd75c,KOLRES03DEL01,21.0,5.0,22.526461,88.364453,22.566461,88.404453,17-02-2022,16:55,17:10,Sandstorms,Medium,1,Meal,scooter,1.0,No,Urban,24,KOL,North India,16
0x539d,RANCHIRES01DEL02,20.0,4.6,23.416792,85.316842,23.436792,85.336842,09-03-2022,10:25,10:30,Cloudy,Low,2,Meal,scooter,0.0,No,Urban,12,RAN,North India,10
0x7c3c,INDORES08DEL02,26.0,4.9,22.725748,75.898497,22.805747,75.978497,10-03-2022,17:30,17:45,Windy,Medium,2,Drinks,scooter,1.0,No,Urban,27,IND,North India,17
0xc8e6,AGRRES14DEL03,22.0,4.4,27.16185,78.040165,27.22185,78.100165,15-02-2022,23:25,23:30,Stormy,Low,0,Buffet,motorcycle,1.0,No,Urban,19,AGR,North India,23
0x4501,JAPRES12DEL02,36.0,4.3,26.902908,75.792934,27.032908,75.922934,04-03-2022,20:55,21:10,Stormy,Jam,2,Drinks,scooter,1.0,No,Urban,35,JAP,North India,20
0xcc37,AGRRES07DEL03,27.0,4.6,27.160934,78.044095,27.190934,78.074095,13-02-2022,18:15,18:30,Sunny,Medium,1,Meal,scooter,1.0,No,Urban,12,AGR,North India,18
0xb727,JAPRES19DEL02,27.0,4.6,26.913726,75.75282,26.993726,75.83282,06-04-2022,22:15,22:20,Stormy,Low,2,Snack,electric_scooter,0.0,No,Urban,15,JAP,North India,22
0x868b,RANCHIRES13DEL03,27.0,4.8,23.374989,85.335486,23.434989,85.395486,21-03-2022,17:55,18:05,Cloudy,Medium,1,Meal,motorcycle,0.0,No,Urban,11,RAN,North India,17
0x6f6d,JAPRES08DEL02,38.0,4.8,26.910262,75.783013,26.930262,75.803013,09-03-2022,09:55,0.416666667,Windy,Low,2,Meal,electric_scooter,1.0,No,Urban,23,JAP,North India,9
0x8d96,JAPRES02DEL03,21.0,4.9,26.914142,75.805704,27.004142,75.895704,16-03-2022,21:40,21:55,Cloudy,Jam,2,Buffet,motorcycle,2.0,No,Urban,41,JAP,North India,21
0xdf8a,KNPRES09DEL03,38.0,4.7,26.473698,80.352677,26.563698,80.442677,18-02-2022,22:10,22:25,Stormy,Low,2,Snack,scooter,1.0,No,Urban,15,KNP,North India,22
0x9039,JAPRES18DEL01,37.0,4.3,26.913987,75.752891,26.953987,75.792891,26-03-2022,15:10,15:15,Stormy,Medium,0,Meal,motorcycle,1.0,No,Urban,33,JAP,North India,15
0x360b,INDORES08DEL02,38.0,4.9,22.725748,75.898497,22.745748,75.918497,19-03-2022,09:55,10:05,Sunny,Low,2,Meal,electric_scooter,1.0,No,Urban,18,IND,North India,9
0xad94,JAPRES14DEL02,23.0,4.8,26.88842,75.800689,26.93842,75.850689,13-03-2022,19:25,19:40,Sandstorms,Jam,2,Drinks,scooter,0.0,No,Urban,23,JAP,North India,19
0xdf07,AGRRES12DEL03,31.0,4.7,27.165108,78.015053,27.305108,78.155053,14-02-2022,18:40,18:50,Sunny,Medium,1,Drinks,scooter,0.0,No,Urban,23,AGR,North India,18
0x2f5b,INDORES03DEL03,26.0,5.0,22.751857,75.866699,22.781857,75.896699,26-03-2022,21:40,21:50,Sunny,Jam,2,Drinks,electric_scooter,0.0,No,Urban,15,IND,North India,21
0x62e3,INDORES010DEL03,23.0,4.5,22.75004,75.902847,22.78004,75.932847,28-03-2022,19:35,19:50,Cloudy,Jam,1,Snack,motorcycle,1.0,No,Urban,29,IND,North India,19
0xcaa8,KOLRES11DEL02,33.0,4.8,22.577821,88.400581,22.597821,88.420581,17-02-2022,10:15,10:25,Sunny,Low,2,Snack,scooter,0.0,No,Urban,11,KOL,North India,10
0xc41e,KOLRES15DEL01,23.0,4.8,22.552672,88.352885,22.662672,88.462885,18-02-2022,20:15,20:25,Stormy,Jam,2,Snack,scooter,1.0,No,Urban,18,KOL,North India,20
0xd74f,KNPRES16DEL02,24.0,4.7,26.482581,80.315628,26.562581,80.395628,14-02-2022,22:35,22:40,Sandstorms,Low,1,Drinks,motorcycle,,,Urban,10,KNP,North India,22
0x8b88,JAPRES17DEL01,39.0,5.0,26.892312,75.806896,26.932312,75.846896,01-03-2022,15:25,15:35,Sandstorms,Medium,0,Meal,motorcycle,1.0,No,Urban,37,JAP,North India,15
0x2e60,JAPRES15DEL02,30.0,4.9,26.891191,75.802083,26.911191,75.822083,05-03-2022,10:45,0.458333333,Sunny,Low,2,Buffet,motorcycle,0.0,No,Urban,18,JAP,North India,10
0xd1b1,ALHRES09DEL01,25.0,4.5,0.0,0.0,0.04,0.04,11-02-2022,14:40,14:45,Fog,High,2,Drinks,scooter,,No,Urban,21,ALH,North India,14
0xa59e,INDORES18DEL01,38.0,4.7,22.753839,75.897429,22.823839,75.967429,06-04-2022,17:30,17:45,Stormy,Medium,0,Drinks,motorcycle,1.0,No,Urban,31,IND,North India,17
0xcbd9,KOLRES09DEL01,25.0,4.9,22.515082,88.36783,22.625082,88.47783,18-02-2022,1,24:15:00,Stormy,Low,2,Meal,scooter,0.0,No,Urban,16,KOL,North India,1
0xa72b,RANCHIRES18DEL02,36.0,4.9,23.351489,85.324253,23.431489,85.404253,02-03-2022,22:25,22:40,Windy,Low,0,Meal,motorcycle,0.0,No,Urban,22,RAN,North India,22
0x75ee,JAPRES08DEL03,28.0,4.5,26.910262,75.783013,26.970262,75.843013,19-03-2022,17:35,17:50,Windy,Medium,2,Buffet,scooter,1.0,No,Urban,29,JAP,North India,17
0xcf5d,AGRRES09DEL03,39.0,5.0,0.0,0.0,0.03,0.03,15-02-2022,19:30,19:40,Cloudy,Jam,1,Snack,motorcycle,1.0,No,Urban,29,AGR,North India,19
0x9e84,JAPRES18DEL02,26.0,5.0,26.913987,75.752891,26.933987,75.772891,07-03-2022,09:40,09:50,Cloudy,Low,1,Snack,scooter,0.0,No,Urban,10,JAP,North India,9
0xe1a8,AGRRES11DEL01,21.0,4.8,27.163303,78.057044,27.233303,78.127044,18-02-2022,18:25,18:40,Sunny,Medium,1,Meal,scooter,0.0,,Urban,10,AGR,North India,18
0x852,JAPRES01DEL01,34.0,4.8,26.90519,75.810753,26.91519,75.820753,19-03-2022,10:40,10:45,Sunny,Low,1,Buffet,scooter,0.0,No,Urban,15,JAP,North India,10
0x89b6,INDORES02DEL02,27.0,4.6,22.651847,75.881991,22.731847,75.961991,25-03-2022,22:40,22:55,Sandstorms,Low,1,Snack,scooter,,No,Urban,17,IND,North India,22
0xc8e8,DEHRES08DEL03,35.0,4.5,30.359722,78.067079,30.449722,78.157079,14-02-2022,22:15,22:20,Sunny,Low,2,Drinks,electric_scooter,1.0,No,Urban,16,DEH,North India,22
0xc4ff,KNPRES05DEL01,36.0,4.9,26.479108,80.315042,26.519108,80.355042,15-02-2022,15:25,15:40,Windy,Medium,0,Drinks,motorcycle,1.0,No,Urban,37,KNP,North India,15
0x59f8,RANCHIRES19DEL01,31.0,4.8,23.333017,85.3172,23.403017,85.3872,08-03-2022,17:40,17:45,Cloudy,Medium,1,Buffet,motorcycle,1.0,No,Urban,36,RAN,North India,17
0xc048,ALHRES09DEL02,32.0,4.6,0.0,0.0,0.05,0.05,17-02-2022,17:10,17:15,Fog,Medium,1,Meal,scooter,1.0,No,Urban,16,ALH,North India,17
0x9d8d,INDORES20DEL01,33.0,4.6,22.732225,75.874765,22.742225,75.884765,01-04-2022,11:40,11:50,Stormy,High,1,Buffet,motorcycle,1.0,No,Urban,30,IND,North India,11
0xc040,KOLRES04DEL02,30.0,4.5,-22.538731,88.364878,22.618731,88.444878,18-02-2022,17:50,17:55,Windy,Medium,1,Buffet,scooter,1.0,No,Urban,32,KOL,North India,17
0x389f,RANCHIRES01DEL03,29.0,4.9,23.416792,85.316842,23.446792,85.346842,13-03-2022,23:20,23:25,Cloudy,Low,1,Buffet,scooter,0.0,No,Urban,12,RAN,North India,23
0x92a5,RANCHIRES01DEL03,36.0,4.6,23.416792,85.316842,23.476792,85.376842,01-03-2022,22:45,22:55,Windy,Low,2,Meal,scooter,1.0,No,Urban,20,RAN,North India,22
0x7fec,INDORES20DEL01,28.0,3.9,22.732225,75.874765,22.742225,75.884765,03-04-2022,11:55,12:05,Sunny,High,0,Meal,motorcycle,1.0,No,Urban,45,IND,North India,11
0x85c1,RANCHIRES20DEL02,20.0,5.0,23.39925,85.390464,23.44925,85.440464,17-03-2022,21:25,21:40,Windy,Jam,2,Buffet,electric_scooter,1.0,No,Urban,23,RAN,North India,21
0xc04d,KNPRES18DEL01,32.0,5.0,-26.474133,80.3481,26.484133,80.3581,11-02-2022,09:25,09:30,Sunny,Low,1,Drinks,motorcycle,0.0,No,Urban,13,KNP,North India,9
0x7df1,JAPRES11DEL01,32.0,4.3,26.90294,75.793007,27.01294,75.903007,29-03-2022,20:55,21:05,Windy,Jam,0,Meal,motorcycle,1.0,No,Urban,42,JAP,North India,20
0xcfcc,DEHRES06DEL01,37.0,4.2,30.361281,78.068022,30.471281,78.178022,16-02-2022,21:40,21:55,Sunny,Jam,0,Meal,motorcycle,1.0,Yes,Urban,43,DEH,North India,21
0x1f51,RANCHIRES20DEL03,34.0,4.0,23.39925,85.390464,23.48925,85.480464,31-03-2022,19:40,19:45,Windy,Jam,0,Buffet,motorcycle,1.0,No,Urban,39,RAN,North India,19
0x7d2,INDORES17DEL03,31.0,4.8,22.761226,75.887522,22.821226,75.947522,11-03-2022,20:45,0.875,Windy,Jam,2,Drinks,scooter,0.0,No,Urban,30,IND,North India,20
0x380d,RANCHIRES14DEL03,36.0,4.6,0.0,0.0,0.03,0.03,03-03-2022,19:45,0.833333333,Stormy,Jam,0,Drinks,motorcycle,1.0,No,Urban,32,RAN,North India,19
0x4385,INDORES05DEL01,28.0,4.6,22.727021,75.884167,22.797021,75.954167,20-03-2022,18:25,18:35,Sandstorms,Medium,1,Snack,motorcycle,1.0,No,Urban,18,IND,North India,18
0x5625,INDORES09DEL01,31.0,4.9,22.725835,75.887648,22.795835,75.957648,23-03-2022,1,24:05:00,Sandstorms,Low,1,Snack,motorcycle,1.0,No,Urban,20,IND,North India,1
0x6b1a,JAPRES05DEL01,28.0,4.9,26.905287,75.794592,26.915287,75.804592,03-04-2022,08:15,08:20,Sandstorms,Low,2,Snack,electric_scooter,0.0,No,Urban,15,JAP,North India,8
0xa1fa,JAPRES13DEL01,24.0,4.5,26.846156,75.8023,26.856156,75.8123,13-03-2022,09:15,09:20,Windy,Low,2,Meal,scooter,1.0,No,Urban,16,JAP,North India,9
0xdd1f,BHPRES13DEL03,26.0,4.8,23.230791,77.43702,23.260791,77.46702,15-02-2022,18:55,19:05,Sandstorms,Medium,2,Snack,scooter,1.0,No,Urban,29,BHP,North India,18
0x1230,RANCHIRES01DEL01,27.0,4.6,23.416792,85.316842,23.486792,85.386842,14-03-2022,23:30,23:40,Fog,Low,1,Drinks,scooter,0.0,No,Urban,26,RAN,North India,23
0xcf47,DEHRES01DEL01,35.0,4.5,0.0,0.0,0.01,0.01,13-02-2022,09:40,09:45,Windy,Low,1,Snack,motorcycle,0.0,No,Urban,22,DEH,North India,9
0x150d,RANCHIRES08DEL01,35.0,4.9,23.353783,85.326967,23.463783,85.436967,18-03-2022,23:35,23:40,Sunny,Low,0,Drinks,motorcycle,0.0,No,Urban,20,RAN,North India,23
0x817e,INDORES20DEL01,38.0,4.6,22.732225,75.874765,22.742225,75.884765,30-03-2022,11:50,0.5,Sunny,High,1,Snack,motorcycle,1.0,No,Urban,22,IND,North India,11
0x82d2,RANCHIRES12DEL01,25.0,5.0,0.0,0.0,0.11,0.11,29-03-2022,23:40,23:50,Cloudy,Low,2,Snack,scooter,0.0,No,Urban,25,RAN,North India,23
0x7da,JAPRES17DEL03,29.0,4.9,26.892312,75.806896,27.032312,75.946896,12-03-2022,19:30,19:40,Sunny,Jam,2,Drinks,electric_scooter,1.0,No,Urban,24,JAP,North India,19
0xc7c7,ALHRES010DEL03,31.0,5.0,0.0,0.0,0.06,0.06,15-02-2022,17:15,17:20,Sandstorms,Medium,1,Snack,scooter,1.0,No,Urban,31,ALH,North India,17
0x6005,INDORES04DEL03,34.0,4.8,22.753659,75.903365,22.813659,75.963365,03-03-2022,21:55,22:05,Sunny,Jam,2,Meal,motorcycle,1.0,No,Urban,17,IND,North India,21
0x5e24,JAPRES06DEL03,24.0,4.9,26.911927,75.797282,27.001927,75.887282,10-03-2022,23:30,23:40,Stormy,Low,2,Snack,scooter,0.0,No,Urban,15,JAP,North India,23
0x24ad,INDORES16DEL01,24.0,4.7,22.744648,75.894377,22.754648,75.904377,21-03-2022,10:35,10:50,Fog,Low,1,Meal,scooter,0.0,No,Urban,16,IND,North India,10
0x5e18,RANCHIRES16DEL02,27.0,4.0,23.371292,85.327872,23.391292,85.347872,09-03-2022,09:55,0.416666667,Stormy,Low,0,Snack,motorcycle,1.0,No,Urban,20,RAN,North India,9
0xd588,KOLRES18DEL02,34.0,4.3,22.569367,88.433187,22.589367,88.453187,15-02-2022,09:50,0.416666667,Windy,Low,0,Meal,motorcycle,0.0,No,Urban,22,KOL,North India,9
0xb706,INDORES03DEL01,24.0,4.7,22.751857,75.866699,22.791857,75.906699,26-03-2022,15:50,0.666666667,Cloudy,Medium,1,Meal,scooter,0.0,No,Urban,13,IND,North India,15
0x917,RANCHIRES010DEL02,20.0,4.8,23.354422,85.3329,23.374422,85.3529,19-03-2022,11:55,12:05,Fog,High,0,Buffet,motorcycle,1.0,No,Urban,26,RAN,North India,11
0x7b93,INDORES04DEL01,31.0,4.4,22.753659,75.903365,22.863659,76.013365,20-03-2022,19:45,19:50,Sandstorms,Jam,1,Drinks,scooter,1.0,No,Urban,36,IND,North India,19
0x6c1b,RANCHIRES16DEL03,27.0,4.7,23.371292,85.327872,23.461292,85.417872,02-04-2022,17:45,0.75,Sandstorms,Medium,2,Meal,motorcycle,1.0,No,Urban,19,RAN,North India,17
0xc1f0,ALHRES03DEL02,32.0,4.9,25.451517,81.832616,25.581517,81.962616,16-02-2022,23:30,23:40,Stormy,Low,1,Drinks,motorcycle,,No,Urban,23,ALH,North India,23
0x9811,INDORES13DEL01,35.0,4.6,22.745049,75.892471,22.855049,76.002471,04-04-2022,17:35,17:40,Sunny,Medium,1,Snack,scooter,1.0,No,Urban,29,IND,North India,17
0xd341,DEHRES20DEL02,24.0,4.6,0.0,0.0,0.02,0.02,15-02-2022,09:35,09:45,Cloudy,Low,2,Meal,scooter,1.0,No,Urban,18,DEH,North India,9
0x21b2,RANCHIRES05DEL03,34.0,4.7,23.355164,85.324097,23.385164,85.354097,09-03-2022,22:50,23:05,Windy,Low,1,Snack,scooter,1.0,No,Urban,20,RAN,North India,22
0xd8e7,LUDHRES02DEL03,25.0,4.2,0.0,0.0,0.06,0.06,11-02-2022,23:15,23:20,Stormy,Low,0,Snack,motorcycle,1.0,No,Urban,23,LUD,North India,23
0x8880,INDORES12DEL02,29.0,4.6,22.74806,75.8934,22.76806,75.9134,09-03-2022,09:55,10:10,Sandstorms,Low,1,Drinks,scooter,0.0,No,Urban,14,IND,North India,9
0xa5f5,JAPRES09DEL02,30.0,4.8,26.911378,75.789034,26.931378,75.809034,17-03-2022,09:55,0.416666667,Windy,Low,2,Buffet,motorcycle,0.0,No,Urban,24,JAP,North India,9
0x7496,RANCHIRES03DEL01,23.0,4.4,0.0,0.0,0.01,0.01,15-03-2022,08:45,0.375,Stormy,Low,0,Snack,motorcycle,0.0,No,Urban,20,RAN,North India,8
0xb2db,JAPRES01DEL03,27.0,5.0,26.90519,75.810753,26.96519,75.870753,11-03-2022,22:55,23:10,Windy,Low,1,Snack,motorcycle,0.0,,Urban,12,JAP,North India,22
0xc84b,DEHRES02DEL02,35.0,4.6,0.0,0.0,0.05,0.05,13-02-2022,19:35,19:40,Windy,Jam,1,Meal,motorcycle,1.0,No,Urban,29,DEH,North India,19
0xdf6a,AGRRES010DEL01,34.0,4.9,27.163303,78.057044,27.273303,78.167044,14-02-2022,17:45,0.75,Cloudy,Medium,1,Drinks,scooter,1.0,No,Urban,31,AGR,North India,17
0xb5dc,RANCHIRES09DEL01,21.0,4.7,23.351058,85.325731,23.361058,85.335731,07-03-2022,11:45,0.5,Sunny,High,2,Meal,motorcycle,1.0,No,Urban,14,RAN,North India,11
0x9286,JAPRES15DEL01,22.0,4.6,26.891191,75.802083,26.931191,75.842083,05-03-2022,16:35,16:40,Fog,Medium,1,Buffet,motorcycle,0.0,No,Urban,10,JAP,North India,16
0x242e,INDORES01DEL02,34.0,4.8,22.695207,75.866059,22.775207,75.946059,02-04-2022,19:20,19:30,Fog,Jam,0,Meal,motorcycle,1.0,Yes,Urban,49,IND,North India,19
0xc5b5,AGRRES17DEL02,32.0,4.9,27.157772,78.04725,27.177772,78.06725,17-02-2022,09:55,10:05,Cloudy,Low,2,Snack,scooter,0.0,No,Urban,15,AGR,North India,9
0xbd63,RANCHIRES09DEL02,26.0,4.5,23.351058,85.325731,23.371058,85.345731,05-03-2022,11:50,0.5,Windy,High,0,Drinks,motorcycle,1.0,No,Urban,23,RAN,North India,11
0x6153,INDORES13DEL01,33.0,5.0,22.745049,75.892471,22.815049,75.962471,14-03-2022,18:25,18:35,Cloudy,Medium,1,Meal,motorcycle,1.0,No,Urban,30,IND,North India,18
0xd6c6,AGRRES04DEL03,26.0,5.0,27.195928,77.998092,27.285928,78.088092,12-02-2022,17:35,17:45,Sunny,Medium,2,Buffet,scooter,1.0,No,Urban,11,AGR,North India,17
0xda06,ALHRES07DEL01,22.0,5.0,25.449659,81.839744,25.559659,81.949744,14-02-2022,17:35,17:50,Cloudy,Medium,1,Meal,motorcycle,0.0,No,Urban,31,ALH,North India,17
0x9714,JAPRES16DEL01,20.0,4.8,26.849596,75.800512,26.859596,75.810512,05-03-2022,10:40,10:45,Cloudy,Low,2,Snack,electric_scooter,0.0,No,Urban,15,JAP,North India,10
0x9d0a,JAPRES15DEL03,36.0,5.0,26.891191,75.802083,26.951191,75.862083,24-03-2022,17:30,17:45,Cloudy,Medium,2,Snack,scooter,0.0,No,Urban,15,JAP,North India,17
0x1489,INDORES02DEL01,20.0,4.8,22.651847,75.881991,22.761847,75.991991,12-03-2022,22:40,22:45,Cloudy,Low,0,Meal,motorcycle,1.0,No,Urban,22,IND,North India,22
0xce7d,KOLRES01DEL01,34.0,4.4,22.514688,88.393294,22.624688,88.503294,18-02-2022,18:55,19:05,Fog,Medium,1,Snack,scooter,0.0,No,Urban,32,KOL,North India,18
0x75c2,RANCHIRES11DEL02,39.0,4.7,23.359194,85.325447,23.409194,85.375447,15-03-2022,18:10,18:25,Stormy,Medium,0,Buffet,motorcycle,0.0,No,Urban,25,RAN,North India,18
0x8e49,RANCHIRES17DEL02,23.0,4.9,23.374878,85.335739,23.454878,85.415739,04-03-2022,18:50,0.791666667,Sunny,Medium,0,Buffet,motorcycle,1.0,No,Urban,25,RAN,North India,18
0xdc39,AGRRES03DEL03,38.0,4.7,27.160832,78.011608,27.250832,78.101608,12-02-2022,19:50,20:05,Sunny,Jam,1,Meal,scooter,1.0,No,Urban,26,AGR,North India,19
0x8146,INDORES09DEL02,31.0,4.7,22.725835,75.887648,22.805835,75.967648,06-04-2022,22:55,0.958333333,Sandstorms,Low,2,Meal,motorcycle,1.0,No,Urban,25,IND,North India,22
0x2138,INDORES18DEL01,25.0,4.6,22.753839,75.897429,22.863838,76.007429,18-03-2022,23:20,23:35,Stormy,Low,2,Snack,scooter,0.0,No,Urban,15,IND,North India,23
0xa3db,RANCHIRES14DEL02,23.0,4.8,0.0,0.0,0.05,0.05,30-03-2022,17:30,17:40,Sandstorms,Medium,0,Drinks,motorcycle,0.0,No,Urban,10,RAN,North India,17
0x12a5,RANCHIRES03DEL01,27.0,5.0,0.0,0.0,0.01,0.01,05-03-2022,11:35,11:40,Cloudy,High,1,Drinks,scooter,1.0,No,Urban,25,RAN,North India,11
0x8f32,JAPRES07DEL01,24.0,5.0,26.766536,75.837333,26.806536,75.877333,01-04-2022,16:20,16:25,Sunny,Medium,0,Snack,motorcycle,0.0,No,Urban,18,JAP,North India,16
0xc79b,AGRRES07DEL01,24.0,4.8,27.160934,78.044095,27.170934,78.054095,15-02-2022,11:15,11:25,Stormy,High,0,Meal,motorcycle,0.0,No,Urban,24,AGR,North India,11
0xb29b,RANCHIRES07DEL02,26.0,4.5,23.359407,85.325055,23.439407,85.405055,16-03-2022,19:20,19:25,Sandstorms,Jam,1,Drinks,scooter,,No,Urban,16,RAN,North India,19
0xba40,RANCHIRES04DEL03,27.0,4.5,23.359033,85.325347,23.449033,85.415347,20-03-2022,18:35,18:50,Sunny,Medium,0,Meal,motorcycle,1.0,No,Urban,23,RAN,North India,18
0x7232,JAPRES13DEL03,34.0,5.0,26.846156,75.8023,26.986156,75.9423,08-03-2022,20:20,20:35,Sunny,Jam,0,Buffet,motorcycle,1.0,No,Urban,27,JAP,North India,20
0xc849,ALHRES06DEL01,27.0,4.9,0.0,0.0,0.04,0.04,17-02-2022,15:50,0.666666667,Cloudy,Medium,1,Snack,motorcycle,0.0,No,Urban,15,ALH,North India,15
0xc61d,KOLRES02DEL01,23.0,4.9,22.514585,88.39331,22.524585,88.40331,11-02-2022,09:35,09:50,Stormy,Low,1,Snack,scooter,0.0,No,Urban,17,KOL,North India,9
0xca7f,ALHRES15DEL01,33.0,4.8,25.449872,81.836167,25.519872,81.906167,12-02-2022,20:55,21:10,Sunny,Jam,1,Drinks,motorcycle,1.0,No,Urban,30,ALH,North India,20
0x6a53,RANCHIRES14DEL01,28.0,4.9,0.0,0.0,0.11,0.11,20-03-2022,20:35,20:40,Fog,Jam,2,Buffet,scooter,1.0,No,Urban,38,RAN,North India,20
0x1592,RANCHIRES010DEL01,28.0,5.0,23.354422,85.3329,23.364422,85.3429,28-03-2022,09:50,0.416666667,Cloudy,Low,1,Drinks,motorcycle,1.0,No,Urban,13,RAN,North India,9
0xb2cb,RANCHIRES05DEL01,32.0,4.9,23.355164,85.324097,23.365164,85.334097,01-03-2022,09:35,09:45,Sandstorms,Low,2,Meal,scooter,1.0,No,Urban,25,RAN,North India,9
0xe253,KNPRES20DEL02,20.0,4.8,26.47,80.35,26.55,80.43,14-02-2022,19:20,19:35,Windy,Jam,2,Buffet,scooter,1.0,No,Urban,21,KNP,North India,19
0x8e4d,INDORES03DEL01,33.0,4.3,22.751857,75.866699,22.761857,75.876699,13-03-2022,10:25,10:30,Sandstorms,Low,0,Drinks,motorcycle,1.0,No,Urban,25,IND,North India,10
0xac2e,INDORES19DEL03,35.0,4.8,22.745536,75.893106,22.805536,75.953106,26-03-2022,18:30,18:35,Windy,Medium,0,Buffet,motorcycle,1.0,No,Urban,31,IND,North India,18
0xc528,LUDHRES07DEL01,25.0,4.9,0.0,0.0,0.07,0.07,14-02-2022,18:25,18:40,Sandstorms,Medium,0,Meal,motorcycle,1.0,No,Urban,26,LUD,North India,18
0x734a,RANCHIRES05DEL03,20.0,4.8,23.355164,85.324097,23.445164,85.414097,27-03-2022,17:50,18:05,Stormy,Medium,1,Buffet,motorcycle,1.0,No,Urban,27,RAN,North India,17
0x40cd,INDORES02DEL03,28.0,4.7,22.651847,75.881991,22.681847,75.911991,21-03-2022,20:25,20:30,Windy,Jam,1,Drinks,scooter,1.0,No,Urban,26,IND,North India,20
0xa107,JAPRES02DEL03,37.0,4.8,26.914142,75.805704,26.974142,75.865704,17-03-2022,23:10,23:20,Sandstorms,Low,2,Buffet,motorcycle,1.0,No,Urban,20,JAP,North India,23
0xdb03,ALHRES15DEL01,38.0,4.5,25.449872,81.836167,25.459872,81.846167,17-02-2022,09:20,09:30,Cloudy,Low,0,Drinks,motorcycle,1.0,No,Urban,24,ALH,North India,9
0xbd1a,INDORES04DEL02,20.0,4.9,22.753659,75.903365,22.803659,75.953365,11-03-2022,23:30,23:40,Cloudy,Low,1,Drinks,motorcycle,0.0,No,Urban,19,IND,North India,23
0xc287,BHPRES20DEL01,22.0,4.9,23.235123,77.398886,23.245123,77.408886,15-02-2022,08:50,0.375,Stormy,Low,1,Meal,motorcycle,1.0,No,Urban,11,BHP,North India,8
0x270a,JAPRES17DEL01,28.0,4.8,26.892312,75.806896,26.902313,75.816896,21-03-2022,08:10,08:20,Sandstorms,Low,2,Meal,motorcycle,1.0,No,Urban,14,JAP,North India,8
0xd4f2,LUDHRES12DEL03,32.0,4.6,30.893244,75.821817,30.953244,75.881817,17-02-2022,17:10,17:25,Stormy,Medium,1,Drinks,scooter,0.0,No,Urban,28,LUD,North India,17
0xc891,KNPRES03DEL02,36.0,4.1,26.469003,80.316344,26.549003,80.396344,18-02-2022,18:50,0.791666667,Cloudy,Medium,1,Snack,motorcycle,1.0,No,Urban,31,KNP,North India,18
0xd654,KNPRES09DEL03,21.0,4.5,26.473698,80.352677,26.563698,80.442677,12-02-2022,17:10,17:20,Stormy,Medium,1,Snack,scooter,1.0,No,Urban,22,KNP,North India,17
0xca6,JAPRES05DEL03,27.0,4.9,26.905287,75.794592,26.935287,75.824592,28-03-2022,17:10,17:20,Sandstorms,Medium,2,Buffet,motorcycle,0.0,No,Urban,23,JAP,North India,17
0x1dae,INDORES01DEL01,31.0,4.8,22.695207,75.866059,22.705207,75.876059,26-03-2022,08:20,08:25,Sunny,Low,1,Buffet,scooter,1.0,No,Urban,13,IND,North India,8
0xe27f,ALHRES15DEL02,31.0,4.4,25.449872,81.836167,25.499872,81.886167,11-02-2022,23:55,24:10:00,Sandstorms,Low,0,Meal,motorcycle,1.0,No,Urban,24,ALH,North India,23
0xcadf,LUDHRES01DEL01,20.0,4.7,30.873988,75.842739,30.943988,75.912739,14-02-2022,17:15,17:30,Windy,Medium,0,Snack,motorcycle,1.0,No,Urban,21,LUD,North India,17
0x4c15,INDORES16DEL01,21.0,4.8,22.744648,75.894377,22.784648,75.934377,01-03-2022,14:40,14:50,Fog,High,1,Drinks,scooter,0.0,No,Urban,27,IND,North India,14
0xdd15,KNPRES08DEL03,28.0,4.9,0.0,0.0,0.03,0.03,11-02-2022,22:40,22:45,Stormy,Low,2,Snack,scooter,0.0,No,Urban,15,KNP,North India,22
0x9a93,JAPRES02DEL03,27.0,3.5,26.914142,75.805704,26.974142,75.865704,21-03-2022,19:35,19:40,Sunny,Jam,0,Snack,motorcycle,3.0,No,Urban,50,JAP,North India,19
0x2565,JAPRES03DEL01,23.0,4.0,26.913483,75.803139,26.923483,75.813139,17-03-2022,08:40,08:55,Sandstorms,Low,0,Drinks,motorcycle,1.0,No,Urban,22,JAP,North India,8
0x80ec,RANCHIRES18DEL01,32.0,5.0,23.351489,85.324253,23.361489,85.334253,21-03-2022,09:35,09:40,Cloudy,Low,2,Buffet,motorcycle,1.0,No,Urban,16,RAN,North India,9
0x9696,JAPRES03DEL02,28.0,4.8,26.913483,75.803139,27.043483,75.933139,27-03-2022,20:25,20:40,Sunny,Jam,0,Meal,motorcycle,1.0,No,Urban,26,JAP,North India,20
0xdfda,KOLRES16DEL02,30.0,4.8,22.539129,88.365507,22.619129,88.445507,14-02-2022,23:50,1,Stormy,Low,0,Buffet,motorcycle,1.0,No,Urban,26,KOL,North India,23
0x7f84,RANCHIRES04DEL01,34.0,5.0,23.359033,85.325347,23.369033,85.335347,19-03-2022,10:35,10:50,Sunny,Low,2,Meal,scooter,1.0,No,Urban,18,RAN,North India,10
0x25ac,JAPRES17DEL02,20.0,4.8,26.892312,75.806896,26.942312,75.856896,01-04-2022,21:25,21:30,Stormy,Jam,1,Drinks,motorcycle,0.0,,Urban,12,JAP,North India,21
0xc6c8,LUDHRES05DEL03,35.0,4.9,30.905562,75.832841,31.045562,75.972841,14-02-2022,23:35,23:45,Sandstorms,Low,0,Snack,motorcycle,1.0,No,Urban,21,LUD,North India,23
0x3c41,RANCHIRES03DEL02,20.0,4.9,0.0,0.0,0.13,0.13,04-03-2022,23:20,23:35,Fog,Low,0,Buffet,motorcycle,1.0,No,Urban,22,RAN,North India,23
0xd904,DEHRES11DEL02,22.0,5.0,0.0,0.0,0.08,0.08,18-02-2022,18:40,18:55,Cloudy,Medium,1,Meal,motorcycle,1.0,No,Urban,27,DEH,North India,18
0xc2df,DEHRES01DEL01,27.0,4.8,0.0,0.0,0.04,0.04,15-02-2022,15:10,15:25,Cloudy,Medium,1,Drinks,motorcycle,1.0,No,Urban,11,DEH,North India,15
0x555c,INDORES03DEL01,39.0,4.1,22.751857,75.866699,22.861857,75.976699,10-03-2022,18:45,0.791666667,Fog,Medium,2,Buffet,motorcycle,1.0,No,Urban,35,IND,North India,18
0x63d3,JAPRES14DEL01,39.0,4.9,26.88842,75.800689,26.89842,75.810689,01-04-2022,10:50,11:05,Cloudy,Low,1,Drinks,scooter,1.0,No,Urban,15,JAP,North India,10
0x9b34,INDORES010DEL01,21.0,4.6,22.75004,75.902847,22.86004,76.012847,04-04-2022,23:55,1,Fog,Low,1,Buffet,scooter,1.0,No,Urban,25,IND,North India,23
0xddc0,KOLRES08DEL01,28.0,4.9,22.53796,88.349843,22.60796,88.419843,18-02-2022,20:25,20:40,Sunny,Jam,0,Meal,motorcycle,0.0,No,Urban,15,KOL,North India,20
0xd4e3,BHPRES02DEL02,36.0,4.7,0.0,0.0,0.05,0.05,13-02-2022,23:35,23:50,Stormy,Low,1,Meal,motorcycle,1.0,No,Urban,22,BHP,North India,23
0x6360,RANCHIRES01DEL01,30.0,4.4,23.416792,85.316842,23.486792,85.386842,25-03-2022,21:20,21:30,Windy,Jam,2,Meal,motorcycle,1.0,No,Urban,42,RAN,North India,21
0x1c99,JAPRES04DEL01,25.0,4.6,26.902328,75.794257,27.012328,75.904257,12-03-2022,17:45,17:50,Windy,Medium,2,Meal,motorcycle,1.0,No,Urban,20,JAP,North India,17
0xd74c,KOLRES20DEL01,24.0,4.6,22.514119,88.362504,22.524119,88.372504,15-02-2022,08:35,08:45,Sunny,Low,0,Drinks,motorcycle,1.0,No,Urban,16,KOL,North India,8
0x2ed7,RANCHIRES17DEL01,20.0,4.9,23.374878,85.335739,23.384878,85.345739,28-03-2022,10:15,10:30,Fog,Low,2,Drinks,motorcycle,0.0,No,Urban,18,RAN,North India,10
0x2851,RANCHIRES13DEL02,28.0,4.6,23.374989,85.335486,23.394989,85.355486,21-03-2022,08:55,09:05,Stormy,Low,2,Buffet,motorcycle,1.0,No,Urban,16,RAN,North India,8
0x6dfe,RANCHIRES20DEL01,29.0,4.7,23.39925,85.390464,23.40925,85.400464,13-03-2022,08:25,08:40,Sandstorms,Low,1,Buffet,motorcycle,0.0,No,Urban,12,RAN,North India,8
0x8fec,RANCHIRES17DEL01,23.0,5.0,23.374878,85.335739,23.384878,85.345739,13-03-2022,10:45,10:50,Stormy,Low,1,Meal,motorcycle,1.0,No,Urban,17,RAN,North India,10
0x9c9b,JAPRES13DEL03,33.0,4.9,26.846156,75.8023,26.986156,75.9423,04-04-2022,23:35,23:45,Stormy,Low,2,Buffet,motorcycle,0.0,No,Urban,25,JAP,North India,23
0xa2bf,JAPRES04DEL01,24.0,4.6,26.902328,75.794257,26.942328,75.834257,19-03-2022,12:20,12:35,Sandstorms,High,0,Buffet,motorcycle,1.0,No,Urban,19,JAP,North India,12
0x61ae,RANCHIRES08DEL02,20.0,4.9,23.353783,85.326967,23.373783,85.346967,01-03-2022,08:50,09:05,Windy,Low,1,Buffet,scooter,0.0,No,Urban,10,RAN,North India,8
0x285f,INDORES07DEL03,34.0,5.0,22.722634,75.886959,22.782634,75.946959,15-03-2022,22:35,22:45,Sandstorms,Low,1,Buffet,motorcycle,1.0,No,Urban,29,IND,North India,22
0xc8a1,AGRRES010DEL02,25.0,4.5,27.163303,78.057044,27.183303,78.077044,15-02-2022,10:40,10:45,Stormy,Low,0,Drinks,motorcycle,1.0,No,Urban,28,AGR,North India,10
0x8a19,JAPRES15DEL03,37.0,4.9,26.891191,75.802083,27.031191,75.942083,06-03-2022,17:25,17:40,Stormy,Medium,2,Snack,scooter,1.0,No,Urban,28,JAP,North India,17
0xc787,DEHRES06DEL01,35.0,4.6,30.361281,78.068022,30.471281,78.178022,12-02-2022,22:30,22:35,Sunny,Low,2,Buffet,scooter,0.0,No,Urban,22,DEH,North India,22
0x2afa,RANCHIRES04DEL01,22.0,4.6,23.359033,85.325347,23.399033,85.365347,30-03-2022,15:45,0.666666667,Fog,Medium,0,Meal,motorcycle,1.0,No,Urban,22,RAN,North India,15
0xb26c,RANCHIRES12DEL01,25.0,4.6,0.0,0.0,0.07,0.07,16-03-2022,23:35,23:40,Stormy,Low,0,Buffet,motorcycle,0.0,No,Urban,16,RAN,North India,23
0x5aec,RANCHIRES04DEL02,24.0,4.9,23.359033,85.325347,23.409033,85.375347,15-03-2022,20:20,20:35,Cloudy,Jam,2,Snack,electric_scooter,1.0,No,Urban,26,RAN,North India,20
0x284f,RANCHIRES20DEL03,29.0,4.6,23.39925,85.390464,23.45925,85.450464,21-03-2022,20:15,20:20,Sunny,Jam,2,Snack,scooter,1.0,No,Urban,16,RAN,North India,20
0xab23,JAPRES04DEL03,24.0,5.0,26.902328,75.794257,26.962328,75.854257,05-03-2022,20:25,20:30,Windy,Jam,0,Drinks,motorcycle,1.0,No,Urban,28,JAP,North India,20
0xc153,KOLRES01DEL01,25.0,4.5,22.514688,88.393294,22.524688,88.403294,17-02-2022,09:55,10:10,Sandstorms,Low,2,Meal,electric_scooter,0.0,No,Urban,13,KOL,North India,9
0x6d09,RANCHIRES09DEL02,26.0,4.8,23.351058,85.325731,23.481058,85.455731,18-03-2022,22:50,0.958333333,Fog,Low,2,Drinks,scooter,0.0,No,Urban,27,RAN,North India,22
0x2439,RANCHIRES12DEL01,22.0,4.7,0.0,0.0,0.07,0.07,14-03-2022,23:35,23:40,Fog,Low,1,Meal,motorcycle,1.0,No,Urban,27,RAN,North India,23
0x25ba,INDORES03DEL02,21.0,4.9,22.751857,75.866699,22.881857,75.996699,25-03-2022,18:50,0.791666667,Sunny,Medium,2,Buffet,electric_scooter,0.0,No,Urban,15,IND,North India,18
0x3acb,RANCHIRES02DEL02,27.0,4.3,0.0,0.0,0.05,0.05,28-03-2022,1,24:15:00,Windy,Low,0,Meal,motorcycle,1.0,No,Urban,21,RAN,North India,1
0xf00,INDORES17DEL01,36.0,4.8,22.761226,75.887522,22.801226,75.927522,17-03-2022,12:20,12:30,Sandstorms,High,0,Buffet,motorcycle,1.0,No,Urban,32,IND,North India,12
0xacdd,RANCHIRES12DEL01,33.0,4.1,0.0,0.0,0.01,0.01,17-03-2022,09:45,0.416666667,Windy,Low,0,Meal,motorcycle,0.0,No,Urban,20,RAN,North India,9
0x2499,JAPRES08DEL02,36.0,4.9,26.910262,75.783013,26.990262,75.863013,20-03-2022,23:15,23:30,Cloudy,Low,0,Drinks,motorcycle,0.0,No,Urban,36,JAP,North India,23
0x9cf,RANCHIRES16DEL01,24.0,4.9,23.371292,85.327872,23.381292,85.337872,07-03-2022,11:35,11:45,Fog,High,1,Snack,motorcycle,1.0,No,Urban,21,RAN,North India,11
0xa017,INDORES02DEL03,37.0,4.8,22.651847,75.881991,22.741847,75.971991,29-03-2022,19:55,0.833333333,Windy,Jam,2,Drinks,scooter,1.0,No,Urban,30,IND,North India,19
0x396a,JAPRES18DEL03,36.0,4.3,26.913987,75.752891,26.943987,75.782891,28-03-2022,18:20,18:25,Sandstorms,Medium,2,Buffet,scooter,0.0,No,Urban,31,JAP,North India,18
0xc24d,DEHRES16DEL02,27.0,4.6,30.342509,78.061187,30.422509,78.141187,16-02-2022,17:30,17:40,Sunny,Medium,2,Meal,scooter,0.0,No,Urban,15,DEH,North India,17
0x22a3,RANCHIRES15DEL03,23.0,4.6,23.369746,85.33982,23.399746,85.36982,21-03-2022,22:10,22:15,Stormy,Low,1,Buffet,scooter,1.0,No,Urban,14,RAN,North India,22
0x4ee3,RANCHIRES11DEL02,25.0,4.6,23.359194,85.325447,23.379194,85.345447,07-03-2022,10:15,10:30,Cloudy,Low,0,Buffet,motorcycle,1.0,No,Urban,19,RAN,North India,10
0xb0fd,JAPRES05DEL02,29.0,4.7,26.905287,75.794592,26.925287,75.814592,11-03-2022,10:35,10:45,Fog,Low,0,Snack,motorcycle,0.0,No,Urban,15,JAP,North India,10
0xd7f7,LUDHRES04DEL02,38.0,4.1,30.914057,75.83982,30.934057,75.85982,13-02-2022,11:55,12:10,Sandstorms,High,0,Snack,motorcycle,1.0,No,Urban,37,LUD,North India,11
0xcc4,INDORES13DEL02,26.0,4.9,22.745049,75.892471,22.795049,75.942471,26-03-2022,17:55,18:10,Sandstorms,Medium,2,Meal,scooter,1.0,No,Urban,27,IND,North India,17
0xd262,ALHRES12DEL02,29.0,4.5,25.443994,81.860187,25.463994,81.880187,13-02-2022,09:45,09:55,Fog,Low,2,Drinks,motorcycle,0.0,No,Urban,11,ALH,North India,9
0x9fd6,INDORES04DEL02,28.0,4.7,22.753659,75.903365,22.803659,75.953365,07-03-2022,21:40,21:50,Stormy,Jam,2,Drinks,motorcycle,1.0,No,Urban,23,IND,North India,21
0x6dc1,JAPRES12DEL03,37.0,5.0,26.902908,75.792934,26.932908,75.822934,03-03-2022,20:25,20:40,Sandstorms,Jam,1,Meal,scooter,1.0,No,Urban,25,JAP,North India,20
0x90a1,INDORES20DEL02,36.0,4.9,22.732225,75.874765,22.812225,75.954765,23-03-2022,23:55,24:10:00,Sandstorms,Low,2,Drinks,scooter,1.0,No,Urban,16,IND,North India,23
0x653a,JAPRES09DEL02,32.0,4.6,26.911378,75.789034,27.041378,75.919034,08-03-2022,22:40,22:45,Cloudy,Low,1,Meal,motorcycle,0.0,No,Urban,27,JAP,North India,22
0xd63b,LUDHRES08DEL02,28.0,4.5,30.899992,75.831338,31.029992,75.961338,16-02-2022,23:30,23:40,Fog,Low,0,Snack,motorcycle,0.0,No,Urban,23,LUD,North India,23
0x700d,RANCHIRES03DEL03,28.0,4.5,0.0,0.0,0.09,0.09,12-03-2022,20:45,20:55,Windy,Jam,1,Snack,scooter,1.0,No,Urban,28,RAN,North India,20
0x6abc,INDORES06DEL03,25.0,4.1,22.728163,75.884212,22.818163,75.974212,25-03-2022,21:35,21:40,Fog,Jam,1,Buffet,motorcycle,1.0,No,Urban,41,IND,North India,21
0x4701,JAPRES03DEL02,28.0,4.8,26.913483,75.803139,26.993483,75.883139,06-03-2022,23:30,23:40,Windy,Low,0,Buffet,motorcycle,1.0,No,Urban,23,JAP,North India,23
0xddcd,BHPRES13DEL01,20.0,4.9,23.230791,77.43702,23.300791,77.50702,14-02-2022,22:10,22:20,Stormy,Low,1,Meal,motorcycle,0.0,No,Urban,11,BHP,North India,22
0x4a20,INDORES06DEL03,22.0,4.7,22.728163,75.884212,22.788163,75.944212,28-03-2022,18:35,18:45,Sunny,Medium,2,Snack,motorcycle,0.0,No,Urban,13,IND,North India,18
0x9cb3,RANCHIRES12DEL01,26.0,4.8,0.0,0.0,0.07,0.07,27-03-2022,21:30,21:40,Sunny,Jam,2,Snack,scooter,0.0,No,Urban,18,RAN,North India,21
0x135f,INDORES010DEL02,29.0,4.5,22.75004,75.902847,22.77004,75.922847,17-03-2022,08:15,08:30,Cloudy,Low,0,Meal,motorcycle,1.0,No,Urban,24,IND,North India,8
0xc45b,LUDHRES16DEL01,38.0,5.0,30.895817,75.813112,31.005817,75.923112,12-02-2022,20:15,20:30,Sunny,Jam,2,Drinks,electric_scooter,1.0,No,Urban,28,LUD,North India,20
0xd15e,ALHRES04DEL03,28.0,4.8,0.0,0.0,0.09,0.09,14-02-2022,22:10,22:25,Sandstorms,Low,0,Snack,motorcycle,0.0,No,Urban,24,ALH,North India,22
0x9454,INDORES09DEL03,38.0,4.7,22.725835,75.887648,22.785835,75.947648,19-03-2022,17:30,17:40,Sandstorms,Medium,0,Buffet,motorcycle,1.0,No,Urban,33,IND,North India,17
0x89f3,INDORES20DEL03,38.0,4.9,22.732225,75.874765,22.792225,75.934765,24-03-2022,23:25,23:35,Sandstorms,Low,1,Meal,scooter,1.0,No,Urban,29,IND,North India,23
0x5677,RANCHIRES16DEL03,29.0,4.7,23.371292,85.327872,23.401292,85.357872,21-03-2022,18:20,18:25,Fog,Medium,2,Buffet,motorcycle,0.0,No,Urban,12,RAN,North India,18
0xc0ce,KOLRES09DEL01,26.0,4.5,-22.515082,88.36783,22.525082,88.37783,13-02-2022,08:35,08:45,Stormy,Low,0,Buffet,motorcycle,1.0,No,Urban,20,KOL,North India,8
0x5c2b,INDORES010DEL02,35.0,4.7,22.75004,75.902847,22.83004,75.982847,29-03-2022,20:15,20:25,Fog,Jam,0,Meal,motorcycle,1.0,No,Urban,42,IND,North India,20
0xcc1d,LUDHRES11DEL03,32.0,4.7,30.893081,75.821495,30.923081,75.851495,13-02-2022,23:15,23:20,Stormy,Low,2,Snack,scooter,1.0,No,Urban,23,LUD,North India,23
0x27cf,RANCHIRES06DEL01,27.0,4.6,23.357804,85.325146,23.367804,85.335146,26-03-2022,08:30,08:45,Cloudy,Low,0,Drinks,motorcycle,1.0,No,Urban,17,RAN,North India,8
0x5573,RANCHIRES09DEL01,23.0,4.6,23.351058,85.325731,23.421058,85.395731,23-03-2022,17:15,17:30,Cloudy,Medium,0,Meal,motorcycle,,No,Urban,34,RAN,North India,17
0x1cf6,RANCHIRES11DEL02,38.0,4.6,23.359194,85.325447,23.379194,85.345447,15-03-2022,10:50,0.458333333,Cloudy,Low,0,Drinks,motorcycle,0.0,No,Urban,23,RAN,North India,10
0x42e6,RANCHIRES18DEL01,39.0,4.7,23.351489,85.324253,23.421489,85.394253,27-03-2022,18:45,0.791666667,Windy,Medium,1,Meal,motorcycle,0.0,No,Urban,26,RAN,North India,18
0x16ee,RANCHIRES02DEL02,34.0,4.8,0.0,0.0,0.13,0.13,25-03-2022,23:40,23:50,Sandstorms,Low,1,Snack,scooter,,No,Urban,16,RAN,North India,23
0x17b5,RANCHIRES15DEL01,28.0,4.6,23.369746,85.33982,23.439746,85.40982,04-03-2022,1,24:10:00,Cloudy,Low,0,Meal,motorcycle,1.0,No,Urban,23,RAN,North India,1
0xcf01,BHPRES14DEL02,26.0,4.8,0.0,0.0,0.05,0.05,15-02-2022,21:55,22:10,Windy,Jam,2,Meal,scooter,0.0,No,Urban,12,BHP,North India,21
0x3727,JAPRES07DEL03,32.0,4.9,26.766536,75.837333,26.826536,75.897333,11-03-2022,18:40,18:55,Windy,Medium,2,Drinks,electric_scooter,1.0,No,Urban,27,JAP,North India,18
0xc710,DEHRES18DEL01,25.0,4.6,0.0,0.0,0.07,0.07,14-02-2022,23:40,23:50,Stormy,Low,2,Snack,electric_scooter,1.0,No,Urban,15,DEH,North India,23
0xd153,DEHRES17DEL03,25.0,4.9,30.327968,78.046106,30.387968,78.106106,11-02-2022,23:35,23:40,Windy,Low,2,Snack,motorcycle,0.0,,Urban,10,DEH,North India,23
0x86db,INDORES11DEL03,23.0,4.8,22.751234,75.88949,22.781234,75.91949,05-03-2022,23:40,23:45,Fog,Low,1,Snack,scooter,1.0,No,Urban,12,IND,North India,23
0x11b6,RANCHIRES08DEL03,26.0,4.8,23.353783,85.326967,23.413783,85.386967,03-04-2022,1,24:05:00,Stormy,Low,2,Drinks,scooter,1.0,No,Urban,14,RAN,North India,1
0xc4fb,KOLRES18DEL01,22.0,4.9,22.569367,88.433187,22.639367,88.503187,18-02-2022,17:30,17:45,Windy,Medium,0,Snack,motorcycle,1.0,No,Urban,26,KOL,North India,17
0x9537,RANCHIRES09DEL02,36.0,3.7,23.351058,85.325731,23.431058,85.405731,23-03-2022,21:25,21:30,Sandstorms,Jam,1,Drinks,motorcycle,1.0,No,Urban,41,RAN,North India,21
0x8a17,RANCHIRES17DEL02,23.0,4.7,23.374878,85.335739,23.394878,85.355739,30-03-2022,11:35,11:50,Windy,High,1,Buffet,motorcycle,1.0,No,Urban,15,RAN,North India,11
0x57aa,INDORES15DEL01,20.0,4.6,22.760072,75.892574,22.830072,75.962574,06-04-2022,17:15,17:30,Stormy,Medium,2,Snack,motorcycle,0.0,No,Urban,25,IND,North India,17
0x4399,INDORES03DEL01,23.0,5.0,22.751857,75.866699,22.761857,75.876699,21-03-2022,10:30,10:35,Sunny,Low,1,Buffet,scooter,0.0,No,Urban,17,IND,North India,10
0xba2a,RANCHIRES01DEL03,23.0,4.6,23.416792,85.316842,23.506792,85.406842,31-03-2022,18:50,18:55,Sunny,Medium,1,Buffet,scooter,1.0,No,Urban,16,RAN,North India,18
0x4425,JAPRES05DEL02,31.0,5.0,26.905287,75.794592,27.035287,75.924592,16-03-2022,19:45,19:50,Windy,Jam,0,Meal,motorcycle,0.0,No,Urban,54,JAP,North India,19
0x8c16,RANCHIRES18DEL03,34.0,4.9,23.351489,85.324253,23.411489,85.384253,30-03-2022,21:55,0.916666667,Sandstorms,Jam,1,Meal,scooter,0.0,No,Urban,29,RAN,North India,21
0x5ab6,INDORES06DEL03,26.0,4.9,22.728163,75.884212,22.758163,75.914212,05-03-2022,17:15,17:25,Windy,Medium,0,Snack,motorcycle,,No,Urban,15,IND,North India,17
0x92e0,RANCHIRES13DEL01,27.0,4.9,23.374989,85.335486,23.484989,85.445486,29-03-2022,17:25,17:30,Cloudy,Medium,0,Buffet,motorcycle,1.0,No,Urban,33,RAN,North India,17
0x2d0e,RANCHIRES19DEL01,22.0,4.8,23.333017,85.3172,23.443017,85.4272,20-03-2022,22:45,0.958333333,Sunny,Low,0,Drinks,motorcycle,1.0,No,Urban,24,RAN,North India,22
0x69f9,RANCHIRES17DEL01,21.0,4.8,23.374878,85.335739,23.444878,85.405739,16-03-2022,22:20,22:30,Windy,Low,2,Snack,electric_scooter,0.0,No,Urban,14,RAN,North India,22
0xdef9,KNPRES05DEL02,22.0,4.7,26.479108,80.315042,26.499108,80.335042,15-02-2022,10:35,10:45,Fog,Low,2,Snack,motorcycle,1.0,No,Urban,17,KNP,North India,10
0xdc85,BHPRES010DEL02,28.0,4.7,23.266261,77.379605,23.316261,77.429605,15-02-2022,23:20,23:25,Sandstorms,Low,1,Meal,motorcycle,0.0,No,Urban,12,BHP,North India,23
0x5435,INDORES14DEL03,24.0,4.9,22.761593,75.886362,22.791593,75.916362,19-03-2022,22:40,22:50,Windy,Low,2,Snack,scooter,0.0,No,Urban,10,IND,North India,22
0xad6f,RANCHIRES13DEL01,26.0,4.6,23.374989,85.335486,23.414989,85.375486,01-03-2022,12:15,12:25,Windy,High,1,Drinks,scooter,1.0,No,Urban,11,RAN,North India,12
0xe20d,KNPRES20DEL02,28.0,4.8,26.47,80.35,26.49,80.37,13-02-2022,09:45,09:50,Sunny,Low,2,Buffet,scooter,0.0,No,Urban,20,KNP,North India,9
0x5475,JAPRES20DEL03,39.0,4.6,26.956431,75.776649,27.016431,75.836649,15-03-2022,17:20,17:35,Sandstorms,Medium,2,Drinks,electric_scooter,1.0,No,Urban,26,JAP,North India,17
0xc173,KOLRES15DEL01,33.0,4.2,22.552672,88.352885,22.622672,88.422885,14-02-2022,19:10,19:25,Sunny,Jam,1,Meal,motorcycle,1.0,No,Urban,34,KOL,North India,19
0xfca,RANCHIRES16DEL01,22.0,4.7,23.371292,85.327872,23.381292,85.337872,19-03-2022,10:10,10:20,Sunny,Low,1,Snack,motorcycle,1.0,No,Urban,21,RAN,North India,10
0x1dbb,JAPRES06DEL01,38.0,4.9,26.911927,75.797282,26.921927,75.807282,07-03-2022,10:25,10:35,Windy,Low,2,Drinks,scooter,1.0,No,Urban,26,JAP,North India,10
0xc2a6,AGRRES16DEL02,27.0,4.6,0.0,0.0,0.05,0.05,13-02-2022,19:20,19:30,Stormy,Jam,1,Meal,motorcycle,1.0,No,Urban,23,AGR,North India,19
0x1438,RANCHIRES08DEL03,38.0,4.4,23.353783,85.326967,23.383783,85.356967,07-03-2022,19:10,19:15,Sandstorms,Jam,1,Buffet,motorcycle,1.0,No,Urban,34,RAN,North India,19
0x7d5c,INDORES12DEL03,37.0,4.7,22.74806,75.8934,22.83806,75.9834,04-04-2022,19:50,0.833333333,Windy,Jam,2,Drinks,scooter,1.0,No,Urban,29,IND,North India,19
0x7855,RANCHIRES17DEL03,27.0,4.1,23.374878,85.335739,23.434878,85.395739,19-03-2022,21:10,21:20,Windy,Jam,0,Buffet,motorcycle,2.0,No,Urban,39,RAN,North India,21
0xa213,RANCHIRES02DEL02,32.0,4.6,0.0,0.0,0.13,0.13,06-04-2022,23:40,23:50,Stormy,Low,1,Buffet,motorcycle,0.0,No,Urban,18,RAN,North India,23
0x99d5,RANCHIRES04DEL03,29.0,4.8,23.359033,85.325347,23.389033,85.355347,05-03-2022,21:45,21:55,Cloudy,Jam,0,Meal,motorcycle,1.0,No,Urban,29,RAN,North India,21
0x3949,RANCHIRES04DEL03,27.0,4.9,23.359033,85.325347,23.389033,85.355347,07-03-2022,17:35,17:40,Sandstorms,Medium,1,Drinks,motorcycle,1.0,No,Urban,23,RAN,North India,17
0x8856,INDORES20DEL02,30.0,4.7,22.732225,75.874765,22.752225,75.894765,28-03-2022,10:30,10:35,Cloudy,Low,1,Buffet,scooter,1.0,No,Urban,19,IND,North India,10
0x4409,INDORES05DEL02,21.0,4.8,22.727021,75.884167,22.807021,75.964167,06-03-2022,19:45,19:55,Sunny,Jam,2,Meal,motorcycle,,No,Urban,16,IND,North India,19
0xd273,BHPRES06DEL01,35.0,4.7,23.232357,77.429989,23.302357,77.499989,12-02-2022,18:50,18:55,Sandstorms,Medium,2,Buffet,scooter,1.0,No,Urban,29,BHP,North India,18
0xdbf5,BHPRES16DEL03,36.0,4.1,23.264015,77.408236,23.354015,77.498236,18-02-2022,18:40,18:50,Fog,Medium,2,Buffet,motorcycle,2.0,No,Urban,39,BHP,North India,18
0xbea7,RANCHIRES18DEL01,32.0,4.4,23.351489,85.324253,23.421489,85.394253,20-03-2022,21:15,21:30,Windy,Jam,2,Meal,scooter,1.0,No,Urban,32,RAN,North India,21
0x6e81,INDORES18DEL01,30.0,4.5,22.753839,75.897429,22.793838,75.937429,26-03-2022,16:20,16:30,Fog,Medium,2,Drinks,scooter,0.0,No,Urban,19,IND,North India,16
0x49de,INDORES09DEL01,25.0,4.8,22.725835,75.887648,22.795835,75.957648,27-03-2022,20:45,20:50,Windy,Jam,1,Buffet,scooter,1.0,No,Urban,22,IND,North India,20
0xcaa5,DEHRES03DEL01,23.0,5.0,30.335259,78.053162,30.345259,78.063162,15-02-2022,10:40,10:45,Sandstorms,Low,1,Drinks,motorcycle,1.0,No,Urban,19,DEH,North India,10
0xd1fb,ALHRES03DEL01,23.0,4.8,25.451517,81.832616,25.491517,81.872616,11-02-2022,15:20,15:30,Windy,Medium,1,Meal,scooter,1.0,No,Urban,26,ALH,North India,15
0x6986,JAPRES11DEL02,39.0,4.6,26.90294,75.793007,26.98294,75.873007,23-03-2022,20:30,20:35,Cloudy,Jam,2,Buffet,electric_scooter,1.0,No,Urban,42,JAP,North India,20
0xc0e4,LUDHRES15DEL03,25.0,4.5,-30.899584,75.809346,30.959584,75.869346,15-02-2022,21:10,21:25,Cloudy,Jam,0,Snack,motorcycle,1.0,No,Urban,29,LUD,North India,21
0x729e,INDORES19DEL01,22.0,4.5,22.745536,75.893106,22.755536,75.903106,21-03-2022,08:25,08:30,Sandstorms,Low,2,Drinks,scooter,1.0,No,Urban,16,IND,North India,8
0x4b50,RANCHIRES12DEL01,27.0,4.9,0.0,0.0,0.11,0.11,02-03-2022,23:30,23:35,Windy,Low,0,Snack,motorcycle,1.0,No,Urban,18,RAN,North India,23
0xda66,KOLRES13DEL03,20.0,4.7,22.553227,88.353273,22.583227,88.383273,11-02-2022,18:40,18:50,Stormy,Medium,1,Snack,motorcycle,1.0,No,Urban,25,KOL,North India,18
0x936d,JAPRES11DEL03,22.0,4.9,26.90294,75.793007,26.99294,75.883007,23-03-2022,18:30,18:35,Sunny,Medium,2,Buffet,motorcycle,0.0,No,Urban,17,JAP,North India,18
0x2667,RANCHIRES09DEL01,24.0,4.7,23.351058,85.325731,23.391058,85.365731,05-04-2022,15:50,15:55,Windy,Medium,1,Meal,motorcycle,1.0,No,Urban,25,RAN,North India,15
0xbf1,INDORES14DEL02,20.0,4.9,22.761593,75.886362,22.781593,75.906362,19-03-2022,08:55,09:05,Cloudy,Low,1,Drinks,motorcycle,0.0,No,Urban,15,IND,North India,8
0xc7a6,AGRRES17DEL01,34.0,4.8,27.157772,78.04725,27.167772,78.05725,13-02-2022,11:40,11:50,Stormy,High,0,Snack,motorcycle,2.0,Yes,Urban,47,AGR,North India,11
0xe0e8,AGRRES04DEL03,37.0,5.0,27.195928,77.998092,27.225928,78.028092,17-02-2022,18:35,18:40,Stormy,Medium,0,Snack,motorcycle,1.0,No,Urban,26,AGR,North India,18
0xd6a2,LUDHRES08DEL01,20.0,4.7,30.899992,75.831338,30.909992,75.841338,13-02-2022,08:30,08:45,Cloudy,Low,1,Meal,motorcycle,1.0,No,Urban,18,LUD,North India,8
0xd92a,ALHRES14DEL02,30.0,4.6,25.459775,81.834841,25.589775,81.964841,12-02-2022,21:35,21:45,Sandstorms,Jam,1,Meal,scooter,1.0,No,Urban,30,ALH,North India,21
0x61bd,JAPRES16DEL01,32.0,4.8,26.849596,75.800512,26.959596,75.910512,08-03-2022,22:55,0.958333333,Windy,Low,0,Buffet,motorcycle,1.0,No,Urban,28,JAP,North India,22
0xdc1f,LUDHRES03DEL02,26.0,5.0,30.88722,75.804893,31.01722,75.934893,16-02-2022,20:20,20:35,Fog,Jam,2,Drinks,scooter,1.0,No,Urban,30,LUD,North India,20
0xa3b6,RANCHIRES13DEL01,20.0,5.0,23.374989,85.335486,23.384989,85.345486,21-03-2022,09:40,09:50,Sunny,Low,1,Buffet,motorcycle,0.0,No,Urban,17,RAN,North India,9
0x7cb1,RANCHIRES13DEL02,39.0,5.0,23.374989,85.335486,23.424989,85.385486,01-04-2022,22:20,22:30,Sunny,Low,1,Meal,motorcycle,,No,Urban,17,RAN,North India,22
0x6d62,RANCHIRES02DEL01,31.0,4.9,0.0,0.0,0.04,0.04,07-03-2022,14:50,15:05,Fog,High,1,Snack,scooter,0.0,No,Urban,26,RAN,North India,14
0xb905,INDORES17DEL02,26.0,4.8,22.761226,75.887522,22.811226,75.937522,03-03-2022,18:55,19:10,Sunny,Medium,2,Meal,motorcycle,0.0,No,Urban,11,IND,North India,18
0x6b6b,INDORES18DEL01,28.0,4.4,22.753839,75.897429,22.763838,75.907429,24-03-2022,08:50,0.375,Sandstorms,Low,0,Buffet,motorcycle,1.0,No,Urban,23,IND,North India,8
0xe025,KOLRES17DEL01,37.0,4.8,22.569358,88.433452,22.609358,88.473452,17-02-2022,15:15,15:30,Stormy,Medium,1,Meal,scooter,1.0,No,Urban,33,KOL,North India,15
0x5070,INDORES09DEL02,31.0,4.8,22.725835,75.887648,22.855835,76.017648,08-03-2022,17:45,17:55,Stormy,Medium,0,Buffet,motorcycle,1.0,No,Urban,36,IND,North India,17
0x2305,RANCHIRES16DEL02,32.0,4.6,23.371292,85.327872,23.451292,85.407872,08-03-2022,18:20,18:30,Stormy,Medium,0,Drinks,motorcycle,1.0,No,Urban,33,RAN,North India,18
0x9684,INDORES03DEL01,22.0,4.6,22.751857,75.866699,22.821857,75.936699,16-03-2022,19:25,19:35,Windy,Jam,1,Drinks,motorcycle,0.0,No,Urban,24,IND,North India,19
0x45d4,RANCHIRES15DEL03,27.0,4.9,23.369746,85.33982,23.399746,85.36982,11-03-2022,21:45,21:50,Sunny,Jam,1,Drinks,motorcycle,0.0,No,Urban,19,RAN,North India,21
0x30e5,RANCHIRES17DEL03,24.0,4.9,23.374878,85.335739,23.464878,85.425739,02-03-2022,19:30,19:35,Cloudy,Jam,2,Snack,scooter,1.0,No,Urban,42,RAN,North India,19
0xbf5c,KOLRES08DEL02,22.0,4.6337736972250205,22.53796,88.349843,22.66796,88.479843,14-02-2022,18:55,19:10,Stormy,Medium,0,Meal,motorcycle,1.0,No,Urban,34,KOL,North India,18
0x16f4,INDORES20DEL03,21.0,4.5,22.732225,75.874765,22.822225,75.964765,12-03-2022,19:55,20:10,Sunny,Jam,1,Meal,scooter,0.0,No,Urban,16,IND,North India,19
0x97c9,JAPRES19DEL02,39.0,4.8,26.913726,75.75282,26.993726,75.83282,20-03-2022,20:20,20:35,Cloudy,Jam,0,Meal,motorcycle,0.0,No,Urban,42,JAP,North India,20
0x5439,JAPRES04DEL02,38.0,4.6,26.902328,75.794257,26.982328,75.874257,14-03-2022,17:20,17:25,Fog,Medium,1,Drinks,motorcycle,1.0,No,Urban,38,JAP,North India,17
0xc4d6,KNPRES19DEL03,20.0,4.7,26.49095,80.318656,26.63095,80.458656,16-02-2022,22:35,22:45,Windy,Low,0,Drinks,motorcycle,1.0,No,Urban,17,KNP,North India,22
0xca02,KNPRES010DEL02,36.0,4.2,26.47775,80.351569,26.55775,80.431569,16-02-2022,22:15,22:25,Cloudy,Low,0,Buffet,motorcycle,1.0,No,Urban,44,KNP,North India,22
0x5d59,INDORES14DEL02,37.0,5.0,22.761593,75.886362,22.841593,75.966362,20-03-2022,20:35,20:50,Sunny,Jam,1,Meal,motorcycle,1.0,No,Urban,23,IND,North India,20
0x8de6,JAPRES010DEL02,23.0,4.4,26.921411,75.793604,26.941411,75.813604,13-03-2022,10:30,10:40,Stormy,Low,0,Drinks,motorcycle,1.0,No,Urban,19,JAP,North India,10
0x2530,INDORES01DEL03,25.0,4.9,22.695207,75.866059,22.755207,75.926059,03-04-2022,17:10,17:25,Stormy,Medium,2,Drinks,scooter,0.0,No,Urban,26,IND,North India,17
0x4828,JAPRES05DEL03,36.0,4.7,26.905287,75.794592,26.935287,75.824592,01-03-2022,17:55,0.75,Windy,Medium,1,Meal,scooter,1.0,No,Urban,28,JAP,North India,17
0xcf21,KNPRES20DEL02,33.0,4.2,26.47,80.35,26.55,80.43,18-02-2022,23:20,23:35,Fog,Low,2,Meal,electric_scooter,1.0,No,Urban,39,KNP,North India,23
0xd52a,KNPRES08DEL03,32.0,4.8,0.0,0.0,0.09,0.09,12-02-2022,22:25,22:40,Sandstorms,Low,0,Snack,motorcycle,1.0,No,Urban,23,KNP,North India,22
0x7d91,JAPRES08DEL03,27.0,4.8,26.910262,75.783013,27.000262,75.873013,25-03-2022,23:35,23:50,Sandstorms,Low,1,Meal,motorcycle,0.0,No,Urban,10,JAP,North India,23
0xdbd0,KNPRES02DEL01,31.0,3.5,26.471617,80.313564,26.541617,80.383564,14-02-2022,17:30,17:45,Sandstorms,Medium,1,Meal,motorcycle,1.0,No,Urban,38,KNP,North India,17
0xa2af,INDORES05DEL03,21.0,4.6,22.727021,75.884167,22.757021,75.914167,24-03-2022,22:50,23:05,Cloudy,Low,1,Snack,scooter,0.0,No,Urban,13,IND,North India,22
0x9753,INDORES15DEL01,29.0,4.8,22.760072,75.892574,22.800072,75.932574,17-03-2022,12:10,12:15,Cloudy,High,1,Buffet,motorcycle,1.0,No,Urban,22,IND,North India,12
0x2bc4,JAPRES07DEL02,38.0,5.0,26.766536,75.837333,26.786536,75.857333,21-03-2022,09:25,09:40,Stormy,Low,2,Drinks,scooter,1.0,No,Urban,22,JAP,North India,9
0xcfd4,KOLRES07DEL03,22.0,4.3,22.547186,88.35068,22.577185,88.38068,11-02-2022,19:25,19:35,Fog,Jam,1,Buffet,scooter,1.0,No,Urban,33,KOL,North India,19
0xd72d,AGRRES19DEL03,36.0,4.9,0.0,0.0,0.06,0.06,13-02-2022,22:30,22:40,Cloudy,Low,2,Snack,scooter,0.0,No,Urban,18,AGR,North India,22
0xe1f0,ALHRES07DEL02,30.0,4.3,25.449659,81.839744,25.499659,81.889744,11-02-2022,20:50,20:55,Stormy,Jam,2,Drinks,motorcycle,0.0,No,Urban,31,ALH,North India,20
0xc291,LUDHRES06DEL01,36.0,5.0,30.895204,75.822103,31.005204,75.932103,12-02-2022,19:55,0.833333333,Sunny,Jam,2,Meal,scooter,0.0,No,Urban,23,LUD,North India,19
0x1351,JAPRES05DEL03,36.0,4.9,26.905287,75.794592,26.935287,75.824592,05-03-2022,22:40,22:50,Cloudy,Low,1,Meal,scooter,0.0,No,Urban,19,JAP,North India,22
0xc732,LUDHRES15DEL01,27.0,4.9,30.899584,75.809346,30.969584,75.879346,14-02-2022,18:25,18:30,Sunny,Medium,1,Drinks,scooter,1.0,No,Urban,19,LUD,North India,18
0x8e2f,INDORES01DEL02,28.0,4.6,22.695207,75.866059,22.775207,75.946059,10-03-2022,22:35,22:50,Stormy,Low,2,Snack,scooter,1.0,No,Urban,18,IND,North India,22
0x95a0,JAPRES14DEL02,22.0,4.7,26.88842,75.800689,26.93842,75.850689,05-03-2022,20:30,20:40,Sunny,Jam,1,Snack,scooter,0.0,No,Urban,10,JAP,North India,20
0xc17b,ALHRES03DEL01,37.0,4.8,25.451517,81.832616,25.491517,81.872616,13-02-2022,15:25,15:35,Cloudy,Medium,2,Buffet,scooter,0.0,No,Urban,18,ALH,North India,15
0xde43,ALHRES09DEL02,21.0,4.8,0.0,0.0,0.05,0.05,13-02-2022,22:30,22:45,Fog,Low,2,Snack,electric_scooter,,No,Urban,11,ALH,North India,22
0xdb8b,KOLRES010DEL02,31.0,4.7,22.538999,88.322337,22.558999,88.342337,13-02-2022,09:30,09:35,Sandstorms,Low,1,Snack,scooter,0.0,No,Urban,21,KOL,North India,9
0x6127,RANCHIRES19DEL02,35.0,4.7,23.333017,85.3172,23.383017,85.3672,28-03-2022,1,24:15:00,Sunny,Low,2,Meal,scooter,1.0,No,Urban,13,RAN,North India,1
0x38be,INDORES15DEL02,22.0,4.6,22.760072,75.892574,22.780072,75.912574,17-03-2022,09:20,09:30,Cloudy,Low,0,Buffet,motorcycle,1.0,No,Urban,20,IND,North India,9
0x8759,INDORES16DEL01,25.0,4.9,22.744648,75.894377,22.814648,75.964377,23-03-2022,19:15,19:30,Sunny,Jam,1,Drinks,scooter,1.0,No,Urban,24,IND,North India,19
0x5b91,JAPRES13DEL01,36.0,4.9,26.846156,75.8023,26.856156,75.8123,17-03-2022,11:40,11:55,Cloudy,High,0,Snack,motorcycle,0.0,No,Urban,25,JAP,North India,11
0x30e7,JAPRES12DEL02,31.0,5.0,26.902908,75.792934,26.982908,75.872934,14-03-2022,17:20,17:35,Sandstorms,Medium,2,Buffet,motorcycle,1.0,No,Urban,20,JAP,North India,17
0x49b2,JAPRES04DEL03,25.0,5.0,26.902328,75.794257,26.992328,75.884257,23-03-2022,20:45,0.875,Stormy,Jam,2,Meal,electric_scooter,1.0,No,Urban,18,JAP,North India,20
0xd9b4,BHPRES12DEL03,33.0,4.0,0.0,0.0,0.06,0.06,13-02-2022,23:30,23:45,Stormy,Low,0,Buffet,motorcycle,1.0,No,Urban,26,BHP,North India,23
0xd979,LUDHRES14DEL01,24.0,4.6,30.892978,75.821847,30.932978,75.861847,11-02-2022,16:15,16:20,Fog,Medium,2,Meal,scooter,0.0,No,Urban,12,LUD,North India,16
0x4dd3,JAPRES09DEL02,22.0,4.9,26.911378,75.789034,26.931378,75.809034,15-03-2022,10:40,10:45,Stormy,Low,1,Buffet,motorcycle,0.0,No,Urban,12,JAP,North India,10
0xabe4,JAPRES05DEL01,31.0,4.1,26.905287,75.794592,26.915287,75.804592,11-03-2022,08:20,08:25,Stormy,Low,0,Meal,motorcycle,1.0,No,Urban,33,JAP,North India,8
0x5103,JAPRES09DEL01,32.0,3.9,26.911378,75.789034,26.981378,75.859034,10-03-2022,17:15,17:20,Sandstorms,Medium,2,Drinks,electric_scooter,2.0,No,Urban,38,JAP,North India,17
0x36cb,RANCHIRES010DEL03,22.0,4.3,23.354422,85.3329,23.384422,85.3629,03-04-2022,22:15,22:20,Stormy,Low,0,Snack,motorcycle,1.0,No,Urban,23,RAN,North India,22
0x9390,INDORES02DEL03,26.0,5.0,22.651847,75.881991,22.681847,75.911991,01-03-2022,20:25,20:35,Stormy,Jam,0,Snack,motorcycle,1.0,No,Urban,29,IND,North India,20
0x35f4,RANCHIRES17DEL01,35.0,4.6,23.374878,85.335739,23.414878,85.375739,03-04-2022,15:45,0.666666667,Stormy,Medium,1,Snack,scooter,1.0,No,Urban,30,RAN,North India,15
0xceea,LUDHRES18DEL02,33.0,4.9,30.890184,75.829615,30.910184,75.849615,11-02-2022,08:10,08:15,Sunny,Low,2,Drinks,scooter,1.0,No,Urban,12,LUD,North India,8
0xc091,BHPRES18DEL01,34.0,4.7,-23.234631,77.401663,23.274631,77.441663,13-02-2022,13:25,13:40,Fog,High,0,Meal,motorcycle,1.0,No,Urban,32,BHP,North India,13
0xcd7e,ALHRES19DEL03,32.0,5.0,25.457116,81.859682,25.597116,81.999682,18-02-2022,23:30,23:35,Sandstorms,Low,0,Drinks,motorcycle,1.0,No,Urban,25,ALH,North India,23
0xbec7,INDORES14DEL01,32.0,4.7,22.761593,75.886362,22.801593,75.926362,17-03-2022,14:25,14:40,Windy,High,0,Drinks,motorcycle,0.0,No,Urban,35,IND,North India,14
0x5aa3,RANCHIRES16DEL01,24.0,4.6,23.371292,85.327872,23.411292,85.367872,21-03-2022,16:50,16:55,Cloudy,Medium,2,Meal,scooter,1.0,No,Urban,14,RAN,North India,16
0xb368,JAPRES20DEL01,31.0,4.6,26.956431,75.776649,26.966431,75.786649,03-03-2022,08:45,08:55,Cloudy,Low,2,Buffet,scooter,1.0,No,Urban,19,JAP,North India,8
0xbb21,JAPRES08DEL01,21.0,4.8,26.910262,75.783013,26.980262,75.853013,06-03-2022,20:55,0.875,Windy,Jam,2,Drinks,scooter,0.0,No,Urban,23,JAP,North India,20
0x8cb1,RANCHIRES010DEL02,29.0,4.8,23.354422,85.3329,23.374422,85.3529,03-03-2022,10:25,10:40,Sunny,Low,0,Buffet,motorcycle,1.0,No,Urban,15,RAN,North India,10
0xd6af,LUDHRES11DEL02,27.0,5.0,30.893081,75.821495,30.943081,75.871495,17-02-2022,18:20,18:30,Cloudy,Medium,1,Meal,scooter,1.0,No,Urban,11,LUD,North India,18
0x8e2c,JAPRES05DEL01,20.0,4.6,26.905287,75.794592,26.975287,75.864592,06-03-2022,17:25,17:40,Stormy,Medium,2,Snack,scooter,1.0,No,Urban,17,JAP,North India,17
0x545f,RANCHIRES08DEL03,35.0,3.6,23.353783,85.326967,23.443783,85.416967,14-03-2022,21:45,21:50,Sunny,Jam,1,Buffet,motorcycle,0.0,No,Urban,31,RAN,North India,21
0xd6e3,LUDHRES03DEL02,26.0,4.7,30.88722,75.804893,30.96722,75.884893,12-02-2022,23:10,23:25,Stormy,Low,1,Buffet,motorcycle,1.0,No,Urban,11,LUD,North India,23
0x532d,RANCHIRES010DEL01,33.0,4.9,23.354422,85.3329,23.424422,85.4029,29-03-2022,19:40,19:55,Fog,Jam,1,Snack,scooter,0.0,No,Urban,49,RAN,North India,19
0xb76,RANCHIRES11DEL02,27.0,4.7,23.359194,85.325447,23.379194,85.345447,28-03-2022,10:40,10:45,Sunny,Low,2,Meal,electric_scooter,1.0,No,Urban,21,RAN,North India,10
0x6e76,JAPRES03DEL01,24.0,4.6,26.913483,75.803139,26.923483,75.813139,03-03-2022,08:15,08:25,Windy,Low,1,Drinks,scooter,1.0,No,Urban,16,JAP,North India,8
0x427c,INDORES19DEL03,38.0,4.8,22.745536,75.893106,22.775536,75.923106,19-03-2022,17:25,17:30,Windy,Medium,2,Meal,scooter,1.0,No,Urban,27,IND,North India,17
0x50e3,RANCHIRES16DEL01,27.0,4.8,23.371292,85.327872,23.381292,85.337872,28-03-2022,08:40,08:45,Sunny,Low,1,Drinks,scooter,0.0,No,Urban,22,RAN,North India,8
0x7962,INDORES05DEL01,29.0,4.9,22.727021,75.884167,22.737021,75.894167,01-03-2022,09:10,09:15,Sandstorms,Low,1,Meal,scooter,1.0,No,Urban,15,IND,North India,9
0xc705,AGRRES08DEL03,24.0,4.6,27.160934,78.044095,27.190934,78.074095,15-02-2022,23:45,1,Fog,Low,2,Meal,electric_scooter,1.0,No,Urban,10,AGR,North India,23
0xd29c,AGRRES03DEL02,29.0,4.9,27.160832,78.011608,27.180832,78.031608,15-02-2022,10:15,10:30,Sunny,Low,0,Meal,motorcycle,1.0,No,Urban,12,AGR,North India,10
0xa6e3,INDORES18DEL01,29.0,4.7,22.753839,75.897429,22.793838,75.937429,11-03-2022,15:30,15:35,Sunny,Medium,1,Buffet,scooter,0.0,No,Urban,13,IND,North India,15
0xd5c7,BHPRES02DEL03,21.0,4.6,0.0,0.0,0.09,0.09,16-02-2022,20:35,20:50,Windy,Jam,1,Meal,scooter,0.0,No,Urban,20,BHP,North India,20
0xd18f,ALHRES17DEL01,22.0,4.7,25.45235,81.841889,25.56235,81.951889,16-02-2022,19:55,20:05,Cloudy,Jam,0,Buffet,motorcycle,2.0,No,Urban,42,ALH,North India,19
0xd5fb,AGRRES20DEL02,29.0,5.0,27.158822,78.045359,27.288822,78.175359,14-02-2022,17:30,17:40,Sunny,Medium,2,Snack,motorcycle,0.0,No,Urban,13,AGR,North India,17
0xdb21,LUDHRES19DEL01,35.0,4.5,30.902872,75.826808,30.912872,75.836808,11-02-2022,09:45,09:55,Sandstorms,Low,2,Drinks,scooter,1.0,No,Urban,27,LUD,North India,9
0x6298,INDORES02DEL03,37.0,4.7,22.651847,75.881991,22.681847,75.911991,07-03-2022,20:45,20:50,Sunny,Jam,1,Snack,motorcycle,1.0,No,Urban,22,IND,North India,20
0xc94d,KOLRES20DEL02,37.0,4.7,22.514119,88.362504,22.534119,88.382504,13-02-2022,11:15,11:30,Sunny,High,2,Snack,scooter,0.0,No,Urban,22,KOL,North India,11
0x3cbf,INDORES11DEL03,39.0,4.7,22.751234,75.88949,22.811234,75.94949,01-03-2022,23:10,23:20,Sunny,Low,1,Drinks,scooter,1.0,No,Urban,16,IND,North India,23
0xd4e7,ALHRES06DEL02,26.0,4.7,0.0,0.0,0.08,0.08,18-02-2022,20:55,0.875,Windy,Jam,2,Snack,scooter,0.0,No,Urban,18,ALH,North India,20
0xcdf3,KOLRES12DEL01,28.0,4.9,22.551084,88.354127,22.561084,88.364127,11-02-2022,08:40,08:55,Sunny,Low,1,Meal,scooter,1.0,No,Urban,20,KOL,North India,8
0x53c6,RANCHIRES20DEL03,28.0,4.6,23.39925,85.390464,23.42925,85.420464,05-03-2022,17:20,17:25,Sandstorms,Medium,2,Drinks,scooter,1.0,No,Urban,26,RAN,North India,17
0xc832,AGRRES16DEL01,22.0,4.7,0.0,0.0,0.07,0.07,14-02-2022,22:55,23:10,Stormy,Low,0,Drinks,motorcycle,0.0,No,Urban,18,AGR,North India,22
0xc1f8,DEHRES15DEL03,36.0,4.5,0.0,0.0,0.03,0.03,17-02-2022,17:55,18:10,Sandstorms,Medium,1,Meal,motorcycle,0.0,No,Urban,28,DEH,North India,17
0xad53,INDORES19DEL01,33.0,4.8,22.745536,75.893106,22.755536,75.903106,01-03-2022,08:10,08:20,Sunny,Low,2,Drinks,scooter,1.0,No,Urban,10,IND,North India,8
0xde2c,BHPRES20DEL02,30.0,4.5,23.235123,77.398886,23.365123,77.528886,12-02-2022,21:30,21:45,Sunny,Jam,2,Meal,motorcycle,1.0,No,Urban,18,BHP,North India,21
0x1831,INDORES16DEL03,23.0,4.9,22.744648,75.894377,22.774648,75.924377,09-03-2022,20:55,21:05,Cloudy,Jam,0,Drinks,motorcycle,1.0,No,Urban,20,IND,North India,20
0xc13a,KNPRES03DEL01,22.0,4.6,26.469003,80.316344,26.539003,80.386344,12-02-2022,23:10,23:15,Fog,Low,0,Snack,motorcycle,,No,Urban,20,KNP,North India,23
0xce80,DEHRES20DEL01,37.0,4.7,0.0,0.0,0.01,0.01,17-02-2022,10:30,10:45,Cloudy,Low,1,Drinks,motorcycle,0.0,No,Urban,15,DEH,North India,10
0xc056,LUDHRES01DEL03,33.0,4.1,-30.873988,75.842739,30.963988,75.932739,16-02-2022,19:40,19:50,Stormy,Jam,1,Snack,scooter,0.0,No,Urban,34,LUD,North India,19
0x9d88,RANCHIRES13DEL03,32.0,4.9,23.374989,85.335486,23.464989,85.425486,20-03-2022,23:30,23:45,Sandstorms,Low,1,Drinks,motorcycle,1.0,No,Urban,25,RAN,North India,23
0xb708,RANCHIRES01DEL01,21.0,4.8,23.416792,85.316842,23.426792,85.326842,03-04-2022,11:50,11:55,Stormy,High,2,Buffet,scooter,1.0,No,Urban,16,RAN,North India,11
0x5a23,RANCHIRES16DEL02,24.0,5.0,23.371292,85.327872,23.501292,85.457872,16-03-2022,17:10,17:25,Sunny,Medium,2,Snack,scooter,0.0,No,Urban,15,RAN,North India,17
0xe1b,INDORES07DEL01,33.0,5.0,22.722634,75.886959,22.762634,75.926959,24-03-2022,16:15,16:25,Windy,Medium,0,Buffet,motorcycle,0.0,No,Urban,33,IND,North India,16
0xd28b,LUDHRES15DEL02,20.0,4.9,30.899584,75.809346,31.029584,75.939346,14-02-2022,19:55,20:05,Sandstorms,Jam,1,Meal,scooter,1.0,No,Urban,20,LUD,North India,19
0xcff8,BHPRES03DEL01,37.0,3.9,23.214294,77.435361,23.324294,77.545361,12-02-2022,22:40,22:55,Cloudy,Low,2,Meal,motorcycle,1.0,No,Urban,35,BHP,North India,22
0x2028,RANCHIRES16DEL01,26.0,5.0,23.371292,85.327872,23.481292,85.437872,06-04-2022,17:45,17:50,Stormy,Medium,2,Drinks,scooter,1.0,No,Urban,26,RAN,North India,17
0xcff5,LUDHRES010DEL01,27.0,4.6,30.89286,75.822199,30.90286,75.832199,17-02-2022,09:50,10:05,Cloudy,Low,1,Meal,scooter,1.0,No,Urban,10,LUD,North India,9
0xc538,BHPRES010DEL02,20.0,4.0,23.266261,77.379605,23.396261,77.509605,14-02-2022,18:35,18:50,Stormy,Medium,0,Snack,motorcycle,1.0,No,Urban,31,BHP,North India,18
0x5ec3,INDORES010DEL03,39.0,4.9,22.75004,75.902847,22.78004,75.932847,26-03-2022,22:55,0.958333333,Sunny,Low,2,Drinks,scooter,0.0,No,Urban,10,IND,North India,22
0x3876,INDORES04DEL01,31.0,4.6,22.753659,75.903365,22.863659,76.013365,29-03-2022,18:20,18:30,Fog,Medium,0,Buffet,motorcycle,1.0,No,Urban,36,IND,North India,18
0x592b,RANCHIRES010DEL03,30.0,4.9,23.354422,85.3329,23.414422,85.3929,01-03-2022,17:25,17:35,Windy,Medium,0,Meal,motorcycle,0.0,No,Urban,29,RAN,North India,17
0x7e43,INDORES02DEL01,37.0,4.9,22.651847,75.881991,22.721847,75.951991,02-04-2022,21:35,21:40,Windy,Jam,1,Drinks,motorcycle,1.0,No,Urban,25,IND,North India,21
0xa53c,RANCHIRES20DEL02,25.0,4.5,23.39925,85.390464,23.41925,85.410464,03-04-2022,09:30,09:45,Fog,Low,1,Meal,motorcycle,0.0,No,Urban,10,RAN,North India,9
0x1493,INDORES19DEL03,35.0,5.0,22.745536,75.893106,22.805536,75.953106,09-03-2022,22:30,22:35,Cloudy,Low,2,Buffet,scooter,0.0,No,Urban,17,IND,North India,22
0xa2a7,RANCHIRES20DEL03,27.0,4.8,23.39925,85.390464,23.42925,85.420464,17-03-2022,18:25,18:35,Sunny,Medium,0,Meal,motorcycle,0.0,No,Urban,17,RAN,North India,18
0xd311,AGRRES17DEL02,39.0,4.7,27.157772,78.04725,27.207772,78.09725,17-02-2022,20:55,0.875,Stormy,Jam,2,Snack,electric_scooter,1.0,No,Urban,33,AGR,North India,20
0xd701,AGRRES12DEL01,24.0,5.0,27.165108,78.015053,27.235108,78.085053,12-02-2022,22:15,22:30,Fog,Low,1,Drinks,scooter,1.0,No,Urban,20,AGR,North India,22
0xb2c2,RANCHIRES01DEL01,34.0,4.0,23.416792,85.316842,23.426792,85.326842,13-03-2022,11:50,11:55,Cloudy,High,0,Buffet,motorcycle,1.0,No,Urban,34,RAN,North India,11
0x8840,INDORES08DEL02,25.0,5.0,22.725748,75.898497,22.855747,76.028497,02-03-2022,23:15,23:30,Stormy,Low,1,Buffet,scooter,0.0,No,Urban,10,IND,North India,23
0x756a,RANCHIRES14DEL02,26.0,4.5,0.0,0.0,0.02,0.02,03-03-2022,10:15,10:20,Sandstorms,Low,1,Meal,motorcycle,1.0,No,Urban,19,RAN,North India,10
0x35cb,INDORES17DEL02,34.0,4.9,22.761226,75.887522,22.811226,75.937522,13-03-2022,22:40,22:55,Sunny,Low,1,Meal,motorcycle,0.0,No,Urban,10,IND,North India,22
0x9762,JAPRES02DEL03,21.0,4.8,26.914142,75.805704,27.054142,75.945704,18-03-2022,21:50,21:55,Windy,Jam,1,Drinks,scooter,1.0,No,Urban,16,JAP,North India,21
0x8cd5,JAPRES05DEL03,36.0,4.5,26.905287,75.794592,26.995287,75.884592,08-03-2022,20:15,20:25,Windy,Jam,1,Meal,scooter,1.0,No,Urban,31,JAP,North India,20
0xcf0c,AGRRES09DEL01,35.0,4.7,0.0,0.0,0.07,0.07,14-02-2022,23:55,24:10:00,Windy,Low,1,Snack,scooter,1.0,No,Urban,21,AGR,North India,23
0x607b,INDORES010DEL03,24.0,4.6,22.75004,75.902847,22.84004,75.992847,20-03-2022,23:20,23:30,Stormy,Low,0,Drinks,motorcycle,1.0,No,Urban,19,IND,North India,23
0x80f7,INDORES18DEL03,35.0,4.9,22.753839,75.897429,22.843839,75.987429,06-04-2022,18:25,18:30,Sandstorms,Medium,2,Buffet,electric_scooter,0.0,No,Urban,22,IND,North India,18
0x975,JAPRES15DEL03,30.0,4.6,26.891191,75.802083,26.981191,75.892083,18-03-2022,20:35,20:40,Windy,Jam,0,Snack,motorcycle,2.0,Yes,Urban,52,JAP,North India,20
0xe038,BHPRES13DEL02,34.0,4.9,23.230791,77.43702,23.250791,77.45702,11-02-2022,08:55,09:10,Sandstorms,Low,2,Snack,scooter,0.0,No,Urban,22,BHP,North India,8
0xdb1b,LUDHRES010DEL01,36.0,4.7,30.89286,75.822199,31.00286,75.932199,16-02-2022,22:10,22:25,Sunny,Low,1,Drinks,motorcycle,0.0,No,Urban,19,LUD,North India,22
0x3219,RANCHIRES09DEL03,26.0,4.9,23.351058,85.325731,23.411058,85.385731,01-03-2022,18:55,19:05,Windy,Medium,2,Snack,motorcycle,1.0,No,Urban,27,RAN,North India,18
0x203c,RANCHIRES19DEL03,21.0,4.6,23.333017,85.3172,23.423017,85.4072,14-03-2022,23:15,23:30,Windy,Low,0,Snack,motorcycle,1.0,No,Urban,17,RAN,North India,23
0x7373,INDORES01DEL01,25.0,4.7,22.695207,75.866059,22.705207,75.876059,21-03-2022,10:50,11:05,Sandstorms,Low,2,Buffet,scooter,0.0,No,Urban,12,IND,North India,10
0x5a77,RANCHIRES03DEL01,21.0,4.9,0.0,0.0,0.07,0.07,14-03-2022,21:10,21:20,Fog,Jam,0,Meal,motorcycle,1.0,No,Urban,38,RAN,North India,21
0x5f89,INDORES14DEL03,31.0,4.9,22.761593,75.886362,22.821593,75.946362,11-03-2022,21:30,21:35,Fog,Jam,0,Buffet,motorcycle,1.0,No,Urban,27,IND,North India,21
0x8ac5,JAPRES08DEL03,35.0,3.9,26.910262,75.783013,27.050262,75.923013,25-03-2022,21:45,21:55,Sandstorms,Jam,1,Snack,motorcycle,1.0,No,Urban,31,JAP,North India,21
0x9aac,JAPRES05DEL03,23.0,4.8,26.905287,75.794592,26.965287,75.854592,24-03-2022,23:35,23:45,Cloudy,Low,2,Meal,motorcycle,0.0,No,Urban,10,JAP,North India,23
0xc45a,KNPRES15DEL03,34.0,4.7,26.482419,80.320939,26.542419,80.380939,15-02-2022,20:20,20:30,Fog,Jam,1,Buffet,scooter,1.0,No,Urban,27,KNP,North India,20
0xdc17,DEHRES05DEL03,29.0,4.9,30.346994,78.062543,30.486994,78.202543,12-02-2022,20:10,20:20,Sandstorms,Jam,2,Snack,motorcycle,0.0,No,Urban,17,DEH,North India,20
0x1e00,RANCHIRES010DEL02,32.0,4.8,23.354422,85.3329,23.404422,85.3829,24-03-2022,21:45,21:50,Stormy,Jam,2,Drinks,electric_scooter,1.0,No,Urban,27,RAN,North India,21
0x5187,RANCHIRES03DEL01,21.0,5.0,0.0,0.0,0.11,0.11,12-03-2022,19:55,20:10,Sunny,Jam,0,Snack,motorcycle,1.0,No,Urban,15,RAN,North India,19
0xd23f,BHPRES02DEL01,21.0,4.7,0.0,0.0,0.11,0.11,14-02-2022,18:55,19:10,Sunny,Medium,2,Drinks,scooter,1.0,No,Urban,17,BHP,North India,18
0xadd2,RANCHIRES02DEL01,21.0,4.9,0.0,0.0,0.07,0.07,29-03-2022,22:45,0.958333333,Stormy,Low,0,Snack,motorcycle,1.0,No,Urban,19,RAN,North India,22
0xd34e,ALHRES07DEL02,20.0,4.6,25.449659,81.839744,25.469659,81.859744,17-02-2022,09:30,09:45,Sunny,Low,0,Snack,motorcycle,0.0,No,Urban,11,ALH,North India,9
0xdb1a,ALHRES07DEL03,25.0,4.7,25.449659,81.839744,25.589659,81.979744,16-02-2022,21:10,21:15,Windy,Jam,1,Snack,scooter,0.0,No,Urban,18,ALH,North India,21
0xdb30,KNPRES09DEL01,20.0,4.9,26.473698,80.352677,26.513698,80.392677,17-02-2022,16:15,16:30,Stormy,Medium,0,Meal,motorcycle,1.0,No,Urban,28,KNP,North India,16
0x972b,JAPRES09DEL02,33.0,4.8,26.911378,75.789034,27.041378,75.919034,16-03-2022,21:25,21:40,Sunny,Jam,0,Drinks,motorcycle,1.0,No,Urban,31,JAP,North India,21
0x8533,INDORES11DEL01,24.0,4.6,22.751234,75.88949,22.791234,75.92949,05-04-2022,16:45,16:55,Sandstorms,Medium,0,Buffet,motorcycle,0.0,No,Urban,20,IND,North India,16
0x1349,RANCHIRES09DEL02,29.0,4.7,23.351058,85.325731,23.401058,85.375731,11-03-2022,20:10,20:25,Stormy,Jam,0,Snack,motorcycle,1.0,No,Urban,25,RAN,North India,20
0xa9c3,INDORES12DEL02,23.0,4.9,22.74806,75.8934,22.82806,75.9734,06-03-2022,19:15,19:30,Cloudy,Jam,0,Drinks,motorcycle,1.0,No,Urban,39,IND,North India,19
0x186f,JAPRES02DEL01,31.0,4.7,26.914142,75.805704,26.954142,75.845704,19-03-2022,13:30,13:40,Sunny,High,0,Drinks,motorcycle,1.0,No,Urban,23,JAP,North India,13
0x86e0,INDORES18DEL01,37.0,4.9,22.753839,75.897429,22.863838,76.007429,02-03-2022,22:25,22:30,Cloudy,Low,0,Snack,motorcycle,1.0,No,Urban,41,IND,North India,22
0x8dde,JAPRES06DEL01,39.0,4.6,26.911927,75.797282,26.951927,75.837282,03-04-2022,16:20,16:25,Cloudy,Medium,2,Snack,electric_scooter,0.0,No,Urban,17,JAP,North India,16
0x68e0,JAPRES08DEL02,27.0,4.0,26.910262,75.783013,26.990262,75.863013,12-03-2022,21:30,21:35,Cloudy,Jam,2,Buffet,motorcycle,1.0,No,Urban,39,JAP,North India,21
0xc998,LUDHRES12DEL01,22.0,4.7,30.893244,75.821817,30.933244,75.861817,15-02-2022,13:45,13:50,Windy,High,0,Buffet,motorcycle,0.0,No,Urban,15,LUD,North India,13
0xa0ba,RANCHIRES09DEL03,21.0,4.6,23.351058,85.325731,23.411058,85.385731,05-03-2022,23:20,23:30,Sunny,Low,0,Buffet,motorcycle,0.0,No,Urban,12,RAN,North India,23
0x39cb,INDORES12DEL01,32.0,4.6,22.74806,75.8934,22.85806,76.0034,02-04-2022,22:30,22:45,Cloudy,Low,1,Buffet,scooter,1.0,No,Urban,25,IND,North India,22
0xd11b,KOLRES03DEL01,38.0,4.9,22.526461,88.364453,22.636461,88.474453,18-02-2022,18:30,18:45,Windy,Medium,2,Buffet,motorcycle,1.0,No,Urban,23,KOL,North India,18
0x6dde,JAPRES11DEL02,29.0,4.9,26.90294,75.793007,26.92294,75.813007,01-04-2022,09:35,09:40,Windy,Low,1,Meal,scooter,0.0,No,Urban,15,JAP,North India,9
0x7c66,JAPRES11DEL01,37.0,4.2,26.90294,75.793007,26.97294,75.863007,23-03-2022,18:25,18:30,Windy,Medium,0,Snack,motorcycle,3.0,No,Urban,47,JAP,North India,18
0xe080,AGRRES06DEL01,38.0,5.0,0.0,0.0,0.04,0.04,13-02-2022,16:50,16:55,Fog,Medium,1,Meal,motorcycle,0.0,No,Urban,18,AGR,North India,16
0x20b4,RANCHIRES010DEL02,27.0,5.0,23.354422,85.3329,23.374422,85.3529,11-03-2022,10:50,0.458333333,Fog,Low,0,Snack,motorcycle,0.0,No,Urban,17,RAN,North India,10
0x843,INDORES02DEL03,37.0,4.4,22.651847,75.881991,22.741847,75.971991,02-03-2022,20:10,20:20,Stormy,Jam,1,Snack,motorcycle,1.0,No,Urban,42,IND,North India,20
0x6f28,JAPRES19DEL02,37.0,4.8,26.913726,75.75282,26.963726,75.80282,28-03-2022,18:20,18:25,Sunny,Medium,2,Buffet,scooter,1.0,No,Urban,21,JAP,North India,18
0xa410,RANCHIRES18DEL03,26.0,4.6,23.351489,85.324253,23.411489,85.384253,05-04-2022,18:30,18:35,Sandstorms,Medium,0,Buffet,motorcycle,0.0,No,Urban,27,RAN,North India,18
0x3c79,RANCHIRES19DEL01,24.0,4.7,23.333017,85.3172,23.343017,85.3272,03-04-2022,09:25,09:35,Stormy,Low,1,Drinks,motorcycle,1.0,No,Urban,13,RAN,North India,9
0xde83,ALHRES12DEL03,32.0,3.8,25.443994,81.860187,25.583994,82.000187,14-02-2022,20:25,20:30,Sandstorms,Jam,2,Snack,motorcycle,1.0,No,Urban,33,ALH,North India,20
0xb918,RANCHIRES19DEL02,39.0,4.8,23.333017,85.3172,23.413017,85.3972,25-03-2022,23:15,23:25,Stormy,Low,0,Drinks,motorcycle,1.0,No,Urban,20,RAN,North India,23
0xdee7,LUDHRES15DEL03,34.0,4.4,30.899584,75.809346,31.039584,75.949346,14-02-2022,21:15,21:30,Cloudy,Jam,1,Buffet,motorcycle,1.0,No,Urban,42,LUD,North India,21
0x856e,RANCHIRES17DEL01,37.0,5.0,23.374878,85.335739,23.414878,85.375739,01-04-2022,15:45,15:55,Cloudy,Medium,1,Meal,motorcycle,1.0,No,Urban,18,RAN,North India,15
0xc4d2,KNPRES18DEL01,33.0,4.9,26.474133,80.3481,26.514133,80.3881,13-02-2022,16:20,16:25,Windy,Medium,0,Drinks,motorcycle,1.0,No,Urban,25,KNP,North India,16
0x1b23,INDORES02DEL02,36.0,4.9,22.651847,75.881991,22.671847,75.901991,17-03-2022,08:55,0.375,Sunny,Low,2,Buffet,motorcycle,0.0,No,Urban,16,IND,North India,8
0xde0a,KNPRES16DEL01,31.0,4.7,26.482581,80.315628,26.592581,80.425628,12-02-2022,23:55,24:10:00,Sunny,Low,0,Meal,motorcycle,1.0,No,Urban,25,KNP,North India,23
0xd22c,ALHRES02DEL03,38.0,4.8,25.453436,81.833167,25.483436,81.863167,13-02-2022,1,24:05:00,Sunny,Low,0,Drinks,motorcycle,1.0,No,Urban,28,ALH,North India,1
0x280f,JAPRES07DEL03,36.0,4.8,26.766536,75.837333,26.906536,75.977333,02-03-2022,23:40,23:55,Cloudy,Low,0,Drinks,motorcycle,2.0,No,Urban,40,JAP,North India,23
0x4eae,RANCHIRES05DEL02,37.0,4.2,23.355164,85.324097,23.405164,85.374097,15-03-2022,21:35,21:40,Stormy,Jam,0,Buffet,motorcycle,0.0,No,Urban,36,RAN,North India,21
0xc49b,AGRRES20DEL01,37.0,4.2,27.158822,78.045359,27.228822,78.115359,16-02-2022,19:55,20:05,Stormy,Jam,2,Snack,scooter,0.0,No,Urban,39,AGR,North India,19
0xb1ce,RANCHIRES15DEL03,38.0,4.8,23.369746,85.33982,23.429746,85.39982,30-03-2022,22:25,22:30,Fog,Low,1,Drinks,motorcycle,0.0,No,Urban,16,RAN,North India,22
0x165a,JAPRES15DEL03,36.0,4.7,26.891191,75.802083,26.951191,75.862083,03-04-2022,17:45,0.75,Windy,Medium,1,Snack,scooter,0.0,No,Urban,28,JAP,North India,17
0x4c8a,INDORES19DEL01,37.0,4.6,22.745536,75.893106,22.815536,75.963106,06-03-2022,18:40,18:55,Windy,Medium,0,Meal,motorcycle,1.0,No,Urban,37,IND,North India,18
0x506a,INDORES17DEL02,39.0,4.5,22.761226,75.887522,22.841226,75.967522,23-03-2022,22:15,22:20,Cloudy,Low,1,Meal,motorcycle,1.0,No,Urban,31,IND,North India,22
0xdcc1,ALHRES010DEL01,34.0,4.7,0.0,0.0,0.07,0.07,16-02-2022,20:30,20:45,Fog,Jam,0,Snack,motorcycle,1.0,Yes,Urban,43,ALH,North India,20
0x51f1,INDORES20DEL03,30.0,4.9,22.732225,75.874765,22.762225,75.904765,01-04-2022,18:40,18:55,Fog,Medium,2,Meal,motorcycle,1.0,No,Urban,15,IND,North India,18
0x5107,RANCHIRES07DEL01,20.0,4.5,23.359407,85.325055,23.399407,85.365055,05-04-2022,12:35,12:50,Stormy,High,1,Snack,motorcycle,0.0,No,Urban,13,RAN,North India,12
0x1c2c,JAPRES03DEL02,35.0,4.1,26.913483,75.803139,26.933483,75.823139,05-03-2022,08:10,08:20,Windy,Low,0,Meal,motorcycle,1.0,No,Urban,34,JAP,North India,8
0xe208,ALHRES19DEL02,33.0,4.9,25.457116,81.859682,25.477116,81.879682,17-02-2022,11:35,11:40,Cloudy,High,1,Meal,motorcycle,1.0,No,Urban,29,ALH,North India,11
0x1ceb,INDORES07DEL01,24.0,4.5,22.722634,75.886959,22.732634,75.896959,05-03-2022,09:10,09:20,Stormy,Low,1,Drinks,scooter,0.0,No,Urban,18,IND,North India,9
0x8245,RANCHIRES06DEL01,32.0,4.6,23.357804,85.325146,23.397804,85.365146,24-03-2022,13:40,13:45,Fog,High,1,Drinks,scooter,1.0,No,Urban,32,RAN,North India,13
0xd500,KNPRES07DEL01,26.0,4.8,26.472001,80.354002,26.542001,80.424002,16-02-2022,18:10,18:25,Sunny,Medium,1,Drinks,motorcycle,0.0,,Urban,10,KNP,North India,18
0xd422,KOLRES06DEL03,24.0,4.2,22.533662,88.366217,22.563662,88.396217,17-02-2022,22:35,22:40,Stormy,Low,0,Drinks,motorcycle,1.0,No,Urban,25,KOL,North India,22
0x239e,INDORES16DEL02,27.0,4.8,22.744648,75.894377,22.794648,75.944377,11-03-2022,18:25,18:40,Stormy,Medium,1,Snack,scooter,1.0,No,Urban,22,IND,North India,18
0xd1e6,AGRRES13DEL02,29.0,4.5,27.159795,78.04299,27.289795,78.17299,12-02-2022,22:20,22:25,Sandstorms,Low,0,Drinks,motorcycle,1.0,No,Urban,16,AGR,North India,22
0x6e2e,INDORES18DEL01,36.0,4.7,22.753839,75.897429,22.763838,75.907429,26-03-2022,10:15,10:30,Sandstorms,Low,2,Snack,scooter,1.0,No,Urban,23,IND,North India,10
0x3d82,JAPRES05DEL02,21.0,4.9,26.905287,75.794592,26.925287,75.814592,01-04-2022,09:15,09:20,Sunny,Low,1,Meal,scooter,1.0,No,Urban,18,JAP,North India,9
0x9a7a,JAPRES17DEL03,31.0,5.0,26.892312,75.806896,26.952313,75.866896,30-03-2022,17:10,17:20,Sandstorms,Medium,1,Snack,motorcycle,0.0,No,Urban,25,JAP,North India,17
0xc829,KOLRES14DEL03,35.0,4.6,22.552996,88.35231,22.612996,88.41231,15-02-2022,20:10,20:25,Cloudy,Jam,1,Meal,scooter,1.0,No,Urban,26,KOL,North India,20
0x77c,JAPRES12DEL03,20.0,4.7,26.902908,75.792934,26.992908,75.882934,25-03-2022,23:40,23:45,Windy,Low,1,Snack,scooter,1.0,No,Urban,15,JAP,North India,23
0x45f7,RANCHIRES20DEL01,31.0,4.9,23.39925,85.390464,23.43925,85.430464,13-03-2022,15:10,15:20,Fog,Medium,0,Buffet,motorcycle,1.0,No,Urban,31,RAN,North India,15
0x1e7e,INDORES11DEL02,37.0,4.5,22.751234,75.88949,22.801234,75.93949,24-03-2022,17:40,17:55,Cloudy,Medium,2,Buffet,motorcycle,1.0,No,Urban,17,IND,North India,17
0x898e,RANCHIRES19DEL02,34.0,5.0,23.333017,85.3172,23.463017,85.4472,12-03-2022,18:35,18:45,Windy,Medium,1,Snack,motorcycle,1.0,No,Urban,23,RAN,North India,18
0xbe47,JAPRES05DEL02,33.0,4.9,26.905287,75.794592,26.985287,75.874592,31-03-2022,21:35,21:50,Fog,Jam,1,Meal,motorcycle,2.0,No,Urban,49,JAP,North India,21
0x7a6e,INDORES18DEL01,22.0,4.9,22.753839,75.897429,22.863838,76.007429,23-03-2022,17:50,18:05,Fog,Medium,0,Buffet,motorcycle,1.0,No,Urban,37,IND,North India,17
0x9e7e,JAPRES010DEL03,24.0,4.7,26.921411,75.793604,26.951411,75.823604,13-03-2022,17:45,17:50,Windy,Medium,0,Meal,motorcycle,1.0,No,Urban,17,JAP,North India,17
0xcb20,DEHRES03DEL02,25.0,4.9,30.335259,78.053162,30.465259,78.183162,12-02-2022,21:25,21:35,Sunny,Jam,2,Buffet,scooter,1.0,No,Urban,10,DEH,North India,21
0xad04,JAPRES03DEL03,24.0,4.6,26.913483,75.803139,26.943483,75.833139,01-04-2022,19:15,19:20,Fog,Jam,0,Meal,motorcycle,1.0,No,Urban,29,JAP,North India,19
0x4ca1,RANCHIRES16DEL03,27.0,4.6,23.371292,85.327872,23.401292,85.357872,28-03-2022,18:45,18:55,Cloudy,Medium,2,Buffet,scooter,1.0,No,Urban,14,RAN,North India,18
0x47fe,JAPRES06DEL02,34.0,4.8,26.911927,75.797282,26.991927,75.877282,29-03-2022,22:50,22:55,Sandstorms,Low,1,Meal,motorcycle,0.0,No,Urban,23,JAP,North India,22
0xae31,JAPRES08DEL02,37.0,4.7,26.910262,75.783013,26.960262,75.833013,03-03-2022,19:35,19:50,Stormy,Jam,0,Meal,motorcycle,1.0,No,Urban,39,JAP,North India,19
0x7f38,JAPRES09DEL03,39.0,4.7,26.911378,75.789034,27.001378,75.879034,12-03-2022,18:15,18:30,Cloudy,Medium,0,Snack,motorcycle,1.0,No,Urban,44,JAP,North India,18
0xc93a,AGRRES15DEL03,29.0,4.1,0.0,0.0,0.06,0.06,11-02-2022,23:15,23:25,Sandstorms,Low,0,Meal,motorcycle,1.0,No,Urban,15,AGR,North India,23
0xdbfd,KOLRES14DEL01,31.0,5.0,22.552996,88.35231,22.662996,88.46231,12-02-2022,22:15,22:25,Sandstorms,Low,0,Meal,motorcycle,1.0,No,Urban,29,KOL,North India,22
0x96e9,RANCHIRES17DEL03,31.0,4.0,23.374878,85.335739,23.434878,85.395739,17-03-2022,21:35,21:50,Cloudy,Jam,0,Meal,motorcycle,1.0,No,Urban,34,RAN,North India,21
0xc4c0,KOLRES03DEL03,37.0,4.8,22.526461,88.364453,22.586461,88.424453,11-02-2022,18:10,18:25,Sandstorms,Medium,1,Meal,motorcycle,1.0,No,Urban,26,KOL,North India,18
0xc025,LUDHRES15DEL02,37.0,4.6337736972250205,-30.899584,75.809346,30.949584,75.859346,11-02-2022,17:35,17:45,Fog,Medium,2,Meal,scooter,1.0,No,Urban,16,LUD,North India,17
0xd4d5,DEHRES19DEL01,28.0,4.5,30.372202,78.077151,30.482202,78.187151,18-02-2022,21:15,21:20,Sandstorms,Jam,2,Drinks,motorcycle,1.0,No,Urban,16,DEH,North India,21
0x87e9,JAPRES19DEL03,29.0,4.0,26.913726,75.75282,27.003726,75.842821,14-03-2022,20:35,20:40,Cloudy,Jam,2,Meal,scooter,1.0,No,Urban,37,JAP,North India,20
0x8a12,JAPRES05DEL01,28.0,2.5,26.905287,75.794592,27.015287,75.904592,14-03-2022,22:25,22:40,Sunny,Low,2,Snack,scooter,1.0,Yes,Urban,43,JAP,North India,22
0xc4d4,LUDHRES02DEL03,20.0,5.0,0.0,0.0,0.03,0.03,15-02-2022,21:35,21:40,Fog,Jam,1,Drinks,scooter,1.0,No,Urban,24,LUD,North India,21
0xce4f,LUDHRES12DEL03,34.0,4.3,30.893244,75.821817,30.923244,75.851817,13-02-2022,17:45,0.75,Sandstorms,Medium,2,Buffet,motorcycle,1.0,No,Urban,34,LUD,North India,17
0x2bf3,RANCHIRES02DEL02,24.0,4.5,0.0,0.0,0.08,0.08,02-04-2022,23:50,1,Sandstorms,Low,1,Drinks,scooter,0.0,No,Urban,17,RAN,North India,23
0x7767,JAPRES20DEL01,23.0,4.6,26.956431,75.776649,27.066431,75.886649,27-03-2022,17:55,0.75,Cloudy,Medium,0,Meal,motorcycle,1.0,No,Urban,39,JAP,North India,17
0xc24,JAPRES18DEL01,30.0,4.7,26.913987,75.752891,26.953987,75.792891,09-03-2022,16:55,17:05,Sunny,Medium,1,Snack,scooter,0.0,No,Urban,18,JAP,North India,16
0x34bd,RANCHIRES13DEL01,25.0,4.9,23.374989,85.335486,23.444989,85.405486,29-03-2022,17:50,17:55,Sunny,Medium,0,Meal,motorcycle,0.0,No,Urban,15,RAN,North India,17
0xcc66,DEHRES13DEL03,31.0,4.9,30.366322,78.070453,30.426322,78.130453,11-02-2022,22:15,22:30,Windy,Low,2,Buffet,motorcycle,1.0,No,Urban,26,DEH,North India,22
0x7dd7,JAPRES08DEL02,20.0,4.5,26.910262,75.783013,27.040262,75.913013,06-04-2022,20:55,0.875,Windy,Jam,2,Buffet,electric_scooter,1.0,No,Urban,21,JAP,North India,20
0x9599,JAPRES02DEL01,28.0,4.7,26.914142,75.805704,27.024142,75.915704,27-03-2022,23:20,23:35,Stormy,Low,2,Drinks,motorcycle,0.0,No,Urban,11,JAP,North India,23
0xc6f7,BHPRES19DEL01,25.0,4.8,0.0,0.0,0.01,0.01,11-02-2022,08:30,08:40,Windy,Low,2,Snack,motorcycle,0.0,No,Urban,17,BHP,North India,8
0xda20,BHPRES04DEL02,25.0,4.7,23.184992,77.417227,23.204992,77.437227,13-02-2022,11:45,11:55,Sandstorms,High,2,Meal,motorcycle,0.0,No,Urban,12,BHP,North India,11
0x352c,INDORES15DEL03,23.0,4.8,22.760072,75.892574,22.850072,75.982574,06-03-2022,20:20,20:25,Stormy,Jam,1,Meal,motorcycle,1.0,No,Urban,29,IND,North India,20
0xe022,DEHRES03DEL01,22.0,4.7,30.335259,78.053162,30.345259,78.063162,17-02-2022,10:20,10:25,Windy,Low,1,Meal,motorcycle,,No,Urban,10,DEH,North India,10
0x5b5f,INDORES15DEL03,33.0,4.5,22.760072,75.892574,22.790072,75.922574,17-03-2022,18:50,18:55,Stormy,Medium,1,Buffet,scooter,1.0,No,Urban,27,IND,North India,18
0x6549,JAPRES08DEL01,32.0,4.3,26.910262,75.783013,27.020262,75.893013,04-03-2022,21:35,21:50,Sunny,Jam,0,Drinks,motorcycle,0.0,No,Urban,31,JAP,North India,21
0x5c8e,INDORES17DEL01,27.0,4.9,22.761226,75.887522,22.871226,75.997522,20-03-2022,19:35,19:50,Stormy,Jam,2,Buffet,scooter,1.0,No,Urban,17,IND,North India,19
0xdd9b,KNPRES010DEL03,32.0,5.0,26.47775,80.351569,26.53775,80.411569,11-02-2022,21:40,21:45,Sunny,Jam,1,Drinks,motorcycle,1.0,No,Urban,19,KNP,North India,21
0x214b,INDORES12DEL02,32.0,4.6,22.74806,75.8934,22.87806,76.0234,02-04-2022,20:10,20:15,Cloudy,Jam,2,Drinks,scooter,2.0,No,Urban,48,IND,North India,20
0xdd2a,KNPRES13DEL03,25.0,4.8,26.481547,80.299775,26.571547,80.389775,12-02-2022,19:50,19:55,Windy,Jam,0,Meal,motorcycle,1.0,No,Urban,25,KNP,North India,19
0x9ff,INDORES12DEL03,20.0,4.7,22.74806,75.8934,22.80806,75.9534,26-03-2022,20:20,20:35,Sandstorms,Jam,2,Buffet,scooter,0.0,No,Urban,16,IND,North India,20
0x9930,JAPRES17DEL03,26.0,4.5,26.892312,75.806896,27.032312,75.946896,10-03-2022,18:30,18:40,Sandstorms,Medium,2,Snack,motorcycle,1.0,No,Urban,21,JAP,North India,18
0xa815,INDORES14DEL02,26.0,5.0,22.761593,75.886362,22.811593,75.936362,30-03-2022,18:10,18:15,Windy,Medium,2,Buffet,scooter,0.0,No,Urban,24,IND,North India,18
0xa7f4,JAPRES15DEL03,30.0,4.6,26.891191,75.802083,26.921191,75.832083,05-03-2022,20:35,20:50,Windy,Jam,0,Drinks,motorcycle,1.0,No,Urban,30,JAP,North India,20
0x9a24,INDORES20DEL02,26.0,5.0,22.732225,75.874765,22.812225,75.954765,02-03-2022,19:25,19:30,Cloudy,Jam,0,Drinks,motorcycle,1.0,No,Urban,41,IND,North India,19
0x20ba,RANCHIRES06DEL02,27.0,4.4,23.357804,85.325146,23.437804,85.405146,18-03-2022,19:15,19:25,Fog,Jam,2,Drinks,scooter,1.0,No,Urban,34,RAN,North India,19
0xad12,JAPRES03DEL01,36.0,4.9,26.913483,75.803139,27.023483,75.913139,16-03-2022,21:45,21:50,Cloudy,Jam,0,Buffet,motorcycle,1.0,No,Urban,53,JAP,North India,21
0x40a1,JAPRES13DEL01,24.0,4.5,26.846156,75.8023,26.916156,75.8723,04-03-2022,23:50,1,Sunny,Low,0,Drinks,motorcycle,0.0,No,Urban,26,JAP,North India,23
0x1aad,JAPRES12DEL01,22.0,4.7,26.902908,75.792934,26.912908,75.802934,07-03-2022,10:20,10:30,Sandstorms,Low,1,Meal,motorcycle,0.0,No,Urban,12,JAP,North India,10
0xda40,AGRRES13DEL01,24.0,4.7,27.159795,78.04299,27.169795,78.05299,15-02-2022,10:35,10:45,Windy,Low,1,Snack,scooter,,No,Urban,12,AGR,North India,10
0xd60b,AGRRES05DEL03,32.0,4.2,27.201725,78.007553,27.341725,78.147553,18-02-2022,21:15,21:20,Sunny,Jam,2,Meal,motorcycle,1.0,No,Urban,32,AGR,North India,21
0x5f4c,INDORES010DEL01,24.0,4.8,22.75004,75.902847,22.86004,76.012847,25-03-2022,22:30,22:35,Stormy,Low,2,Snack,scooter,0.0,No,Urban,11,IND,North India,22
0xc09d,ALHRES02DEL02,20.0,4.7,-25.453436,81.833167,25.473436,81.853167,17-02-2022,11:55,12:05,Sandstorms,High,0,Meal,motorcycle,1.0,No,Urban,34,ALH,North India,11
0xd582,KOLRES06DEL01,23.0,4.9,22.533662,88.366217,22.643662,88.476217,18-02-2022,17:30,17:35,Stormy,Medium,2,Snack,motorcycle,1.0,No,Urban,15,KOL,North India,17
0x42fe,RANCHIRES12DEL01,26.0,4.5,0.0,0.0,0.01,0.01,01-03-2022,10:20,10:30,Windy,Low,0,Drinks,motorcycle,1.0,No,Urban,27,RAN,North India,10
0x91b6,INDORES19DEL03,36.0,4.4,22.745536,75.893106,22.835536,75.983106,27-03-2022,19:45,0.833333333,Sandstorms,Jam,1,Snack,motorcycle,1.0,No,Urban,33,IND,North India,19
0xb8e9,JAPRES17DEL01,24.0,4.7,26.892312,75.806896,26.962312,75.876896,04-03-2022,20:35,20:45,Stormy,Jam,1,Snack,scooter,1.0,No,Urban,24,JAP,North India,20
0x94b3,RANCHIRES09DEL02,35.0,4.9,23.351058,85.325731,23.371058,85.345731,30-03-2022,09:15,09:30,Stormy,Low,2,Buffet,scooter,0.0,No,Urban,23,RAN,North India,9
0x2e3f,INDORES20DEL01,38.0,5.0,22.732225,75.874765,22.772225,75.914765,11-03-2022,12:50,13:05,Cloudy,High,0,Buffet,motorcycle,1.0,No,Urban,25,IND,North India,12
0xd5b4,DEHRES09DEL03,35.0,5.0,30.332735,78.054222,30.422735,78.144222,18-02-2022,22:25,22:40,Sandstorms,Low,2,Meal,scooter,0.0,No,Urban,24,DEH,North India,22
0xbb91,INDORES16DEL01,20.0,4.0,22.744648,75.894377,22.754648,75.904377,01-03-2022,09:10,09:15,Sandstorms,Low,0,Drinks,motorcycle,1.0,No,Urban,19,IND,North India,9
0x742f,RANCHIRES19DEL02,22.0,4.8,23.333017,85.3172,23.413017,85.3972,27-03-2022,17:25,17:40,Sunny,Medium,1,Drinks,motorcycle,0.0,No,Urban,14,RAN,North India,17
0xcfeb,ALHRES04DEL02,33.0,4.9,0.0,0.0,0.05,0.05,17-02-2022,17:15,17:20,Cloudy,Medium,2,Meal,scooter,1.0,No,Urban,18,ALH,North India,17
0x7a57,INDORES06DEL01,34.0,4.6,22.728163,75.884212,22.838163,75.994212,23-03-2022,17:40,17:50,Windy,Medium,0,Buffet,motorcycle,1.0,No,Urban,30,IND,North India,17
0xe171,AGRRES03DEL02,28.0,4.7,27.160832,78.011608,27.180832,78.031608,17-02-2022,11:35,11:40,Fog,High,2,Meal,motorcycle,0.0,No,Urban,20,AGR,North India,11
0x7500,JAPRES12DEL02,36.0,4.5,26.902908,75.792934,27.032908,75.922934,06-04-2022,21:45,21:50,Stormy,Jam,1,Meal,scooter,2.0,No,Urban,34,JAP,North India,21
0x64f3,RANCHIRES06DEL01,36.0,4.5,23.357804,85.325146,23.427804,85.395146,06-03-2022,20:35,20:40,Fog,Jam,0,Meal,motorcycle,1.0,No,Urban,45,RAN,North India,20
0x2cab,JAPRES01DEL03,27.0,4.5,26.90519,75.810753,26.99519,75.900753,06-04-2022,18:25,18:30,Sandstorms,Medium,1,Buffet,motorcycle,1.0,No,Urban,24,JAP,North India,18
0x201b,RANCHIRES01DEL03,20.0,4.8,23.416792,85.316842,23.506792,85.406842,29-03-2022,22:20,22:35,Stormy,Low,0,Drinks,motorcycle,1.0,No,Urban,18,RAN,North India,22
0x501e,JAPRES20DEL02,35.0,4.5,26.956431,75.776649,27.006431,75.826649,26-03-2022,21:20,21:25,Windy,Jam,1,Meal,motorcycle,1.0,No,Urban,29,JAP,North India,21
0x5b49,JAPRES13DEL03,37.0,4.8,26.846156,75.8023,26.906156,75.8623,30-03-2022,19:55,20:10,Sandstorms,Jam,1,Meal,scooter,1.0,No,Urban,31,JAP,North India,19
0x339d,RANCHIRES010DEL02,32.0,4.8,23.354422,85.3329,23.434422,85.4129,02-04-2022,20:20,20:35,Sunny,Jam,0,Buffet,motorcycle,1.0,No,Urban,26,RAN,North India,20
0x3133,INDORES19DEL01,26.0,4.8,22.745536,75.893106,22.785536,75.933106,03-04-2022,13:30,13:35,Stormy,High,1,Drinks,scooter,0.0,No,Urban,24,IND,North India,13
0x908,RANCHIRES09DEL01,24.0,4.6,23.351058,85.325731,23.461058,85.435731,29-03-2022,20:20,20:30,Windy,Jam,0,Meal,motorcycle,1.0,No,Urban,34,RAN,North India,20
0xd832,ALHRES010DEL01,37.0,4.6,0.0,0.0,0.04,0.04,15-02-2022,12:55,0.541666667,Stormy,High,1,Meal,scooter,1.0,No,Urban,29,ALH,North India,12
0xba16,INDORES09DEL01,28.0,4.9,22.725835,75.887648,22.765835,75.927648,03-03-2022,13:30,13:40,Windy,High,2,Snack,motorcycle,0.0,No,Urban,13,IND,North India,13
0x67bd,JAPRES17DEL03,23.0,4.8,26.892312,75.806896,26.922313,75.836896,26-03-2022,23:30,23:35,Cloudy,Low,1,Buffet,scooter,1.0,No,Urban,10,JAP,North India,23
0xb858,RANCHIRES20DEL02,24.0,4.9,23.39925,85.390464,23.47925,85.470464,18-03-2022,18:10,18:25,Stormy,Medium,0,Drinks,motorcycle,0.0,No,Urban,23,RAN,North India,18
0xd426,ALHRES01DEL02,26.0,4.8,25.454648,81.834502,25.474648,81.854502,11-02-2022,11:40,11:55,Windy,High,1,Meal,scooter,1.0,No,Urban,18,ALH,North India,11
0xcc5c,AGRRES05DEL01,27.0,4.2,27.201725,78.007553,27.311725,78.117553,18-02-2022,20:10,20:20,Fog,Jam,2,Snack,motorcycle,0.0,No,Urban,32,AGR,North India,20
0x28b9,JAPRES08DEL03,34.0,4.5,26.910262,75.783013,27.000262,75.873013,14-03-2022,23:35,23:45,Sandstorms,Low,1,Snack,motorcycle,0.0,No,Urban,18,JAP,North India,23
0x7067,INDORES19DEL02,29.0,4.6,22.745536,75.893106,22.825536,75.973106,06-04-2022,23:30,23:45,Sandstorms,Low,2,Meal,scooter,0.0,No,Urban,13,IND,North India,23
0xdb7,JAPRES18DEL03,24.0,4.7,26.913987,75.752891,26.973987,75.812891,19-03-2022,21:40,21:45,Sandstorms,Jam,0,Buffet,motorcycle,1.0,No,Urban,22,JAP,North India,21
0x1573,JAPRES03DEL03,26.0,5.0,26.913483,75.803139,27.053483,75.943139,16-03-2022,17:30,17:40,Windy,Medium,1,Buffet,motorcycle,1.0,No,Urban,26,JAP,North India,17
0xd286,KNPRES02DEL03,27.0,4.7,26.471617,80.313564,26.501617,80.343564,11-02-2022,18:10,18:20,Windy,Medium,1,Buffet,motorcycle,1.0,No,Urban,26,KNP,North India,18
0xc5d7,LUDHRES17DEL02,29.0,4.4,30.893384,75.821202,30.943384,75.871202,11-02-2022,19:30,19:40,Sunny,Jam,0,Meal,motorcycle,3.0,No,Urban,48,LUD,North India,19
0x9119,RANCHIRES17DEL02,21.0,4.0,23.374878,85.335739,23.504878,85.465739,16-03-2022,17:10,17:25,Fog,Medium,1,Snack,motorcycle,1.0,No,Urban,36,RAN,North India,17
0x9f06,RANCHIRES08DEL03,29.0,4.7,23.353783,85.326967,23.413783,85.386967,01-04-2022,22:40,22:45,Sandstorms,Low,1,Meal,scooter,0.0,No,Urban,19,RAN,North India,22
0x97c7,RANCHIRES03DEL02,25.0,4.5,0.0,0.0,0.02,0.02,30-03-2022,09:40,09:55,Stormy,Low,2,Buffet,electric_scooter,1.0,No,Urban,19,RAN,North India,9
0x413e,JAPRES17DEL01,22.0,4.6,26.892312,75.806896,27.002312,75.916896,18-03-2022,19:10,19:20,Stormy,Jam,2,Drinks,electric_scooter,1.0,No,Urban,15,JAP,North India,19
0x884c,RANCHIRES20DEL02,30.0,4.3,23.39925,85.390464,23.47925,85.470464,14-03-2022,18:20,18:25,Windy,Medium,2,Meal,electric_scooter,0.0,No,Urban,32,RAN,North India,18
0xc5b1,BHPRES07DEL02,32.0,4.6,0.0,0.0,0.08,0.08,16-02-2022,21:45,21:55,Sandstorms,Jam,0,Buffet,motorcycle,1.0,No,Urban,52,BHP,North India,21
0xb250,RANCHIRES17DEL02,20.0,4.8,23.374878,85.335739,23.424878,85.385739,01-04-2022,20:15,20:20,Sunny,Jam,2,Meal,motorcycle,0.0,,Urban,10,RAN,North India,20
0x363c,INDORES20DEL01,20.0,4.9,22.732225,75.874765,22.742225,75.884765,07-03-2022,11:50,11:55,Sunny,High,2,Drinks,scooter,1.0,No,Urban,11,IND,North India,11
0xe207,DEHRES01DEL03,38.0,4.2,0.0,0.0,0.03,0.03,11-02-2022,22:20,22:25,Sandstorms,Low,0,Buffet,motorcycle,1.0,No,Urban,22,DEH,North India,22
0x66ce,RANCHIRES11DEL01,24.0,4.7,23.359194,85.325447,23.399194,85.365447,30-03-2022,13:55,0.583333333,Windy,High,1,Meal,scooter,1.0,No,Urban,20,RAN,North India,13
0x3f40,RANCHIRES04DEL02,25.0,3.9,23.359033,85.325347,23.379033,85.345347,13-03-2022,11:50,0.5,Sunny,High,0,Meal,motorcycle,0.0,No,Urban,43,RAN,North India,11
0x688a,RANCHIRES04DEL01,33.0,4.9,23.359033,85.325347,23.399033,85.365347,26-03-2022,13:35,13:40,Fog,High,0,Drinks,motorcycle,0.0,No,Urban,27,RAN,North India,13
0x31d8,RANCHIRES05DEL03,38.0,4.5,23.355164,85.324097,23.385164,85.354097,24-03-2022,1,24:05:00,Stormy,Low,0,Snack,motorcycle,0.0,No,Urban,22,RAN,North India,1
0xc7bf,ALHRES15DEL01,32.0,4.6,25.449872,81.836167,25.559872,81.946167,14-02-2022,20:40,20:55,Sunny,Jam,1,Buffet,scooter,1.0,No,Urban,19,ALH,North India,20
0xd487,AGRRES07DEL02,23.0,4.9,27.160934,78.044095,27.210934,78.094095,17-02-2022,18:15,18:30,Fog,Medium,2,Snack,motorcycle,1.0,No,Urban,12,AGR,North India,18
0xe169,ALHRES19DEL03,25.0,4.6,25.457116,81.859682,25.487116,81.889682,15-02-2022,19:45,19:50,Cloudy,Jam,2,Meal,scooter,0.0,No,Urban,30,ALH,North India,19
0xe086,ALHRES07DEL01,28.0,4.6,25.449659,81.839744,25.489659,81.879744,13-02-2022,16:50,17:05,Cloudy,Medium,1,Meal,motorcycle,1.0,No,Urban,18,ALH,North India,16
0x32f1,RANCHIRES03DEL02,33.0,4.6,0.0,0.0,0.02,0.02,01-03-2022,09:35,09:40,Fog,Low,1,Drinks,scooter,1.0,No,Urban,19,RAN,North India,9
0x2c82,INDORES07DEL02,33.0,4.8,22.722634,75.886959,22.742634,75.906959,05-03-2022,08:40,08:45,Sunny,Low,2,Meal,scooter,1.0,No,Urban,15,IND,North India,8
0x8f92,JAPRES05DEL01,25.0,5.0,26.905287,75.794592,26.945287,75.834592,13-03-2022,15:15,15:25,Cloudy,Medium,1,Drinks,scooter,0.0,No,Urban,17,JAP,North India,15
0x16d6,INDORES07DEL03,34.0,4.8,22.722634,75.886959,22.752634,75.916959,05-03-2022,20:35,20:40,Sunny,Jam,1,Meal,scooter,0.0,No,Urban,16,IND,North India,20
0xd16d,KNPRES15DEL01,21.0,4.6,26.482419,80.320939,26.592419,80.430939,18-02-2022,19:35,19:50,Windy,Jam,0,Buffet,motorcycle,1.0,No,Urban,26,KNP,North India,19
0xf8b,INDORES15DEL03,39.0,4.9,22.760072,75.892574,22.850072,75.982574,12-03-2022,19:45,19:50,Sunny,Jam,2,Drinks,electric_scooter,1.0,No,Urban,28,IND,North India,19
0x23d0,JAPRES06DEL03,27.0,4.8,26.911927,75.797282,26.971927,75.857282,21-03-2022,23:50,23:55,Sunny,Low,0,Snack,motorcycle,1.0,No,Urban,10,JAP,North India,23
0x13ba,INDORES17DEL01,22.0,4.8,22.761226,75.887522,22.871226,75.997522,14-03-2022,18:35,18:45,Fog,Medium,2,Snack,electric_scooter,1.0,No,Urban,29,IND,North India,18
0xa234,INDORES05DEL01,32.0,4.4,22.727021,75.884167,22.797021,75.954167,31-03-2022,21:55,22:05,Windy,Jam,0,Meal,motorcycle,2.0,No,Urban,41,IND,North India,21
0xacab,JAPRES010DEL02,37.0,4.6,26.921411,75.793604,27.051411,75.923604,10-03-2022,22:35,22:50,Windy,Low,0,Snack,motorcycle,1.0,No,Urban,22,JAP,North India,22
0x8da0,RANCHIRES010DEL01,39.0,4.7,23.354422,85.3329,23.394422,85.3729,28-03-2022,16:20,16:30,Windy,Medium,1,Drinks,motorcycle,1.0,No,Urban,26,RAN,North India,16
0x95a6,JAPRES010DEL02,32.0,4.8,26.921411,75.793604,27.001411,75.873604,27-03-2022,21:20,21:35,Cloudy,Jam,1,Drinks,scooter,2.0,No,Urban,37,JAP,North India,21
0xc39c,ALHRES01DEL01,25.0,4.8,25.454648,81.834502,25.524648,81.904502,12-02-2022,22:30,22:45,Stormy,Low,1,Meal,motorcycle,0.0,No,Urban,10,ALH,North India,22
0x24f2,JAPRES12DEL03,35.0,3.6,26.902908,75.792934,26.992908,75.882934,18-03-2022,21:20,21:25,Sandstorms,Jam,1,Drinks,scooter,1.0,No,Urban,31,JAP,North India,21
0x7215,RANCHIRES08DEL02,28.0,4.4,23.353783,85.326967,23.403783,85.376967,05-04-2022,19:15,19:25,Sunny,Jam,0,Meal,motorcycle,2.0,No,Urban,48,RAN,North India,19
0x9ffc,JAPRES05DEL03,35.0,4.7,26.905287,75.794592,26.935287,75.824592,03-04-2022,18:45,18:50,Windy,Medium,1,Meal,scooter,1.0,No,Urban,31,JAP,North India,18
0x87ae,RANCHIRES06DEL01,24.0,5.0,23.357804,85.325146,23.427804,85.395146,25-03-2022,17:15,17:20,Cloudy,Medium,2,Meal,scooter,1.0,No,Urban,32,RAN,North India,17
0xa19d,INDORES01DEL01,26.0,4.6,22.695207,75.866059,22.805207,75.976059,06-03-2022,17:40,17:50,Cloudy,Medium,0,Drinks,motorcycle,1.0,No,Urban,43,IND,North India,17
0x87b7,INDORES17DEL03,37.0,4.8,22.761226,75.887522,22.821226,75.947522,01-04-2022,23:20,23:25,Cloudy,Low,2,Buffet,motorcycle,0.0,No,Urban,15,IND,North India,23
0x862d,INDORES14DEL02,23.0,4.9,22.761593,75.886362,22.891593,76.016362,27-03-2022,23:10,23:20,Sunny,Low,0,Drinks,motorcycle,1.0,No,Urban,29,IND,North India,23
0xdd23,ALHRES15DEL01,25.0,4.9,25.449872,81.836167,25.459872,81.846167,13-02-2022,09:55,0.416666667,Sandstorms,Low,2,Snack,motorcycle,1.0,No,Urban,17,ALH,North India,9
0x23df,JAPRES08DEL03,20.0,4.6,26.910262,75.783013,26.970262,75.843013,15-03-2022,22:25,22:30,Sandstorms,Low,1,Meal,motorcycle,0.0,No,Urban,18,JAP,North India,22
0xe010,KNPRES12DEL03,24.0,4.6,26.492106,80.327797,26.522106,80.357797,13-02-2022,18:20,18:35,Windy,Medium,0,Meal,motorcycle,1.0,No,Urban,24,KNP,North India,18
0x2579,JAPRES03DEL03,29.0,4.6,26.913483,75.803139,26.943483,75.833139,11-03-2022,19:10,19:15,Sandstorms,Jam,0,Snack,motorcycle,1.0,No,Urban,26,JAP,North India,19
0x5c36,RANCHIRES13DEL02,33.0,4.2,23.374989,85.335486,23.504989,85.465486,27-03-2022,17:55,0.75,Cloudy,Medium,1,Meal,scooter,1.0,No,Urban,32,RAN,North India,17
0x9878,RANCHIRES20DEL03,26.0,4.8,23.39925,85.390464,23.48925,85.480464,04-04-2022,22:20,22:25,Windy,Low,2,Snack,motorcycle,1.0,No,Urban,16,RAN,North India,22
0x51c4,INDORES13DEL03,21.0,4.6,22.745049,75.892471,22.835049,75.982471,08-03-2022,23:20,23:35,Stormy,Low,0,Buffet,motorcycle,,No,Urban,20,IND,North India,23
0xc1fe,KNPRES19DEL01,28.0,4.9,26.49095,80.318656,26.56095,80.388656,12-02-2022,23:40,23:50,Windy,Low,2,Drinks,motorcycle,1.0,No,Urban,15,KNP,North India,23
0x866a,INDORES11DEL02,27.0,4.6,22.751234,75.88949,22.831234,75.96949,06-03-2022,22:20,22:30,Sandstorms,Low,1,Drinks,scooter,0.0,No,Urban,19,IND,North India,22
0x40f5,RANCHIRES07DEL03,24.0,5.0,23.359407,85.325055,23.389407,85.355055,11-03-2022,23:20,23:25,Stormy,Low,2,Meal,scooter,0.0,No,Urban,15,RAN,North India,23
0x4ab0,RANCHIRES05DEL03,31.0,4.1,23.355164,85.324097,23.445164,85.414097,14-03-2022,20:10,20:20,Stormy,Jam,2,Drinks,scooter,0.0,No,Urban,40,RAN,North India,20
0xaccf,INDORES07DEL01,27.0,4.6,22.722634,75.886959,22.732634,75.896959,01-04-2022,08:55,09:05,Sunny,Low,0,Snack,motorcycle,0.0,No,Urban,18,IND,North India,8
0xcd21,KOLRES06DEL03,26.0,4.7,22.533662,88.366217,22.623662,88.456217,12-02-2022,22:55,23:10,Stormy,Low,1,Drinks,scooter,0.0,No,Urban,11,KOL,North India,22
0x37f2,RANCHIRES06DEL02,27.0,4.2,23.357804,85.325146,23.437804,85.405146,08-03-2022,21:15,21:30,Sandstorms,Jam,0,Buffet,motorcycle,1.0,No,Urban,31,RAN,North India,21
0xad9,RANCHIRES18DEL02,32.0,4.7,23.351489,85.324253,23.371489,85.344253,11-03-2022,11:45,0.5,Cloudy,High,1,Meal,scooter,0.0,No,Urban,33,RAN,North India,11
0x3da3,INDORES09DEL01,30.0,4.6,22.725835,75.887648,22.735835,75.897648,05-03-2022,09:35,09:40,Sandstorms,Low,2,Buffet,motorcycle,1.0,No,Urban,23,IND,North India,9
0x731d,RANCHIRES03DEL01,25.0,4.7,0.0,0.0,0.07,0.07,08-03-2022,23:15,23:25,Windy,Low,0,Snack,motorcycle,1.0,No,Urban,18,RAN,North India,23
0xcde5,KOLRES15DEL02,26.0,4.6,22.552672,88.352885,22.602672,88.402885,15-02-2022,18:55,19:05,Fog,Medium,1,Drinks,motorcycle,0.0,No,Urban,15,KOL,North India,18
0x6b4d,RANCHIRES03DEL01,21.0,4.8,0.0,0.0,0.01,0.01,03-03-2022,09:50,10:05,Sunny,Low,0,Drinks,motorcycle,1.0,No,Urban,11,RAN,North India,9
0x2fea,INDORES16DEL02,24.0,4.7,22.744648,75.894377,22.794648,75.944377,05-03-2022,21:15,21:20,Sandstorms,Jam,1,Buffet,motorcycle,1.0,No,Urban,22,IND,North India,21
0x812d,JAPRES09DEL01,33.0,5.0,26.911378,75.789034,27.021378,75.899034,10-03-2022,22:55,0.958333333,Windy,Low,2,Buffet,electric_scooter,0.0,No,Urban,23,JAP,North India,22
0x9d93,INDORES12DEL01,27.0,4.8,22.74806,75.8934,22.75806,75.9034,05-04-2022,11:15,11:25,Sandstorms,High,2,Buffet,electric_scooter,1.0,No,Urban,13,IND,North India,11
0xac2a,JAPRES04DEL01,26.0,4.8,26.902328,75.794257,26.912328,75.804257,28-03-2022,09:40,09:55,Sunny,Low,2,Buffet,scooter,1.0,No,Urban,16,JAP,North India,9
0xdffc,AGRRES18DEL02,32.0,4.6,27.161694,78.034714,27.211694,78.084714,11-02-2022,20:35,20:45,Sunny,Jam,2,Drinks,motorcycle,0.0,No,Urban,15,AGR,North India,20
0xc550,LUDHRES07DEL01,23.0,4.8,0.0,0.0,0.04,0.04,13-02-2022,16:30,16:40,Fog,Medium,1,Buffet,scooter,0.0,No,Urban,17,LUD,North India,16
0xdad5,DEHRES14DEL02,36.0,4.7,30.319528,78.040267,30.339528,78.060267,15-02-2022,11:35,11:40,Windy,High,2,Drinks,motorcycle,1.0,No,Urban,34,DEH,North India,11
0xd87a,KOLRES02DEL03,38.0,4.8,22.514585,88.39331,22.574585,88.45331,17-02-2022,22:30,22:35,Fog,Low,1,Drinks,motorcycle,0.0,No,Urban,18,KOL,North India,22
0xb835,INDORES20DEL03,25.0,4.6,22.732225,75.874765,22.792225,75.934765,21-03-2022,17:10,17:20,Fog,Medium,1,Drinks,scooter,0.0,No,Urban,12,IND,North India,17
0x5375,JAPRES11DEL02,26.0,4.6,26.90294,75.793007,26.92294,75.813007,03-04-2022,08:20,08:25,Stormy,Low,1,Meal,motorcycle,1.0,No,Urban,16,JAP,North India,8
0xc945,KNPRES17DEL03,27.0,4.0,26.483042,80.317833,26.543042,80.377833,15-02-2022,22:40,22:55,Stormy,Low,0,Drinks,motorcycle,1.0,No,Urban,21,KNP,North India,22
0xc4c5,DEHRES12DEL02,23.0,4.5,0.0,0.0,0.02,0.02,15-02-2022,08:55,09:05,Sunny,Low,0,Drinks,motorcycle,1.0,No,Urban,14,DEH,North India,8
0xdd27,KOLRES03DEL02,24.0,4.3,22.526461,88.364453,22.546461,88.384453,11-02-2022,10:30,10:40,Stormy,Low,0,Drinks,motorcycle,0.0,No,Urban,16,KOL,North India,10
0x9aa6,JAPRES15DEL02,30.0,4.3,26.891191,75.802083,26.971191,75.882083,23-03-2022,23:40,23:50,Fog,Low,0,Drinks,motorcycle,0.0,No,Urban,38,JAP,North India,23
0xc396,BHPRES05DEL01,22.0,4.8,23.214459,77.434976,23.224459,77.444976,15-02-2022,08:40,08:55,Cloudy,Low,2,Meal,electric_scooter,0.0,No,Urban,11,BHP,North India,8
0x2af8,INDORES01DEL03,29.0,4.7,22.695207,75.866059,22.785207,75.956059,14-03-2022,18:25,18:40,Stormy,Medium,2,Meal,scooter,1.0,No,Urban,24,IND,North India,18
0xc76f,KNPRES20DEL02,38.0,4.9,26.47,80.35,26.6,80.48,16-02-2022,1,24:05:00,Windy,Low,0,Snack,motorcycle,1.0,No,Urban,26,KNP,North India,1
0xc50f,ALHRES04DEL03,33.0,4.9,0.0,0.0,0.03,0.03,17-02-2022,20:15,20:25,Fog,Jam,1,Snack,motorcycle,0.0,No,Urban,30,ALH,North India,20
0xde98,KOLRES09DEL01,29.0,4.7,22.515082,88.36783,22.585082,88.43783,16-02-2022,17:25,17:40,Windy,Medium,1,Buffet,motorcycle,1.0,No,Urban,25,KOL,North India,17
0xaec2,INDORES18DEL03,30.0,4.6,22.753839,75.897429,22.813838,75.957429,26-03-2022,22:15,22:25,Fog,Low,2,Buffet,scooter,1.0,No,Urban,16,IND,North India,22
0x19f9,RANCHIRES11DEL01,32.0,4.4,23.359194,85.325447,23.469194,85.435447,16-03-2022,20:50,0.875,Sandstorms,Jam,1,Drinks,motorcycle,1.0,No,Urban,34,RAN,North India,20
0xc14d,ALHRES13DEL02,20.0,4.7,25.451646,81.832796,25.581646,81.962796,14-02-2022,20:15,20:20,Sunny,Jam,1,Meal,scooter,,No,Urban,10,ALH,North India,20
0x11bf,INDORES010DEL03,25.0,4.7,22.75004,75.902847,22.81004,75.962847,07-03-2022,21:35,21:50,Sunny,Jam,1,Drinks,scooter,0.0,No,Urban,18,IND,North India,21
0xddb5,KNPRES01DEL03,27.0,4.9,26.483672,80.320708,26.573672,80.410708,16-02-2022,23:45,23:55,Sunny,Low,1,Buffet,motorcycle,1.0,No,Urban,29,KNP,North India,23
0x7f7a,INDORES12DEL01,20.0,4.6,22.74806,75.8934,22.78806,75.9334,01-04-2022,15:35,15:40,Stormy,Medium,0,Drinks,motorcycle,1.0,No,Urban,23,IND,North India,15
0xd493,BHPRES14DEL01,36.0,4.7,0.0,0.0,0.04,0.04,13-02-2022,15:40,15:50,Sunny,Medium,2,Drinks,scooter,1.0,No,Urban,21,BHP,North India,15
0x8423,JAPRES11DEL02,37.0,4.9,26.90294,75.793007,26.98294,75.873007,04-04-2022,23:45,23:50,Cloudy,Low,0,Buffet,motorcycle,2.0,No,Urban,37,JAP,North India,23
0xdac5,AGRRES09DEL02,34.0,4.7,0.0,0.0,0.05,0.05,11-02-2022,22:30,22:40,Windy,Low,2,Buffet,electric_scooter,1.0,No,Urban,26,AGR,North India,22
0xcd4c,LUDHRES18DEL03,21.0,4.7,30.890184,75.829615,30.950184,75.889615,13-02-2022,20:50,21:05,Sandstorms,Jam,2,Snack,motorcycle,1.0,No,Urban,25,LUD,North India,20
0x77d8,RANCHIRES02DEL01,36.0,4.7,0.0,0.0,0.01,0.01,01-04-2022,11:45,11:50,Fog,High,2,Meal,scooter,0.0,No,Urban,26,RAN,North India,11
0xadb,INDORES13DEL03,26.0,4.6,22.745049,75.892471,22.835049,75.982471,18-03-2022,23:30,23:35,Stormy,Low,1,Drinks,scooter,0.0,No,Urban,14,IND,North India,23
0xcc2c,LUDHRES20DEL02,26.0,5.0,30.885915,75.788259,30.935915,75.838259,13-02-2022,18:10,18:25,Cloudy,Medium,1,Buffet,motorcycle,1.0,No,Urban,16,LUD,North India,18
0xaf0d,RANCHIRES07DEL03,29.0,5.0,23.359407,85.325055,23.419407,85.385055,30-03-2022,1,24:05:00,Windy,Low,1,Drinks,motorcycle,0.0,No,Urban,11,RAN,North India,1
0xcad7,KNPRES06DEL01,20.0,4.8,0.0,0.0,0.11,0.11,14-02-2022,17:10,17:15,Windy,Medium,2,Snack,scooter,1.0,No,Urban,20,KNP,North India,17
0x854b,RANCHIRES12DEL03,29.0,4.9,0.0,0.0,0.06,0.06,24-03-2022,23:30,23:35,Fog,Low,0,Drinks,motorcycle,0.0,No,Urban,20,RAN,North India,23
0x1e45,JAPRES09DEL02,32.0,4.9,26.911378,75.789034,26.991378,75.869034,25-03-2022,20:15,20:20,Sandstorms,Jam,1,Snack,scooter,1.0,No,Urban,27,JAP,North India,20
0x50a1,JAPRES05DEL02,34.0,5.0,26.905287,75.794592,26.955287,75.844592,15-03-2022,18:30,18:45,Sandstorms,Medium,0,Snack,motorcycle,0.0,No,Urban,31,JAP,North India,18
0x1a83,INDORES03DEL02,39.0,4.7,22.751857,75.866699,22.771857,75.886699,09-03-2022,09:30,09:45,Fog,Low,1,Drinks,motorcycle,,No,Urban,17,IND,North India,9
0x345c,INDORES08DEL01,23.0,4.8,22.725748,75.898497,22.795748,75.968497,29-03-2022,21:40,21:45,Cloudy,Jam,1,Meal,motorcycle,2.0,No,Urban,36,IND,North India,21
0xad2,INDORES18DEL02,22.0,4.5,22.753839,75.897429,22.883838,76.027429,02-04-2022,18:10,18:15,Sandstorms,Medium,1,Snack,scooter,1.0,No,Urban,19,IND,North India,18
0xce18,LUDHRES07DEL01,37.0,4.9,0.0,0.0,0.01,0.01,17-02-2022,08:45,08:50,Cloudy,Low,1,Buffet,motorcycle,1.0,No,Urban,19,LUD,North India,8
0xb183,INDORES05DEL03,28.0,4.7,22.727021,75.884167,22.787021,75.944167,24-03-2022,21:55,22:05,Sandstorms,Jam,1,Drinks,scooter,1.0,No,Urban,10,IND,North India,21
0x2556,RANCHIRES18DEL01,39.0,4.4,23.351489,85.324253,23.391489,85.364253,21-03-2022,12:45,12:55,Sandstorms,High,0,Snack,motorcycle,0.0,No,Urban,49,RAN,North India,12
0xabc0,RANCHIRES09DEL03,37.0,4.7,23.351058,85.325731,23.411058,85.385731,11-03-2022,23:50,24:05:00,Fog,Low,1,Buffet,motorcycle,0.0,No,Urban,15,RAN,North India,23
0xc3a3,BHPRES13DEL02,34.0,4.4,23.230791,77.43702,23.360791,77.56702,14-02-2022,21:40,21:45,Sunny,Jam,1,Buffet,motorcycle,1.0,No,Urban,33,BHP,North India,21
0xdfdb,BHPRES02DEL01,36.0,4.8,0.0,0.0,0.01,0.01,13-02-2022,11:50,12:05,Sunny,High,0,Meal,motorcycle,0.0,No,Urban,29,BHP,North India,11
0xd583,KOLRES12DEL03,35.0,4.9,22.551084,88.354127,22.641084,88.444127,12-02-2022,20:30,20:40,Windy,Jam,0,Buffet,motorcycle,0.0,No,Urban,37,KOL,North India,20
0x3569,RANCHIRES16DEL01,35.0,4.7,23.371292,85.327872,23.381292,85.337872,15-03-2022,09:40,09:50,Cloudy,Low,1,Buffet,motorcycle,1.0,No,Urban,16,RAN,North India,9
0x6804,INDORES11DEL01,29.0,4.5,22.751234,75.88949,22.761234,75.89949,11-03-2022,09:25,09:40,Stormy,Low,0,Meal,motorcycle,,No,Urban,15,IND,North India,9
0x562a,RANCHIRES09DEL02,27.0,4.8,23.351058,85.325731,23.371058,85.345731,01-04-2022,09:25,09:35,Fog,Low,1,Buffet,motorcycle,0.0,No,Urban,14,RAN,North India,9
0xd34f,DEHRES12DEL01,22.0,4.7,0.0,0.0,0.07,0.07,14-02-2022,18:15,18:25,Stormy,Medium,0,Snack,motorcycle,1.0,No,Urban,21,DEH,North India,18
0x13cb,RANCHIRES11DEL02,24.0,4.7,23.359194,85.325447,23.409194,85.375447,01-04-2022,18:15,18:30,Cloudy,Medium,2,Drinks,scooter,0.0,No,Urban,10,RAN,North India,18
0x4851,RANCHIRES04DEL01,31.0,4.0,23.359033,85.325347,23.399033,85.365347,01-04-2022,13:15,13:20,Fog,High,0,Buffet,motorcycle,1.0,No,Urban,32,RAN,North India,13
0x7fc,JAPRES010DEL02,33.0,4.7,26.921411,75.793604,26.941411,75.813604,30-03-2022,09:25,09:30,Fog,Low,0,Drinks,motorcycle,1.0,No,Urban,22,JAP,North India,9
0xc18f,AGRRES17DEL01,21.0,4.6,27.157772,78.04725,27.227772,78.11725,14-02-2022,17:55,0.75,Fog,Medium,1,Snack,motorcycle,1.0,No,Urban,25,AGR,North India,17
0x5b66,JAPRES17DEL02,30.0,4.7,26.892312,75.806896,26.912312,75.826896,19-03-2022,09:15,09:30,Fog,Low,2,Snack,motorcycle,0.0,No,Urban,18,JAP,North India,9
0x8c18,JAPRES14DEL01,24.0,4.6,26.88842,75.800689,26.95842,75.870689,06-04-2022,20:35,20:40,Sunny,Jam,2,Drinks,motorcycle,0.0,No,Urban,23,JAP,North India,20
0x6ea8,JAPRES17DEL01,24.0,4.7,26.892312,75.806896,26.962312,75.876896,04-04-2022,23:20,23:25,Sandstorms,Low,0,Snack,motorcycle,1.0,No,Urban,21,JAP,North India,23
0x93c9,JAPRES16DEL01,26.0,4.2,26.849596,75.800512,26.959596,75.910512,25-03-2022,19:30,19:45,Fog,Jam,2,Snack,scooter,1.0,No,Urban,44,JAP,North India,19
0x7cda,INDORES15DEL02,38.0,4.3,22.760072,75.892574,22.890072,76.022574,25-03-2022,22:55,23:10,Cloudy,Low,1,Snack,motorcycle,1.0,No,Urban,37,IND,North India,22
0xdbe5,LUDHRES15DEL01,20.0,4.9,30.899584,75.809346,31.009584,75.919346,16-02-2022,18:15,18:30,Sunny,Medium,1,Drinks,scooter,0.0,No,Urban,11,LUD,North India,18
0xc346,BHPRES04DEL01,25.0,4.8,23.184992,77.417227,23.224992,77.457227,15-02-2022,13:50,0.583333333,Sunny,High,2,Meal,motorcycle,,No,Urban,13,BHP,North India,13
0x6721,RANCHIRES12DEL02,39.0,4.7,0.0,0.0,0.02,0.02,05-03-2022,09:55,0.416666667,Stormy,Low,2,Drinks,scooter,1.0,No,Urban,20,RAN,North India,9
0xc567,KOLRES06DEL02,35.0,5.0,22.533662,88.366217,22.583662,88.416217,15-02-2022,18:25,18:40,Windy,Medium,1,Buffet,motorcycle,1.0,No,Urban,33,KOL,North India,18
0xcd93,DEHRES07DEL03,30.0,4.8,30.362686,78.06889,30.422686,78.12889,13-02-2022,20:35,20:40,Sunny,Jam,0,Meal,motorcycle,1.0,No,Urban,20,DEH,North India,20
0x9a81,INDORES08DEL03,37.0,4.5,22.725748,75.898497,22.785747,75.958497,15-03-2022,17:35,17:45,Sunny,Medium,1,Meal,scooter,0.0,No,Urban,22,IND,North India,17
0xa021,INDORES20DEL03,28.0,4.8,22.732225,75.874765,22.792225,75.934765,13-03-2022,21:55,0.916666667,Stormy,Jam,0,Drinks,motorcycle,1.0,No,Urban,36,IND,North India,21
0xbdfc,JAPRES17DEL02,21.0,4.8,26.892312,75.806896,27.022313,75.936896,27-03-2022,21:10,21:15,Windy,Jam,0,Buffet,motorcycle,1.0,No,Urban,31,JAP,North India,21
0xeef,INDORES19DEL02,22.0,4.6,22.745536,75.893106,22.795536,75.943106,17-03-2022,19:45,19:50,Sandstorms,Jam,2,Meal,electric_scooter,0.0,No,Urban,17,IND,North India,19
0x98c0,JAPRES03DEL01,21.0,5.0,26.913483,75.803139,26.953483,75.843139,11-03-2022,16:55,17:05,Sunny,Medium,2,Snack,motorcycle,0.0,No,Urban,11,JAP,North India,16
0x24b7,JAPRES15DEL01,25.0,4.7,26.891191,75.802083,27.001191,75.912083,18-03-2022,22:55,23:05,Fog,Low,2,Meal,scooter,1.0,No,Urban,24,JAP,North India,22
0x716c,INDORES13DEL03,30.0,4.8,22.745049,75.892471,22.775049,75.922471,03-04-2022,23:20,23:35,Cloudy,Low,2,Drinks,scooter,0.0,No,Urban,15,IND,North India,23
0x8d5b,JAPRES12DEL01,37.0,4.1,26.902908,75.792934,27.012908,75.902934,08-03-2022,19:15,19:20,Sunny,Jam,0,Buffet,motorcycle,1.0,No,Urban,36,JAP,North India,19
0x2249,RANCHIRES02DEL03,25.0,4.9,0.0,0.0,0.03,0.03,17-03-2022,23:15,23:25,Sandstorms,Low,2,Buffet,scooter,1.0,No,Urban,15,RAN,North India,23
0x6c6c,RANCHIRES16DEL02,38.0,4.9,23.371292,85.327872,23.391292,85.347872,13-03-2022,10:40,10:55,Sunny,Low,1,Drinks,scooter,0.0,No,Urban,11,RAN,North India,10
0xc08f,DEHRES05DEL02,28.0,4.8,-30.346994,78.062543,30.426994,78.142543,16-02-2022,23:25,23:30,Cloudy,Low,2,Drinks,scooter,1.0,No,Urban,25,DEH,North India,23
0x93e7,INDORES14DEL02,25.0,4.6,22.761593,75.886362,22.811593,75.936362,15-03-2022,21:20,21:30,Fog,Jam,1,Meal,scooter,,No,Urban,26,IND,North India,21
0x8234,RANCHIRES03DEL02,29.0,4.9,0.0,0.0,0.08,0.08,27-03-2022,22:50,23:05,Stormy,Low,1,Snack,motorcycle,1.0,No,Urban,11,RAN,North India,22
0x112b,INDORES010DEL01,24.0,4.4,22.75004,75.902847,22.86004,76.012847,23-03-2022,17:15,17:20,Cloudy,Medium,1,Buffet,motorcycle,0.0,No,Urban,39,IND,North India,17
0xa51d,INDORES14DEL01,31.0,4.4,22.761593,75.886362,22.771593,75.896362,03-03-2022,09:45,0.416666667,Stormy,Low,0,Snack,motorcycle,1.0,No,Urban,28,IND,North India,9
0x6bb1,INDORES09DEL03,35.0,4.6,22.725835,75.887648,22.785835,75.947648,17-03-2022,23:55,24:05:00,Windy,Low,1,Drinks,motorcycle,1.0,No,Urban,21,IND,North India,23
0xb9ee,INDORES09DEL02,27.0,4.9,22.725835,75.887648,22.745835,75.907648,17-03-2022,09:10,09:15,Fog,Low,1,Buffet,scooter,1.0,No,Urban,18,IND,North India,9
0xbd84,RANCHIRES15DEL02,26.0,4.7,23.369746,85.33982,23.389746,85.35982,30-03-2022,11:30,11:40,Sandstorms,High,0,Drinks,motorcycle,1.0,No,Urban,25,RAN,North India,11
0xca54,AGRRES01DEL03,37.0,4.9,27.161661,78.011544,27.221661,78.071544,11-02-2022,20:35,20:45,Stormy,Jam,2,Meal,motorcycle,1.0,No,Urban,29,AGR,North India,20
0x7f2c,RANCHIRES19DEL02,35.0,5.0,23.333017,85.3172,23.463017,85.4472,20-03-2022,21:45,21:50,Sunny,Jam,2,Snack,electric_scooter,1.0,No,Urban,25,RAN,North India,21
0x64e9,JAPRES20DEL03,33.0,4.5,26.956431,75.776649,26.986431,75.806649,05-04-2022,21:50,21:55,Sunny,Jam,2,Buffet,electric_scooter,1.0,No,Urban,19,JAP,North India,21
0x4522,JAPRES02DEL02,34.0,3.5,26.914142,75.805704,27.044142,75.935704,14-03-2022,23:15,23:30,Fog,Low,2,Drinks,motorcycle,2.0,No,Urban,36,JAP,North India,23
0xc666,LUDHRES010DEL01,22.0,4.6,30.89286,75.822199,30.96286,75.892199,14-02-2022,18:15,18:30,Cloudy,Medium,1,Drinks,scooter,1.0,No,Urban,27,LUD,North India,18
0xd94a,AGRRES01DEL02,36.0,4.8,27.161661,78.011544,27.181661,78.031544,11-02-2022,10:30,10:35,Fog,Low,2,Meal,scooter,1.0,No,Urban,17,AGR,North India,10
0xd510,AGRRES19DEL02,25.0,4.5,0.0,0.0,0.02,0.02,15-02-2022,11:15,11:25,Sandstorms,High,0,Meal,motorcycle,1.0,No,Urban,15,AGR,North India,11
0x27be,INDORES12DEL01,27.0,4.8,22.74806,75.8934,22.78806,75.9334,26-03-2022,13:10,13:15,Stormy,High,2,Buffet,motorcycle,0.0,No,Urban,10,IND,North India,13
0x3b35,JAPRES09DEL02,33.0,4.6,26.911378,75.789034,26.991378,75.869034,02-03-2022,20:25,20:35,Sunny,Jam,0,Drinks,motorcycle,1.0,No,Urban,32,JAP,North India,20
0x72e0,JAPRES05DEL02,39.0,4.4,26.905287,75.794592,26.985287,75.874592,25-03-2022,19:55,0.833333333,Sandstorms,Jam,0,Snack,motorcycle,1.0,No,Urban,44,JAP,North India,19
0xdaa6,BHPRES08DEL02,26.0,4.6,23.232537,77.429845,23.362537,77.559845,12-02-2022,18:20,18:30,Windy,Medium,1,Drinks,scooter,1.0,No,Urban,17,BHP,North India,18
0xd8e8,ALHRES08DEL01,34.0,4.7,25.450329,81.834279,25.490329,81.874279,17-02-2022,14:15,14:20,Fog,High,0,Drinks,motorcycle,1.0,No,Urban,27,ALH,North India,14
0x3346,RANCHIRES05DEL01,26.0,4.9,23.355164,85.324097,23.395164,85.364097,01-04-2022,16:50,0.708333333,Fog,Medium,0,Drinks,motorcycle,0.0,No,Urban,23,RAN,North India,16
0xa765,JAPRES06DEL03,32.0,4.5,26.911927,75.797282,26.971927,75.857282,03-03-2022,22:10,22:25,Windy,Low,0,Meal,motorcycle,0.0,No,Urban,27,JAP,North India,22
0xce99,ALHRES14DEL02,33.0,4.5,25.459775,81.834841,25.539775,81.914841,18-02-2022,17:55,18:10,Windy,Medium,1,Meal,motorcycle,1.0,No,Urban,24,ALH,North India,17
0x9dc1,JAPRES010DEL01,27.0,4.7,26.921411,75.793604,26.961411,75.833604,15-03-2022,15:15,15:20,Cloudy,Medium,1,Meal,motorcycle,0.0,No,Urban,10,JAP,North India,15
0xcdcb,DEHRES01DEL01,34.0,5.0,0.0,0.0,0.11,0.11,12-02-2022,17:35,17:50,Stormy,Medium,1,Drinks,scooter,1.0,No,Urban,29,DEH,North India,17
0xa38e,RANCHIRES14DEL02,35.0,4.6,0.0,0.0,0.13,0.13,16-03-2022,23:15,23:30,Stormy,Low,0,Meal,motorcycle,1.0,No,Urban,22,RAN,North India,23
0x608e,RANCHIRES19DEL03,29.0,5.0,23.333017,85.3172,23.393017,85.3772,09-03-2022,17:55,18:05,Stormy,Medium,0,Snack,motorcycle,0.0,No,Urban,22,RAN,North India,17
0x2428,RANCHIRES13DEL01,28.0,4.6,23.374989,85.335486,23.444989,85.405486,04-04-2022,22:30,22:40,Stormy,Low,1,Buffet,motorcycle,1.0,No,Urban,18,RAN,North India,22
0x4b34,RANCHIRES12DEL01,37.0,4.6,0.0,0.0,0.11,0.11,10-03-2022,20:10,20:25,Sandstorms,Jam,0,Drinks,motorcycle,1.0,No,Urban,38,RAN,North India,20
0x3751,INDORES04DEL01,26.0,4.9,22.753659,75.903365,22.793659,75.943365,01-04-2022,13:40,13:55,Fog,High,0,Drinks,motorcycle,0.0,No,Urban,27,IND,North India,13
0x47d8,RANCHIRES01DEL03,25.0,4.7,23.416792,85.316842,23.476792,85.376842,05-03-2022,21:40,21:55,Sunny,Jam,1,Meal,scooter,0.0,No,Urban,11,RAN,North India,21
0x24e6,JAPRES08DEL02,36.0,4.6,26.910262,75.783013,26.960262,75.833013,07-03-2022,20:50,20:55,Cloudy,Jam,2,Meal,electric_scooter,1.0,No,Urban,37,JAP,North India,20
0xd54c,AGRRES16DEL01,34.0,4.4,0.0,0.0,0.04,0.04,13-02-2022,16:20,16:30,Stormy,Medium,1,Buffet,scooter,0.0,No,Urban,34,AGR,North India,16
0x693a,RANCHIRES11DEL02,23.0,4.2,23.359194,85.325447,23.439194,85.405447,31-03-2022,17:40,17:45,Sandstorms,Medium,0,Drinks,motorcycle,1.0,No,Urban,31,RAN,North India,17
0x7c57,RANCHIRES04DEL02,25.0,4.8,23.359033,85.325347,23.439033,85.405347,04-03-2022,18:50,19:05,Sandstorms,Medium,1,Snack,scooter,0.0,No,Urban,21,RAN,North India,18
0xcae0,BHPRES19DEL01,31.0,3.7,0.0,0.0,0.07,0.07,16-02-2022,22:20,22:35,Cloudy,Low,2,Buffet,motorcycle,0.0,No,Urban,38,BHP,North India,22
0xd080,KNPRES19DEL01,34.0,5.0,26.49095,80.318656,26.56095,80.388656,16-02-2022,17:30,17:45,Stormy,Medium,1,Buffet,motorcycle,1.0,No,Urban,29,KNP,North India,17
0x508b,INDORES12DEL01,29.0,4.8,22.74806,75.8934,22.75806,75.9034,19-03-2022,08:40,08:55,Sandstorms,Low,1,Drinks,scooter,0.0,,Urban,10,IND,North India,8
0xdba7,AGRRES02DEL01,39.0,4.8,0.0,0.0,0.07,0.07,16-02-2022,1,24:15:00,Windy,Low,0,Buffet,motorcycle,1.0,No,Urban,20,AGR,North India,1
0xa49b,RANCHIRES06DEL02,23.0,4.7,23.357804,85.325146,23.407804,85.375146,03-03-2022,17:50,18:05,Stormy,Medium,0,Buffet,motorcycle,0.0,No,Urban,16,RAN,North India,17
0xcbb8,KNPRES13DEL02,28.0,4.6,26.481547,80.299775,26.501547,80.319775,15-02-2022,09:35,09:40,Fog,Low,2,Snack,scooter,1.0,No,Urban,12,KNP,North India,9
0xd3a7,BHPRES08DEL01,23.0,5.0,23.232537,77.429845,23.302537,77.499845,18-02-2022,17:10,17:20,Sunny,Medium,0,Buffet,motorcycle,1.0,No,Urban,29,BHP,North India,17
0x415e,JAPRES20DEL03,23.0,4.5,26.956431,75.776649,27.046431,75.866649,25-03-2022,21:45,0.916666667,Windy,Jam,2,Snack,scooter,0.0,No,Urban,28,JAP,North India,21
0x22a4,RANCHIRES15DEL03,37.0,4.9,23.369746,85.33982,23.459746,85.42982,27-03-2022,21:20,21:35,Sunny,Jam,0,Drinks,motorcycle,1.0,No,Urban,30,RAN,North India,21
0x5f0b,RANCHIRES08DEL03,25.0,5.0,23.353783,85.326967,23.383783,85.356967,11-03-2022,23:25,23:40,Sunny,Low,2,Drinks,electric_scooter,1.0,No,Urban,17,RAN,North India,23
0x6cb,INDORES07DEL01,27.0,4.4,22.722634,75.886959,22.832634,75.996959,25-03-2022,19:10,19:15,Cloudy,Jam,2,Buffet,scooter,1.0,No,Urban,31,IND,North India,19
0xdef,JAPRES03DEL02,30.0,4.6337736972250205,26.913483,75.803139,26.933483,75.823139,11-03-2022,10:55,0.458333333,Cloudy,Low,2,Buffet,scooter,0.0,No,Urban,18,JAP,North India,10
0x74bd,INDORES09DEL03,22.0,4.8,22.725835,75.887648,22.815835,75.977648,23-03-2022,20:50,0.875,Windy,Jam,2,Buffet,scooter,1.0,No,Urban,16,IND,North India,20
0x7c51,JAPRES14DEL02,36.0,4.8,26.88842,75.800689,26.90842,75.820689,03-03-2022,08:55,09:10,Stormy,Low,1,Buffet,scooter,1.0,No,Urban,29,JAP,North India,8
0xa3cf,RANCHIRES11DEL01,22.0,5.0,23.359194,85.325447,23.399194,85.365447,01-04-2022,16:35,16:50,Sandstorms,Medium,2,Meal,scooter,0.0,No,Urban,25,RAN,North India,16
0xc0d0,ALHRES09DEL03,23.0,4.8,0.0,0.0,0.03,0.03,13-02-2022,22:30,22:35,Fog,Low,0,Drinks,motorcycle,1.0,No,Urban,18,ALH,North India,22
0x824b,RANCHIRES20DEL01,29.0,5.0,23.39925,85.390464,23.46925,85.460464,16-03-2022,22:50,22:55,Sandstorms,Low,0,Meal,motorcycle,1.0,No,Urban,16,RAN,North India,22
0xc715,BHPRES04DEL02,22.0,4.8,23.184992,77.417227,23.264992,77.497227,12-02-2022,23:30,23:45,Sandstorms,Low,1,Buffet,scooter,0.0,No,Urban,12,BHP,North India,23
0x9b77,JAPRES17DEL01,27.0,4.4,26.892312,75.806896,26.932312,75.846896,11-03-2022,13:55,14:05,Sunny,High,0,Meal,motorcycle,2.0,Yes,Urban,54,JAP,North India,13
0x4db7,RANCHIRES02DEL01,26.0,4.9,0.0,0.0,0.04,0.04,05-04-2022,15:30,15:45,Fog,Medium,2,Buffet,motorcycle,0.0,No,Urban,12,RAN,North India,15
0x2815,JAPRES07DEL02,28.0,5.0,26.766536,75.837333,26.786536,75.857333,03-04-2022,09:10,09:20,Fog,Low,0,Meal,motorcycle,0.0,No,Urban,19,JAP,North India,9
0xab96,INDORES01DEL01,28.0,4.2,22.695207,75.866059,22.765207,75.936059,02-04-2022,20:50,0.875,Sandstorms,Jam,0,Drinks,motorcycle,1.0,No,Urban,38,IND,North India,20
0xdf17,KNPRES17DEL03,39.0,4.6,26.483042,80.317833,26.573042,80.407833,12-02-2022,22:35,22:50,Cloudy,Low,2,Buffet,scooter,1.0,No,Urban,28,KNP,North India,22
0xb555,INDORES19DEL02,33.0,4.9,22.745536,75.893106,22.875536,76.023106,18-03-2022,19:20,19:35,Sunny,Jam,1,Snack,scooter,0.0,No,Urban,22,IND,North India,19
0x818f,JAPRES20DEL03,33.0,4.6,26.956431,75.776649,26.986431,75.806649,21-03-2022,22:20,22:35,Stormy,Low,1,Meal,scooter,1.0,No,Urban,22,JAP,North India,22
0xe057,BHPRES20DEL01,24.0,4.5,23.235123,77.398886,23.275123,77.438886,13-02-2022,15:15,15:25,Stormy,Medium,1,Snack,motorcycle,1.0,No,Urban,23,BHP,North India,15
0x60b8,RANCHIRES16DEL01,38.0,4.7,23.371292,85.327872,23.411292,85.367872,19-03-2022,16:40,16:45,Sandstorms,Medium,0,Snack,motorcycle,1.0,No,Urban,28,RAN,North India,16
0xb63e,RANCHIRES11DEL01,27.0,4.7,23.359194,85.325447,23.429194,85.395447,20-03-2022,17:55,18:10,Cloudy,Medium,2,Meal,scooter,1.0,No,Urban,27,RAN,North India,17
0x902c,JAPRES14DEL01,26.0,4.9,26.88842,75.800689,26.92842,75.840689,26-03-2022,12:20,12:35,Windy,High,1,Drinks,scooter,0.0,No,Urban,18,JAP,North India,12
0x756e,JAPRES17DEL01,37.0,4.6,26.892312,75.806896,26.902313,75.816896,28-03-2022,11:40,11:50,Fog,High,2,Snack,electric_scooter,1.0,No,Urban,29,JAP,North India,11
0xdbf1,LUDHRES09DEL03,27.0,4.8,30.885814,75.786976,31.025814,75.926976,14-02-2022,22:55,0.958333333,Cloudy,Low,2,Snack,motorcycle,1.0,No,Urban,24,LUD,North India,22
0x6b8c,RANCHIRES06DEL01,23.0,4.6,23.357804,85.325146,23.367804,85.335146,28-03-2022,11:45,11:55,Fog,High,1,Buffet,motorcycle,1.0,No,Urban,20,RAN,North India,11
0x8b5e,INDORES07DEL02,30.0,4.7,22.722634,75.886959,22.852634,76.016959,14-03-2022,23:20,23:35,Windy,Low,0,Buffet,motorcycle,1.0,No,Urban,27,IND,North India,23
0x4855,RANCHIRES07DEL01,25.0,4.7,23.359407,85.325055,23.369407,85.335055,17-03-2022,10:25,10:40,Cloudy,Low,1,Snack,motorcycle,1.0,No,Urban,13,RAN,North India,10
0xa461,RANCHIRES04DEL01,37.0,4.8,23.359033,85.325347,23.399033,85.365347,03-03-2022,16:20,16:25,Fog,Medium,1,Buffet,scooter,0.0,No,Urban,15,RAN,North India,16
0xc78a,ALHRES19DEL01,32.0,4.6,25.457116,81.859682,25.567116,81.969682,16-02-2022,19:35,19:45,Cloudy,Jam,2,Buffet,electric_scooter,1.0,No,Urban,40,ALH,North India,19
0x8e11,JAPRES16DEL03,21.0,4.7,26.849596,75.800512,26.879596,75.830512,09-03-2022,21:45,21:55,Fog,Jam,2,Drinks,scooter,1.0,No,Urban,31,JAP,North India,21
0x62ee,INDORES06DEL02,24.0,4.8,22.728163,75.884212,22.748163,75.904212,07-03-2022,11:15,11:20,Stormy,High,1,Meal,motorcycle,0.0,No,Urban,14,IND,North India,11
0x9749,RANCHIRES01DEL01,29.0,4.5,23.416792,85.316842,23.426792,85.326842,30-03-2022,09:25,09:30,Sunny,Low,0,Drinks,motorcycle,0.0,No,Urban,12,RAN,North India,9
0xd2ca,ALHRES010DEL01,26.0,4.8,0.0,0.0,0.04,0.04,11-02-2022,16:50,0.708333333,Cloudy,Medium,0,Meal,motorcycle,1.0,No,Urban,29,ALH,North India,16
0xe158,KNPRES16DEL03,28.0,4.8,26.482581,80.315628,26.512581,80.345628,17-02-2022,19:50,0.833333333,Stormy,Jam,2,Drinks,scooter,0.0,,Urban,10,KNP,North India,19
0x6d23,JAPRES06DEL03,25.0,4.5,26.911927,75.797282,26.971927,75.857282,07-03-2022,18:25,18:35,Fog,Medium,1,Drinks,scooter,1.0,,Urban,11,JAP,North India,18
0x9067,INDORES02DEL02,22.0,5.0,22.651847,75.881991,22.671847,75.901991,07-03-2022,08:35,08:50,Fog,Low,2,Drinks,scooter,1.0,No,Urban,18,IND,North India,8
0x22f7,JAPRES14DEL01,27.0,5.0,26.88842,75.800689,26.92842,75.840689,15-03-2022,16:55,0.708333333,Stormy,Medium,1,Buffet,motorcycle,1.0,No,Urban,20,JAP,North India,16
0x953b,RANCHIRES09DEL03,39.0,4.7,23.351058,85.325731,23.381058,85.355731,30-03-2022,20:45,20:55,Windy,Jam,0,Drinks,motorcycle,0.0,No,Urban,36,RAN,North India,20
0xd3f3,KOLRES12DEL02,20.0,4.7,22.551084,88.354127,22.601084,88.404127,11-02-2022,22:10,22:25,Fog,Low,2,Drinks,scooter,1.0,No,Urban,19,KOL,North India,22
0xc13,INDORES010DEL01,34.0,4.7,22.75004,75.902847,22.86004,76.012847,02-04-2022,22:25,22:30,Windy,Low,1,Meal,motorcycle,1.0,No,Urban,22,IND,North India,22
0xa547,INDORES08DEL03,27.0,4.6,22.725748,75.898497,22.755747,75.928497,01-03-2022,22:35,22:45,Windy,Low,2,Buffet,scooter,1.0,No,Urban,16,IND,North India,22
0x56a5,RANCHIRES010DEL02,28.0,4.6,23.354422,85.3329,23.434422,85.4129,16-03-2022,23:15,23:25,Windy,Low,1,Meal,scooter,1.0,No,Urban,11,RAN,North India,23
0xd1ac,DEHRES17DEL01,22.0,4.6,30.327968,78.046106,30.367968,78.086106,11-02-2022,15:30,15:40,Cloudy,Medium,1,Snack,scooter,1.0,No,Urban,13,DEH,North India,15
0x76ae,RANCHIRES05DEL02,32.0,4.8,23.355164,85.324097,23.405164,85.374097,30-03-2022,21:35,21:45,Sunny,Jam,0,Buffet,motorcycle,1.0,No,Urban,22,RAN,North India,21
0xa241,INDORES06DEL01,33.0,4.8,22.728163,75.884212,22.738163,75.894212,07-03-2022,10:15,10:30,Sunny,Low,2,Snack,electric_scooter,0.0,No,Urban,16,IND,North India,10
0xd2d5,KOLRES13DEL03,22.0,4.7,22.553227,88.353273,22.583227,88.383273,13-02-2022,21:30,21:45,Sandstorms,Jam,2,Snack,motorcycle,1.0,No,Urban,28,KOL,North India,21
0xa8f8,RANCHIRES09DEL02,32.0,4.8,23.351058,85.325731,23.371058,85.345731,07-03-2022,09:35,09:45,Sunny,Low,1,Snack,motorcycle,1.0,No,Urban,19,RAN,North India,9
0x9c9e,JAPRES05DEL02,37.0,4.7,26.905287,75.794592,27.035287,75.924592,20-03-2022,17:10,17:20,Cloudy,Medium,1,Snack,scooter,1.0,No,Urban,30,JAP,North India,17
0x1477,JAPRES20DEL03,21.0,4.1,26.956431,75.776649,27.016431,75.836649,19-03-2022,19:30,19:40,Sunny,Jam,0,Drinks,motorcycle,2.0,No,Urban,45,JAP,North India,19
0x20f5,RANCHIRES20DEL02,37.0,5.0,23.39925,85.390464,23.52925,85.520464,31-03-2022,22:35,22:40,Windy,Low,0,Buffet,motorcycle,1.0,No,Urban,28,RAN,North India,22
0x5c40,RANCHIRES19DEL03,38.0,4.8,23.333017,85.3172,23.393017,85.3772,21-03-2022,18:20,18:25,Fog,Medium,2,Snack,electric_scooter,0.0,No,Urban,16,RAN,North India,18
0xc584,KNPRES05DEL03,32.0,4.6,26.479108,80.315042,26.509108,80.345042,11-02-2022,17:40,17:50,Fog,Medium,2,Snack,scooter,1.0,No,Urban,15,KNP,North India,17
0x9eeb,RANCHIRES13DEL02,22.0,4.3,23.374989,85.335486,23.424989,85.385486,17-03-2022,23:30,23:35,Stormy,Low,0,Snack,motorcycle,0.0,No,Urban,18,RAN,North India,23
0xe078,DEHRES17DEL01,32.0,4.7,30.327968,78.046106,30.337968,78.056106,17-02-2022,08:15,08:30,Sunny,Low,1,Drinks,scooter,1.0,No,Urban,16,DEH,North India,8
0x2510,INDORES09DEL01,23.0,4.7,22.725835,75.887648,22.835835,75.997648,27-03-2022,23:20,23:25,Stormy,Low,2,Meal,electric_scooter,1.0,No,Urban,16,IND,North India,23
0x2403,INDORES12DEL03,22.0,4.6,22.74806,75.8934,22.77806,75.9234,07-03-2022,21:50,22:05,Sunny,Jam,1,Drinks,motorcycle,0.0,No,Urban,15,IND,North India,21
0xc314,LUDHRES04DEL02,20.0,4.8,30.914057,75.83982,30.994057,75.91982,16-02-2022,22:40,22:50,Windy,Low,0,Meal,motorcycle,0.0,No,Urban,21,LUD,North India,22
0xc352,DEHRES08DEL03,21.0,4.5,30.359722,78.067079,30.389722,78.097079,17-02-2022,17:40,17:50,Cloudy,Medium,1,Buffet,motorcycle,1.0,No,Urban,13,DEH,North India,17
0x743c,INDORES02DEL02,26.0,5.0,22.651847,75.881991,22.731847,75.961991,08-03-2022,21:40,21:45,Sunny,Jam,1,Snack,scooter,1.0,No,Urban,24,IND,North India,21
0x9df7,RANCHIRES02DEL02,24.0,4.7,0.0,0.0,0.05,0.05,26-03-2022,23:35,23:50,Stormy,Low,1,Snack,scooter,1.0,No,Urban,14,RAN,North India,23
0xa97d,INDORES20DEL02,23.0,4.8,22.732225,75.874765,22.782225,75.924765,28-03-2022,17:30,17:40,Windy,Medium,0,Buffet,motorcycle,0.0,No,Urban,25,IND,North India,17
0x1a4a,JAPRES01DEL01,29.0,4.6,26.90519,75.810753,26.94519,75.850753,07-03-2022,15:15,15:20,Windy,Medium,1,Drinks,motorcycle,0.0,No,Urban,21,JAP,North India,15
0x3d81,RANCHIRES12DEL03,21.0,4.6,0.0,0.0,0.03,0.03,03-03-2022,18:25,18:35,Cloudy,Medium,1,Drinks,scooter,0.0,No,Urban,15,RAN,North India,18
0x3889,INDORES17DEL01,23.0,4.5,22.761226,75.887522,22.871226,75.997522,04-03-2022,22:10,22:20,Fog,Low,1,Snack,motorcycle,1.0,No,Urban,27,IND,North India,22
0x7be8,RANCHIRES05DEL01,39.0,3.5,23.355164,85.324097,23.465164,85.434097,31-03-2022,22:50,0.958333333,Sunny,Low,0,Buffet,motorcycle,1.0,No,Urban,34,RAN,North India,22
0xa72e,RANCHIRES15DEL01,39.0,4.7,23.369746,85.33982,23.379746,85.34982,03-03-2022,10:20,10:30,Sunny,Low,2,Buffet,scooter,0.0,No,Urban,19,RAN,North India,10
0x47e0,INDORES15DEL01,24.0,4.7,22.760072,75.892574,22.800072,75.932574,13-03-2022,12:40,12:50,Sunny,High,1,Drinks,scooter,0.0,No,Urban,13,IND,North India,12
0xe1dc,KNPRES02DEL02,30.0,5.0,26.471617,80.313564,26.601617,80.443564,12-02-2022,17:50,0.75,Stormy,Medium,2,Buffet,motorcycle,0.0,No,Urban,21,KNP,North India,17
0x8d43,RANCHIRES17DEL02,32.0,4.7,23.374878,85.335739,23.504878,85.465739,20-03-2022,21:35,21:50,Sandstorms,Jam,1,Drinks,motorcycle,1.0,No,Urban,26,RAN,North India,21
0x196a,JAPRES08DEL03,35.0,4.8,26.910262,75.783013,26.970262,75.843013,21-03-2022,1,24:15:00,Windy,Low,1,Snack,scooter,1.0,No,Urban,26,JAP,North India,1
0x998c,JAPRES05DEL03,26.0,5.0,26.905287,75.794592,26.995287,75.884592,02-03-2022,21:20,21:25,Windy,Jam,0,Buffet,motorcycle,1.0,No,Urban,26,JAP,North India,21
0x518e,INDORES17DEL01,32.0,4.7,22.761226,75.887522,22.771226,75.897522,05-03-2022,10:35,10:50,Cloudy,Low,1,Buffet,scooter,1.0,No,Urban,18,IND,North India,10
0x327f,INDORES05DEL01,23.0,4.6,22.727021,75.884167,22.797021,75.954167,27-03-2022,22:20,22:30,Windy,Low,0,Snack,motorcycle,1.0,No,Urban,15,IND,North India,22
0x74e6,RANCHIRES14DEL02,20.0,4.8,0.0,0.0,0.02,0.02,28-03-2022,10:20,10:25,Windy,Low,1,Drinks,scooter,1.0,No,Urban,15,RAN,North India,10
0xc041,DEHRES06DEL01,36.0,3.9,-30.361281,78.068022,30.471281,78.178022,18-02-2022,22:45,22:50,Fog,Low,2,Buffet,motorcycle,1.0,No,Urban,36,DEH,North India,22
0x79f9,INDORES17DEL02,31.0,4.6,22.761226,75.887522,22.781226,75.907522,30-03-2022,11:45,0.5,Cloudy,High,0,Buffet,motorcycle,1.0,No,Urban,27,IND,North India,11
0xbe05,JAPRES010DEL01,30.0,4.2,26.921411,75.793604,26.931411,75.803604,03-04-2022,10:40,10:55,Windy,Low,0,Meal,motorcycle,1.0,No,Urban,32,JAP,North India,10
0xd290,AGRRES03DEL03,28.0,4.9,27.160832,78.011608,27.220832,78.071608,17-02-2022,21:20,21:25,Cloudy,Jam,1,Drinks,motorcycle,1.0,No,Urban,26,AGR,North India,21
0x42e2,RANCHIRES05DEL02,39.0,4.6,23.355164,85.324097,23.405164,85.374097,01-04-2022,21:40,21:45,Cloudy,Jam,2,Drinks,scooter,0.0,No,Urban,35,RAN,North India,21
0xd932,LUDHRES05DEL01,22.0,4.8,30.905562,75.832841,30.975562,75.902841,16-02-2022,22:50,23:05,Stormy,Low,0,Buffet,motorcycle,0.0,No,Urban,15,LUD,North India,22
0x79a,RANCHIRES18DEL02,21.0,4.9,23.351489,85.324253,23.371489,85.344253,09-03-2022,09:50,10:05,Cloudy,Low,0,Buffet,motorcycle,1.0,No,Urban,19,RAN,North India,9
0xcafa,KOLRES15DEL01,29.0,4.9,22.552672,88.352885,22.562672,88.362885,17-02-2022,09:10,09:25,Sandstorms,Low,2,Buffet,scooter,1.0,No,Urban,18,KOL,North India,9
0x9b38,INDORES11DEL02,38.0,4.9,22.751234,75.88949,22.881234,76.01949,29-03-2022,23:15,23:25,Stormy,Low,2,Meal,electric_scooter,1.0,No,Urban,16,IND,North India,23
0x82bb,JAPRES15DEL01,21.0,4.5,26.891191,75.802083,27.001191,75.912083,12-03-2022,18:55,0.791666667,Cloudy,Medium,0,Snack,motorcycle,2.0,No,Urban,33,JAP,North India,18
0x8ba9,RANCHIRES12DEL02,34.0,5.0,0.0,0.0,0.05,0.05,03-04-2022,20:15,20:20,Sunny,Jam,1,Snack,scooter,1.0,No,Urban,24,RAN,North India,20
0xc304,AGRRES11DEL03,20.0,4.5,27.163303,78.057044,27.303303,78.197044,12-02-2022,21:40,21:50,Sunny,Jam,1,Drinks,scooter,1.0,No,Urban,12,AGR,North India,21
0x5ce2,RANCHIRES06DEL03,23.0,4.9,23.357804,85.325146,23.447804,85.415146,27-03-2022,21:45,0.916666667,Sunny,Jam,2,Meal,motorcycle,0.0,No,Urban,13,RAN,North India,21
0xac54,JAPRES07DEL01,34.0,4.7,26.766536,75.837333,26.776536,75.847333,19-03-2022,11:35,11:40,Stormy,High,0,Meal,motorcycle,1.0,No,Urban,41,JAP,North India,11
0xd908,AGRRES18DEL03,32.0,4.7,27.161694,78.034714,27.251694,78.124714,18-02-2022,18:45,18:50,Sunny,Medium,2,Snack,scooter,0.0,No,Urban,22,AGR,North India,18
0x4d24,JAPRES14DEL03,24.0,4.7,26.88842,75.800689,26.91842,75.830689,24-03-2022,20:30,20:35,Windy,Jam,2,Drinks,scooter,1.0,No,Urban,23,JAP,North India,20
0xd025,KNPRES17DEL01,34.0,4.7,26.483042,80.317833,26.523042,80.357833,17-02-2022,15:40,15:45,Cloudy,Medium,1,Buffet,scooter,1.0,No,Urban,16,KNP,North India,15
0xb17f,RANCHIRES08DEL03,22.0,5.0,23.353783,85.326967,23.413783,85.386967,21-03-2022,22:20,22:25,Sunny,Low,1,Meal,motorcycle,1.0,No,Urban,16,RAN,North India,22
0x7528,INDORES08DEL03,29.0,4.9,22.725748,75.898497,22.785747,75.958497,03-04-2022,21:25,21:40,Windy,Jam,2,Meal,electric_scooter,0.0,No,Urban,16,IND,North India,21
0xc4aa,ALHRES18DEL02,30.0,4.7,25.450317,81.831681,25.470317,81.851681,11-02-2022,09:55,0.416666667,Sandstorms,Low,1,Drinks,motorcycle,0.0,No,Urban,28,ALH,North India,9
0xb892,RANCHIRES010DEL03,29.0,5.0,23.354422,85.3329,23.414422,85.3929,24-03-2022,17:35,17:40,Fog,Medium,2,Snack,scooter,0.0,No,Urban,10,RAN,North India,17
0xdd1d,LUDHRES19DEL03,25.0,4.9,30.902872,75.826808,30.992872,75.916808,14-02-2022,23:45,23:55,Sunny,Low,2,Drinks,scooter,1.0,No,Urban,29,LUD,North India,23
0xc786,AGRRES07DEL03,39.0,4.9,27.160934,78.044095,27.220934,78.104095,11-02-2022,22:30,22:40,Cloudy,Low,1,Meal,scooter,0.0,No,Urban,17,AGR,North India,22
0xe16d,LUDHRES05DEL01,37.0,4.9,30.905562,75.832841,30.915562,75.842841,13-02-2022,10:55,11:05,Fog,Low,1,Snack,motorcycle,1.0,No,Urban,15,LUD,North India,10
0x2da0,JAPRES09DEL02,37.0,4.8,26.911378,75.789034,27.041378,75.919034,27-03-2022,22:25,22:30,Sandstorms,Low,0,Buffet,motorcycle,0.0,No,Urban,22,JAP,North India,22
0xce24,AGRRES17DEL02,25.0,4.9,27.157772,78.04725,27.207772,78.09725,13-02-2022,23:55,24:10:00,Stormy,Low,2,Buffet,motorcycle,0.0,No,Urban,12,AGR,North India,23
0x78b,RANCHIRES01DEL01,35.0,4.9,23.416792,85.316842,23.526792,85.426842,14-03-2022,17:30,17:45,Cloudy,Medium,0,Buffet,motorcycle,0.0,Yes,Urban,42,RAN,North India,17
0xda90,LUDHRES07DEL01,34.0,4.5,0.0,0.0,0.07,0.07,12-02-2022,23:25,23:30,Windy,Low,2,Drinks,motorcycle,1.0,No,Urban,20,LUD,North India,23
0x611e,RANCHIRES07DEL01,33.0,4.7,23.359407,85.325055,23.429407,85.395055,27-03-2022,18:30,18:45,Sunny,Medium,2,Drinks,motorcycle,1.0,No,Urban,28,RAN,North India,18
0x8096,RANCHIRES09DEL02,23.0,4.6,23.351058,85.325731,23.401058,85.375731,09-03-2022,22:25,22:40,Windy,Low,1,Meal,scooter,0.0,No,Urban,19,RAN,North India,22
0xd7b4,LUDHRES02DEL02,33.0,4.9,0.0,0.0,0.08,0.08,12-02-2022,23:25,23:40,Fog,Low,0,Snack,motorcycle,1.0,No,Urban,40,LUD,North India,23
0xcbee,BHPRES09DEL02,32.0,4.8,0.0,0.0,0.02,0.02,17-02-2022,09:10,09:25,Fog,Low,0,Drinks,motorcycle,0.0,No,Urban,23,BHP,North India,9
0xb763,RANCHIRES13DEL03,25.0,4.1,23.374989,85.335486,23.464989,85.425486,04-03-2022,19:10,19:25,Windy,Jam,0,Buffet,motorcycle,1.0,No,Urban,34,RAN,North India,19
0x66f7,JAPRES010DEL01,30.0,4.3,26.921411,75.793604,26.961411,75.833604,01-03-2022,14:45,14:50,Fog,High,1,Snack,scooter,1.0,No,Urban,31,JAP,North India,14
0xa0bd,JAPRES14DEL02,22.0,5.0,26.88842,75.800689,26.93842,75.850689,26-03-2022,21:20,21:35,Cloudy,Jam,2,Meal,scooter,2.0,No,Urban,32,JAP,North India,21
0x2c4a,INDORES03DEL01,24.0,4.9,22.751857,75.866699,22.791857,75.906699,01-03-2022,14:40,14:55,Cloudy,High,2,Drinks,motorcycle,1.0,No,Urban,27,IND,North India,14
0xcd6f,KNPRES02DEL03,24.0,5.0,26.471617,80.313564,26.561617,80.403564,18-02-2022,18:20,18:25,Sandstorms,Medium,1,Drinks,scooter,1.0,No,Urban,22,KNP,North India,18
0x4b32,JAPRES05DEL03,22.0,4.6,26.905287,75.794592,26.995287,75.884592,20-03-2022,23:50,24:05:00,Windy,Low,1,Buffet,scooter,1.0,No,Urban,15,JAP,North India,23
0x5b47,INDORES06DEL03,39.0,4.2,22.728163,75.884212,22.758163,75.914212,21-03-2022,22:40,22:50,Sandstorms,Low,0,Buffet,motorcycle,1.0,No,Urban,24,IND,North India,22
0x8710,JAPRES07DEL02,37.0,4.6,26.766536,75.837333,26.896536,75.967333,02-03-2022,23:45,1,Sandstorms,Low,0,Snack,motorcycle,1.0,No,Urban,23,JAP,North India,23
0x91df,JAPRES16DEL01,33.0,4.6,26.849596,75.800512,26.889596,75.840512,01-03-2022,14:55,0.625,Windy,High,1,Buffet,motorcycle,1.0,No,Urban,30,JAP,North India,14
0xb074,RANCHIRES09DEL01,27.0,4.7,23.351058,85.325731,23.361058,85.335731,03-04-2022,08:45,08:55,Stormy,Low,1,Meal,scooter,1.0,No,Urban,17,RAN,North India,8
0x8d4a,JAPRES15DEL02,30.0,4.6,26.891191,75.802083,26.971191,75.882083,29-03-2022,22:30,22:40,Stormy,Low,0,Snack,motorcycle,0.0,No,Urban,29,JAP,North India,22
0x9828,RANCHIRES06DEL01,24.0,4.5,23.357804,85.325146,23.427804,85.395146,04-03-2022,23:20,23:35,Sandstorms,Low,0,Buffet,motorcycle,1.0,No,Urban,18,RAN,North India,23
0xd36f,KOLRES16DEL03,21.0,4.8,22.539129,88.365507,22.569129,88.395507,13-02-2022,21:25,21:30,Sunny,Jam,1,Snack,scooter,,No,Urban,13,KOL,North India,21
0xd200,ALHRES02DEL01,33.0,4.8,25.453436,81.833167,25.523436,81.903167,16-02-2022,23:10,23:25,Windy,Low,2,Drinks,electric_scooter,1.0,No,Urban,20,ALH,North India,23
0xd77e,LUDHRES04DEL02,34.0,4.3,30.914057,75.83982,31.044057,75.96982,14-02-2022,19:20,19:35,Stormy,Jam,2,Snack,scooter,1.0,No,Urban,41,LUD,North India,19
0xd1c6,LUDHRES05DEL01,37.0,4.4,30.905562,75.832841,31.015562,75.942841,14-02-2022,20:15,20:25,Sandstorms,Jam,2,Buffet,motorcycle,1.0,No,Urban,34,LUD,North India,20
0xdc2d,LUDHRES03DEL01,26.0,4.9,30.88722,75.804893,30.92722,75.844893,15-02-2022,16:35,16:45,Stormy,Medium,0,Snack,motorcycle,1.0,No,Urban,27,LUD,North India,16
0x1361,JAPRES09DEL01,37.0,4.0,26.911378,75.789034,26.921378,75.799034,11-03-2022,11:45,11:50,Sandstorms,High,1,Meal,motorcycle,,No,Urban,31,JAP,North India,11
0xd3d8,DEHRES16DEL01,29.0,4.9,30.342509,78.061187,30.382509,78.101187,11-02-2022,15:55,16:10,Stormy,Medium,1,Buffet,motorcycle,0.0,No,Urban,23,DEH,North India,15
0xbab,RANCHIRES16DEL03,20.0,4.9,23.371292,85.327872,23.461292,85.417872,10-03-2022,23:15,23:20,Sandstorms,Low,2,Meal,motorcycle,,No,Urban,19,RAN,North India,23
0x9ae4,INDORES14DEL01,36.0,4.3,22.761593,75.886362,22.801593,75.926362,30-03-2022,12:45,12:55,Stormy,High,2,Snack,motorcycle,1.0,No,Urban,31,IND,North India,12
0x71c8,INDORES09DEL02,26.0,4.5,22.725835,75.887648,22.805835,75.967648,04-04-2022,1,24:05:00,Cloudy,Low,1,Buffet,motorcycle,1.0,No,Urban,28,IND,North India,1
0x83be,RANCHIRES12DEL02,25.0,4.7,0.0,0.0,0.02,0.02,15-03-2022,11:10,11:20,Sunny,High,2,Buffet,scooter,,No,Urban,11,RAN,North India,11
0xd0ed,LUDHRES16DEL02,36.0,4.6337736972250205,30.895817,75.813112,30.945817,75.863112,13-02-2022,22:20,22:30,Sandstorms,Low,2,Snack,electric_scooter,1.0,No,Urban,29,LUD,North India,22
0xc058,KOLRES11DEL01,34.0,4.7,-22.577821,88.400581,22.587821,88.410581,13-02-2022,08:35,08:40,Stormy,Low,2,Meal,motorcycle,0.0,No,Urban,20,KOL,North India,8
0x3435,RANCHIRES08DEL03,23.0,4.6,23.353783,85.326967,23.443783,85.416967,31-03-2022,21:15,21:20,Cloudy,Jam,2,Buffet,scooter,1.0,No,Urban,39,RAN,North India,21
0x2901,INDORES05DEL03,29.0,4.8,22.727021,75.884167,22.787021,75.944167,28-03-2022,17:40,17:50,Fog,Medium,2,Buffet,motorcycle,1.0,No,Urban,19,IND,North India,17
0x7e5d,INDORES02DEL02,34.0,4.7,22.651847,75.881991,22.671847,75.901991,09-03-2022,09:40,09:45,Stormy,Low,2,Snack,electric_scooter,1.0,No,Urban,26,IND,North India,9
0x2ed4,RANCHIRES19DEL03,24.0,4.8,23.333017,85.3172,23.423017,85.4072,08-03-2022,22:45,0.958333333,Fog,Low,2,Buffet,scooter,0.0,No,Urban,25,RAN,North India,22
0xe039,LUDHRES16DEL02,31.0,4.8,30.895817,75.813112,31.025817,75.943112,14-02-2022,17:20,17:35,Sunny,Medium,1,Drinks,motorcycle,0.0,No,Urban,23,LUD,North India,17
0xdc6b,KOLRES16DEL02,24.0,4.7,22.539129,88.365507,22.619129,88.445507,12-02-2022,19:55,0.833333333,Sandstorms,Jam,1,Snack,motorcycle,1.0,No,Urban,21,KOL,North India,19
0x8b3a,RANCHIRES20DEL01,33.0,4.8,23.39925,85.390464,23.40925,85.400464,09-03-2022,08:35,08:50,Cloudy,Low,1,Drinks,scooter,1.0,No,Urban,19,RAN,North India,8
0xd41c,BHPRES02DEL01,28.0,4.7,0.0,0.0,0.04,0.04,13-02-2022,13:40,13:45,Fog,High,0,Meal,motorcycle,1.0,No,Urban,24,BHP,North India,13
0xcf5a,ALHRES20DEL03,28.0,5.0,25.454697,81.834492,25.594697,81.974492,12-02-2022,20:30,20:35,Stormy,Jam,1,Buffet,motorcycle,1.0,No,Urban,17,ALH,North India,20
0xbe7c,RANCHIRES07DEL03,37.0,4.7,23.359407,85.325055,23.389407,85.355055,21-03-2022,20:35,20:50,Sunny,Jam,1,Snack,scooter,1.0,No,Urban,18,RAN,North India,20
0xdb9b,ALHRES18DEL01,38.0,4.9,25.450317,81.831681,25.560317,81.941681,12-02-2022,17:45,17:50,Sandstorms,Medium,1,Drinks,scooter,0.0,No,Urban,27,ALH,North India,17
0x6fe9,JAPRES11DEL03,29.0,4.9,26.90294,75.793007,26.93294,75.823007,28-03-2022,19:50,19:55,Sandstorms,Jam,1,Buffet,scooter,1.0,No,Urban,28,JAP,North India,19
0x31c1,INDORES15DEL03,21.0,4.6,22.760072,75.892574,22.820072,75.952574,13-03-2022,23:25,23:40,Sunny,Low,0,Meal,motorcycle,1.0,No,Urban,17,IND,North India,23
0xa0fe,RANCHIRES13DEL03,39.0,4.8,23.374989,85.335486,23.464989,85.425486,12-03-2022,17:25,17:30,Stormy,Medium,1,Buffet,scooter,0.0,No,Urban,26,RAN,North India,17
0x5140,RANCHIRES17DEL01,33.0,4.6,23.374878,85.335739,23.384878,85.345739,15-03-2022,09:50,09:55,Fog,Low,1,Drinks,scooter,1.0,No,Urban,15,RAN,North India,9
0xdc2a,KOLRES08DEL02,36.0,4.5,22.53796,88.349843,22.61796,88.429843,16-02-2022,20:25,20:30,Fog,Jam,0,Buffet,motorcycle,2.0,No,Urban,50,KOL,North India,20
0xa87,INDORES08DEL02,24.0,5.0,22.725748,75.898497,22.775748,75.948497,24-03-2022,21:15,21:30,Windy,Jam,1,Drinks,motorcycle,1.0,No,Urban,20,IND,North India,21
0x5be3,RANCHIRES20DEL03,33.0,4.6,23.39925,85.390464,23.42925,85.420464,03-04-2022,21:40,21:45,Fog,Jam,0,Buffet,motorcycle,1.0,No,Urban,30,RAN,North India,21
0xc734,KOLRES19DEL03,30.0,4.7,22.5491,88.400467,22.6391,88.490467,16-02-2022,20:25,20:35,Stormy,Jam,0,Drinks,motorcycle,2.0,Yes,Urban,51,KOL,North India,20
0x9007,INDORES08DEL03,34.0,4.7,22.725748,75.898497,22.785747,75.958497,01-04-2022,17:30,17:40,Cloudy,Medium,2,Drinks,scooter,0.0,No,Urban,16,IND,North India,17
0xe04d,KOLRES05DEL02,25.0,4.7,22.527893,88.368628,22.547893,88.388628,15-02-2022,11:50,11:55,Stormy,High,1,Meal,motorcycle,,No,Urban,19,KOL,North India,11
0x9939,RANCHIRES01DEL01,31.0,4.7,23.416792,85.316842,23.486792,85.386842,04-04-2022,17:55,0.75,Sunny,Medium,1,Buffet,motorcycle,0.0,No,Urban,29,RAN,North India,17
0x12c5,INDORES16DEL02,21.0,4.7,22.744648,75.894377,22.794648,75.944377,28-03-2022,20:10,20:15,Windy,Jam,2,Drinks,scooter,1.0,No,Urban,10,IND,North India,20
0xd51d,KOLRES010DEL02,35.0,4.7,22.538999,88.322337,22.558999,88.342337,11-02-2022,09:40,09:45,Stormy,Low,1,Meal,scooter,1.0,No,Urban,23,KOL,North India,9
0x6014,RANCHIRES14DEL03,26.0,4.4,0.0,0.0,0.03,0.03,26-03-2022,19:30,19:35,Cloudy,Jam,2,Meal,scooter,1.0,No,Urban,33,RAN,North India,19
0xd43c,KNPRES05DEL03,35.0,4.7,26.479108,80.315042,26.619108,80.455042,18-02-2022,18:10,18:25,Sunny,Medium,0,Drinks,motorcycle,0.0,No,Urban,33,KNP,North India,18
0xcb4b,LUDHRES11DEL03,25.0,4.9,30.893081,75.821495,30.923081,75.851495,11-02-2022,22:45,22:50,Stormy,Low,2,Drinks,scooter,0.0,No,Urban,10,LUD,North India,22
0xd399,KOLRES19DEL01,27.0,4.4,22.5491,88.400467,22.5591,88.410467,15-02-2022,08:45,08:55,Stormy,Low,0,Drinks,motorcycle,1.0,No,Urban,20,KOL,North India,8
0x77d,JAPRES05DEL03,21.0,4.6,26.905287,75.794592,26.995287,75.884592,23-03-2022,19:35,19:40,Fog,Jam,1,Snack,scooter,1.0,No,Urban,39,JAP,North India,19
0x926c,JAPRES11DEL01,20.0,4.7,26.90294,75.793007,27.01294,75.903007,20-03-2022,18:55,19:05,Sunny,Medium,0,Buffet,motorcycle,1.0,No,Urban,26,JAP,North India,18
0xd522,DEHRES07DEL03,23.0,5.0,30.362686,78.06889,30.502686,78.20889,18-02-2022,19:10,19:25,Fog,Jam,1,Snack,scooter,0.0,Yes,Urban,41,DEH,North India,19
0xba8a,RANCHIRES06DEL02,38.0,4.5,23.357804,85.325146,23.377804,85.345146,28-03-2022,10:20,10:35,Fog,Low,1,Buffet,scooter,0.0,No,Urban,16,RAN,North India,10
0x344f,INDORES20DEL02,33.0,4.7,22.732225,75.874765,22.782225,75.924765,05-03-2022,22:35,22:40,Cloudy,Low,2,Snack,scooter,1.0,No,Urban,18,IND,North India,22
0x756f,JAPRES02DEL01,28.0,4.6,26.914142,75.805704,26.924142,75.815704,09-03-2022,09:25,09:40,Fog,Low,1,Buffet,motorcycle,,No,Urban,17,JAP,North India,9
0xdd6a,KNPRES01DEL02,23.0,4.7,26.483672,80.320708,26.563672,80.400708,12-02-2022,19:15,19:25,Sandstorms,Jam,1,Drinks,scooter,0.0,No,Urban,17,KNP,North India,19
0x70c5,RANCHIRES04DEL03,20.0,4.5,23.359033,85.325347,23.449033,85.415347,25-03-2022,19:35,19:45,Sunny,Jam,2,Meal,scooter,1.0,No,Urban,15,RAN,North India,19
0x4567,JAPRES17DEL02,27.0,4.8,26.892312,75.806896,27.022313,75.936896,02-04-2022,17:55,18:10,Stormy,Medium,2,Snack,scooter,1.0,No,Urban,22,JAP,North India,17
0xb958,INDORES04DEL01,38.0,4.1,22.753659,75.903365,22.863659,76.013365,04-04-2022,21:30,21:40,Stormy,Jam,1,Buffet,scooter,0.0,No,Urban,32,IND,North India,21
0xc55a,DEHRES03DEL01,28.0,5.0,30.335259,78.053162,30.345259,78.063162,11-02-2022,10:40,10:50,Cloudy,Low,1,Snack,scooter,1.0,No,Urban,17,DEH,North India,10
0x4f33,JAPRES17DEL01,27.0,4.6,26.892312,75.806896,26.902313,75.816896,26-03-2022,09:55,10:05,Cloudy,Low,0,Snack,motorcycle,0.0,No,Urban,21,JAP,North India,9
0xd765,BHPRES04DEL03,30.0,4.5,23.184992,77.417227,23.214992,77.447227,15-02-2022,18:15,18:25,Windy,Medium,2,Drinks,electric_scooter,0.0,No,Urban,30,BHP,North India,18
0x9043,RANCHIRES20DEL03,37.0,4.7,23.39925,85.390464,23.42925,85.420464,15-03-2022,1,24:15:00,Fog,Low,0,Snack,motorcycle,1.0,No,Urban,28,RAN,North India,1
0x8e22,RANCHIRES01DEL01,38.0,4.5,23.416792,85.316842,23.526792,85.426842,16-03-2022,18:35,18:50,Sunny,Medium,2,Drinks,scooter,1.0,No,Urban,18,RAN,North India,18
0xe242,ALHRES14DEL03,32.0,4.8,25.459775,81.834841,25.489775,81.864841,13-02-2022,18:35,18:40,Sunny,Medium,2,Drinks,motorcycle,1.0,No,Urban,21,ALH,North India,18
0xb1df,INDORES08DEL02,36.0,4.8,22.725748,75.898497,22.805747,75.978497,31-03-2022,23:30,23:35,Stormy,Low,1,Buffet,scooter,1.0,No,Urban,17,IND,North India,23
0xa8e7,RANCHIRES02DEL02,24.0,4.6,0.0,0.0,0.08,0.08,04-04-2022,19:15,19:30,Sunny,Jam,1,Drinks,motorcycle,0.0,No,Urban,10,RAN,North India,19
0xd67d,AGRRES12DEL03,35.0,4.8,27.165108,78.015053,27.255108,78.105053,18-02-2022,22:55,0.958333333,Windy,Low,2,Meal,scooter,1.0,No,Urban,24,AGR,North India,22
0xc5fb,AGRRES08DEL02,38.0,4.8,27.160934,78.044095,27.210934,78.094095,17-02-2022,23:40,23:50,Fog,Low,2,Buffet,motorcycle,0.0,No,Urban,18,AGR,North India,23
0x1ae5,INDORES05DEL02,25.0,5.0,22.727021,75.884167,22.747021,75.904167,03-04-2022,11:35,11:40,Stormy,High,1,Drinks,motorcycle,0.0,No,Urban,25,IND,North India,11
0x153a,JAPRES07DEL01,31.0,4.6,26.766536,75.837333,26.876536,75.947333,31-03-2022,20:55,21:05,Windy,Jam,1,Meal,motorcycle,0.0,No,Urban,26,JAP,North India,20
0xb05b,RANCHIRES15DEL03,26.0,4.6,23.369746,85.33982,23.399746,85.36982,19-03-2022,18:40,18:45,Sunny,Medium,2,Snack,electric_scooter,0.0,No,Urban,14,RAN,North India,18
0x931d,JAPRES03DEL01,22.0,4.6,26.913483,75.803139,26.923483,75.813139,13-03-2022,11:20,11:35,Cloudy,High,2,Drinks,electric_scooter,0.0,No,Urban,23,JAP,North India,11
0xa0b6,INDORES15DEL01,30.0,4.7,22.760072,75.892574,22.830072,75.962574,02-03-2022,18:20,18:25,Sandstorms,Medium,1,Buffet,motorcycle,1.0,No,Urban,30,IND,North India,18
0xcad8,KNPRES17DEL01,34.0,4.6,26.483042,80.317833,26.593042,80.427833,12-02-2022,22:25,22:35,Stormy,Low,0,Meal,motorcycle,0.0,No,Urban,21,KNP,North India,22
0xc101,KNPRES04DEL03,24.0,4.6,-26.471529,80.313458,26.611529,80.453458,18-02-2022,20:50,21:05,Stormy,Jam,1,Snack,scooter,1.0,No,Urban,29,KNP,North India,20
0xdd7d,KNPRES03DEL01,39.0,4.9,26.469003,80.316344,26.479003,80.326344,11-02-2022,08:35,08:45,Sunny,Low,1,Snack,motorcycle,0.0,No,Urban,16,KNP,North India,8
0x815b,JAPRES12DEL02,24.0,5.0,26.902908,75.792934,26.922908,75.812934,01-03-2022,11:10,11:15,Sandstorms,High,1,Buffet,motorcycle,1.0,No,Urban,18,JAP,North India,11
0x1f20,INDORES06DEL01,24.0,5.0,22.728163,75.884212,22.798163,75.954212,04-04-2022,22:30,22:40,Fog,Low,1,Buffet,motorcycle,0.0,No,Urban,22,IND,North India,22
0xde14,KNPRES05DEL01,38.0,5.0,26.479108,80.315042,26.489108,80.325042,11-02-2022,09:40,09:55,Sunny,Low,1,Drinks,motorcycle,0.0,No,Urban,13,KNP,North India,9
0x4e0a,RANCHIRES02DEL03,38.0,4.6,0.0,0.0,0.09,0.09,10-03-2022,23:10,23:20,Stormy,Low,2,Drinks,scooter,1.0,No,Urban,25,RAN,North India,23
0x9f24,INDORES16DEL02,24.0,4.7,22.744648,75.894377,22.824648,75.974377,27-03-2022,18:50,19:05,Sunny,Medium,1,Snack,motorcycle,0.0,No,Urban,12,IND,North India,18
0xc66c,LUDHRES14DEL01,22.0,4.7,30.892978,75.821847,30.932978,75.861847,13-02-2022,13:40,13:55,Cloudy,High,2,Drinks,scooter,1.0,No,Urban,25,LUD,North India,13
0x4e3b,JAPRES04DEL01,37.0,4.9,26.902328,75.794257,27.012328,75.904257,16-03-2022,17:40,17:55,Sunny,Medium,0,Meal,motorcycle,2.0,No,Urban,39,JAP,North India,17
0xb872,INDORES20DEL03,35.0,4.4,22.732225,75.874765,22.762225,75.904765,07-03-2022,20:25,20:40,Fog,Jam,1,Meal,scooter,1.0,No,Urban,36,IND,North India,20
0x3e34,INDORES13DEL01,23.0,4.0,22.745049,75.892471,22.815049,75.962471,16-03-2022,19:30,19:40,Cloudy,Jam,1,Snack,scooter,1.0,No,Urban,39,IND,North India,19
0x2424,INDORES07DEL03,34.0,4.6,22.722634,75.886959,22.782634,75.946959,03-03-2022,21:55,22:05,Sunny,Jam,1,Meal,scooter,0.0,No,Urban,22,IND,North India,21
0x5be0,JAPRES16DEL01,31.0,3.5,26.849596,75.800512,26.919596,75.870512,25-03-2022,23:45,23:50,Fog,Low,1,Snack,scooter,1.0,No,Urban,39,JAP,North India,23
0x21e2,JAPRES05DEL02,29.0,4.6,26.905287,75.794592,26.925287,75.814592,05-03-2022,09:20,09:30,Fog,Low,2,Meal,motorcycle,1.0,No,Urban,10,JAP,North India,9
0x7ced,RANCHIRES15DEL01,36.0,4.9,23.369746,85.33982,23.379746,85.34982,26-03-2022,08:35,08:45,Fog,Low,2,Buffet,motorcycle,0.0,No,Urban,18,RAN,North India,8
0x3651,INDORES08DEL03,22.0,4.5,22.725748,75.898497,22.785747,75.958497,19-03-2022,22:45,22:55,Cloudy,Low,2,Meal,scooter,0.0,No,Urban,12,IND,North India,22
0x4036,RANCHIRES19DEL03,23.0,4.7,23.333017,85.3172,23.423017,85.4072,23-03-2022,19:50,20:05,Stormy,Jam,0,Snack,motorcycle,1.0,No,Urban,26,RAN,North India,19
0x3bc0,RANCHIRES04DEL03,27.0,4.6,23.359033,85.325347,23.389033,85.355347,26-03-2022,20:55,21:05,Sunny,Jam,2,Drinks,motorcycle,1.0,No,Urban,17,RAN,North India,20
0x6d56,JAPRES04DEL02,23.0,4.9,26.902328,75.794257,26.952328,75.844257,28-03-2022,21:50,22:05,Sandstorms,Jam,0,Meal,motorcycle,0.0,No,Urban,17,JAP,North India,21
0x4609,JAPRES07DEL03,21.0,4.5,26.766536,75.837333,26.856536,75.927333,04-04-2022,20:35,20:45,Sunny,Jam,1,Snack,scooter,1.0,No,Urban,24,JAP,North India,20
0x3b0a,RANCHIRES11DEL01,39.0,4.6,23.359194,85.325447,23.369194,85.335447,15-03-2022,08:55,09:10,Cloudy,Low,2,Buffet,scooter,0.0,No,Urban,17,RAN,North India,8
0x5c49,INDORES08DEL02,30.0,4.7,22.725748,75.898497,22.775748,75.948497,03-04-2022,23:50,23:55,Fog,Low,2,Buffet,motorcycle,0.0,No,Urban,16,IND,North India,23
0x5a98,JAPRES16DEL02,24.0,5.0,26.849596,75.800512,26.929596,75.880512,02-03-2022,22:35,22:50,Stormy,Low,0,Drinks,motorcycle,1.0,No,Urban,24,JAP,North India,22
0xc039,AGRRES03DEL01,29.0,4.7,-27.160832,78.011608,27.200832,78.051608,11-02-2022,13:55,14:05,Sandstorms,High,1,Buffet,motorcycle,1.0,No,Urban,14,AGR,North India,13
0x2d29,INDORES14DEL02,29.0,4.7,22.761593,75.886362,22.891593,76.016362,10-03-2022,23:50,23:55,Windy,Low,2,Drinks,motorcycle,0.0,No,Urban,11,IND,North India,23
0x9a84,JAPRES01DEL02,27.0,4.7,26.90519,75.810753,26.98519,75.890753,23-03-2022,21:30,21:35,Windy,Jam,2,Meal,scooter,1.0,No,Urban,16,JAP,North India,21
0xceb1,BHPRES06DEL03,36.0,4.5,23.232357,77.429989,23.292357,77.489989,17-02-2022,23:35,23:50,Cloudy,Low,1,Buffet,scooter,0.0,No,Urban,15,BHP,North India,23
0x129d,INDORES13DEL02,37.0,4.6,22.745049,75.892471,22.875049,76.022471,23-03-2022,18:30,18:40,Cloudy,Medium,1,Drinks,scooter,1.0,No,Urban,38,IND,North India,18
0x1f35,INDORES05DEL02,23.0,4.9,22.727021,75.884167,22.747021,75.904167,05-03-2022,11:35,11:45,Windy,High,1,Snack,motorcycle,1.0,No,Urban,19,IND,North India,11
0x8212,RANCHIRES09DEL03,30.0,4.8,23.351058,85.325731,23.381058,85.355731,19-03-2022,19:10,19:15,Sandstorms,Jam,2,Meal,scooter,1.0,No,Urban,33,RAN,North India,19
0xc0d7,KOLRES04DEL03,36.0,4.6,-22.538731,88.364878,22.598731,88.424878,11-02-2022,17:50,17:55,Fog,Medium,2,Drinks,motorcycle,0.0,No,Urban,19,KOL,North India,17
0x3b6b,RANCHIRES15DEL02,25.0,4.1,23.369746,85.33982,23.389746,85.35982,19-03-2022,10:45,10:55,Windy,Low,0,Meal,motorcycle,0.0,No,Urban,23,RAN,North India,10
0x94a7,JAPRES06DEL01,27.0,4.8,26.911927,75.797282,26.951927,75.837282,01-04-2022,13:45,13:50,Windy,High,1,Snack,scooter,1.0,No,Urban,18,JAP,North India,13
0x9238,INDORES19DEL02,35.0,4.5,22.745536,75.893106,22.795536,75.943106,11-03-2022,21:15,21:20,Stormy,Jam,2,Snack,electric_scooter,1.0,No,Urban,26,IND,North India,21
0xca65,DEHRES14DEL02,31.0,4.9,30.319528,78.040267,30.369528,78.090267,15-02-2022,1,24:10:00,Cloudy,Low,2,Drinks,scooter,1.0,No,Urban,16,DEH,North India,1
0x4fe8,INDORES11DEL03,38.0,4.5,22.751234,75.88949,22.811234,75.94949,30-03-2022,20:15,20:30,Sandstorms,Jam,1,Meal,scooter,1.0,No,Urban,26,IND,North India,20
0x2047,INDORES04DEL03,31.0,4.8,22.753659,75.903365,22.843659,75.993365,16-03-2022,23:40,23:45,Cloudy,Low,2,Drinks,scooter,1.0,No,Urban,25,IND,North India,23
0x5d9b,INDORES02DEL01,29.0,4.5,22.651847,75.881991,22.661847,75.891991,01-04-2022,11:10,11:20,Sunny,High,1,Buffet,motorcycle,0.0,No,Urban,11,IND,North India,11
0x6de0,RANCHIRES03DEL03,38.0,4.1,0.0,0.0,0.06,0.06,21-03-2022,19:40,19:45,Windy,Jam,1,Meal,motorcycle,1.0,No,Urban,31,RAN,North India,19
0xb20e,RANCHIRES15DEL03,24.0,4.5,23.369746,85.33982,23.459746,85.42982,29-03-2022,17:55,18:05,Fog,Medium,2,Snack,scooter,0.0,No,Urban,25,RAN,North India,17
0x7b5d,INDORES15DEL02,30.0,4.3,22.760072,75.892574,22.780072,75.912574,01-03-2022,11:25,11:30,Windy,High,0,Meal,motorcycle,2.0,No,Urban,47,IND,North India,11
0x5e5b,INDORES12DEL03,33.0,4.5,22.74806,75.8934,22.77806,75.9234,09-03-2022,23:50,23:55,Sandstorms,Low,0,Drinks,motorcycle,1.0,No,Urban,25,IND,North India,23
0x9c81,INDORES18DEL01,33.0,4.6,22.753839,75.897429,22.793838,75.937429,03-04-2022,16:10,16:15,Sunny,Medium,1,Drinks,motorcycle,0.0,No,Urban,16,IND,North India,16
0xd3dc,AGRRES20DEL03,30.0,4.5,27.158822,78.045359,27.298822,78.185359,18-02-2022,23:35,23:45,Windy,Low,1,Drinks,motorcycle,1.0,No,Urban,26,AGR,North India,23
0xf1f,RANCHIRES12DEL02,38.0,4.9,0.0,0.0,0.13,0.13,14-03-2022,22:45,0.958333333,Stormy,Low,2,Snack,scooter,0.0,No,Urban,15,RAN,North India,22
0x6b90,RANCHIRES01DEL02,39.0,4.9,23.416792,85.316842,23.436792,85.336842,07-03-2022,09:15,09:20,Fog,Low,1,Buffet,scooter,0.0,No,Urban,19,RAN,North India,9
0x8b61,JAPRES05DEL03,25.0,4.6,26.905287,75.794592,26.965287,75.854592,28-03-2022,17:20,17:35,Stormy,Medium,2,Meal,motorcycle,1.0,No,Urban,24,JAP,North India,17
0xc1aa,BHPRES07DEL01,24.0,4.7,0.0,0.0,0.11,0.11,12-02-2022,17:45,0.75,Fog,Medium,0,Snack,motorcycle,1.0,No,Urban,30,BHP,North India,17
0xc789,LUDHRES13DEL02,27.0,4.9,30.893234,75.82172,31.023234,75.95172,18-02-2022,21:10,21:15,Stormy,Jam,2,Drinks,scooter,1.0,No,Urban,22,LUD,North India,21
0x7e17,INDORES15DEL01,28.0,4.7,22.760072,75.892574,22.830072,75.962574,18-03-2022,19:55,20:05,Cloudy,Jam,0,Drinks,motorcycle,2.0,No,Urban,43,IND,North India,19
0x6d34,RANCHIRES18DEL01,38.0,4.3,23.351489,85.324253,23.361489,85.334253,11-03-2022,09:45,09:50,Windy,Low,0,Snack,motorcycle,1.0,No,Urban,30,RAN,North India,9
0xadef,JAPRES03DEL03,30.0,4.6,26.913483,75.803139,27.053483,75.943139,02-04-2022,17:55,0.75,Stormy,Medium,2,Meal,motorcycle,1.0,No,Urban,24,JAP,North India,17
0x84bf,RANCHIRES09DEL03,23.0,4.8,23.351058,85.325731,23.441058,85.415731,10-03-2022,23:30,23:35,Cloudy,Low,1,Drinks,motorcycle,1.0,No,Urban,21,RAN,North India,23
0xc8d8,BHPRES16DEL03,27.0,4.4,23.264015,77.408236,23.354015,77.498236,14-02-2022,19:20,19:35,Fog,Jam,2,Buffet,scooter,1.0,No,Urban,44,BHP,North India,19
0x6570,JAPRES08DEL01,38.0,5.0,26.910262,75.783013,27.020262,75.893013,31-03-2022,1,24:10:00,Sunny,Low,2,Meal,scooter,0.0,No,Urban,23,JAP,North India,1
0xc393,LUDHRES15DEL03,22.0,4.6337736972250205,30.899584,75.809346,30.959584,75.869346,17-02-2022,22:40,22:55,Windy,Low,2,Buffet,motorcycle,1.0,No,Urban,12,LUD,North India,22
0xa5d0,JAPRES04DEL01,25.0,4.8,26.902328,75.794257,27.012328,75.904257,06-03-2022,18:30,18:35,Fog,Medium,2,Meal,electric_scooter,0.0,No,Urban,34,JAP,North India,18
0xcc87,AGRRES17DEL02,39.0,4.2,27.157772,78.04725,27.237772,78.12725,18-02-2022,21:50,21:55,Fog,Jam,1,Buffet,scooter,1.0,No,Urban,39,AGR,North India,21
0xce4d,AGRRES06DEL02,34.0,5.0,0.0,0.0,0.02,0.02,13-02-2022,08:55,0.375,Cloudy,Low,1,Buffet,scooter,1.0,No,Urban,16,AGR,North India,8
0x8071,JAPRES04DEL01,27.0,4.6,26.902328,75.794257,26.972328,75.864257,06-04-2022,23:45,23:55,Stormy,Low,1,Snack,motorcycle,0.0,No,Urban,12,JAP,North India,23
0xd04d,ALHRES03DEL03,36.0,4.6,25.451517,81.832616,25.481517,81.862616,15-02-2022,23:35,23:40,Stormy,Low,2,Buffet,scooter,0.0,No,Urban,27,ALH,North India,23
0x3cca,JAPRES17DEL03,36.0,4.7,26.892312,75.806896,27.032312,75.946896,02-03-2022,1,24:15:00,Windy,Low,0,Snack,motorcycle,0.0,No,Urban,28,JAP,North India,1
0x8103,JAPRES20DEL03,27.0,4.5,26.956431,75.776649,27.016431,75.836649,05-04-2022,21:15,21:20,Stormy,Jam,1,Drinks,motorcycle,,No,Urban,20,JAP,North India,21
0xd08d,BHPRES03DEL01,39.0,4.5,23.214294,77.435361,23.224294,77.445361,13-02-2022,11:50,12:05,Cloudy,High,1,Buffet,scooter,1.0,No,Urban,28,BHP,North India,11
0x1884,JAPRES02DEL02,20.0,4.7,26.914142,75.805704,26.934142,75.825704,03-04-2022,08:20,08:30,Windy,Low,1,Buffet,scooter,1.0,No,Urban,18,JAP,North India,8
0x1f50,INDORES05DEL03,25.0,4.3,22.727021,75.884167,22.817021,75.974167,06-03-2022,17:50,18:05,Cloudy,Medium,2,Drinks,motorcycle,1.0,No,Urban,34,IND,North India,17
0x5bb6,RANCHIRES19DEL03,35.0,4.9,23.333017,85.3172,23.423017,85.4072,04-03-2022,22:55,23:05,Sandstorms,Low,2,Meal,scooter,1.0,No,Urban,15,RAN,North India,22
0xc30d,ALHRES17DEL02,36.0,4.9,25.45235,81.841889,25.47235,81.861889,13-02-2022,08:10,08:20,Sandstorms,Low,2,Snack,motorcycle,1.0,No,Urban,25,ALH,North India,8
0x8554,INDORES12DEL01,27.0,4.7,22.74806,75.8934,22.85806,76.0034,18-03-2022,22:20,22:30,Stormy,Low,0,Meal,motorcycle,0.0,No,Urban,17,IND,North India,22
0xd430,DEHRES11DEL02,36.0,4.7,0.0,0.0,0.02,0.02,13-02-2022,11:25,11:30,Sandstorms,High,1,Meal,scooter,1.0,No,Urban,26,DEH,North India,11
0x362d,RANCHIRES17DEL03,39.0,4.6,23.374878,85.335739,23.434878,85.395739,15-03-2022,17:40,17:45,Stormy,Medium,2,Meal,scooter,1.0,No,Urban,26,RAN,North India,17
0x9681,JAPRES11DEL01,25.0,4.5,26.90294,75.793007,26.97294,75.863007,31-03-2022,23:30,23:35,Sandstorms,Low,1,Snack,scooter,0.0,No,Urban,16,JAP,North India,23
0x3a2d,JAPRES20DEL02,26.0,4.9,26.956431,75.776649,26.976431,75.796649,03-04-2022,08:30,08:35,Stormy,Low,1,Buffet,scooter,0.0,No,Urban,14,JAP,North India,8
0xc987,KOLRES18DEL02,35.0,4.3,22.569367,88.433187,22.619367,88.483187,15-02-2022,17:25,17:40,Sandstorms,Medium,2,Snack,scooter,1.0,No,Urban,32,KOL,North India,17
0xc8c3,LUDHRES14DEL01,24.0,4.8,30.892978,75.821847,30.932978,75.861847,17-02-2022,14:25,14:30,Windy,High,1,Meal,scooter,0.0,No,Urban,18,LUD,North India,14
0x92c7,JAPRES13DEL02,25.0,4.9,26.846156,75.8023,26.866156,75.8223,07-03-2022,08:45,08:50,Cloudy,Low,1,Snack,motorcycle,1.0,No,Urban,18,JAP,North India,8
0x5422,RANCHIRES19DEL01,29.0,4.6,23.333017,85.3172,23.403017,85.3872,02-03-2022,22:45,0.958333333,Windy,Low,0,Drinks,motorcycle,1.0,No,Urban,16,RAN,North India,22
0x1f85,JAPRES02DEL01,31.0,4.9,26.914142,75.805704,26.984142,75.875704,14-03-2022,23:45,23:50,Stormy,Low,2,Drinks,scooter,1.0,No,Urban,16,JAP,North India,23
0x5728,INDORES18DEL01,29.0,4.0,22.753839,75.897429,22.823839,75.967429,20-03-2022,17:25,17:30,Fog,Medium,1,Drinks,motorcycle,1.0,No,Urban,32,IND,North India,17
0x6a1f,RANCHIRES08DEL02,32.0,4.9,23.353783,85.326967,23.373783,85.346967,21-03-2022,10:15,10:25,Fog,Low,0,Meal,motorcycle,1.0,No,Urban,28,RAN,North India,10
0x5d9f,JAPRES12DEL02,32.0,4.7,26.902908,75.792934,27.032908,75.922934,14-03-2022,17:55,18:05,Sandstorms,Medium,1,Drinks,motorcycle,1.0,No,Urban,28,JAP,North India,17
0xb68e,JAPRES13DEL01,27.0,4.5,26.846156,75.8023,26.956156,75.9123,04-03-2022,22:25,22:30,Sunny,Low,0,Snack,motorcycle,1.0,No,Urban,29,JAP,North India,22
0xda95,KOLRES07DEL01,20.0,4.8,22.547186,88.35068,22.587186,88.39068,11-02-2022,16:25,16:30,Sunny,Medium,1,Snack,scooter,0.0,No,Urban,16,KOL,North India,16
0x2be1,INDORES09DEL02,29.0,4.7,22.725835,75.887648,22.805835,75.967648,14-03-2022,20:45,20:55,Stormy,Jam,2,Buffet,electric_scooter,1.0,No,Urban,17,IND,North India,20
0xd862,KNPRES03DEL03,35.0,4.9,26.469003,80.316344,26.529003,80.376344,15-02-2022,22:50,22:55,Cloudy,Low,0,Drinks,motorcycle,1.0,No,Urban,28,KNP,North India,22
0xdb99,KOLRES11DEL01,24.0,4.7,22.577821,88.400581,22.647821,88.470581,16-02-2022,17:30,17:35,Sandstorms,Medium,1,Snack,motorcycle,1.0,No,Urban,28,KOL,North India,17
0x8a44,JAPRES17DEL01,25.0,5.0,26.892312,75.806896,26.902313,75.816896,05-04-2022,10:35,10:50,Sunny,Low,0,Meal,motorcycle,0.0,No,Urban,17,JAP,North India,10
0xc057,ALHRES06DEL01,28.0,4.6,0.0,0.0,0.01,0.01,17-02-2022,09:30,09:40,Fog,Low,1,Buffet,scooter,1.0,No,Urban,14,ALH,North India,9
0xa160,INDORES13DEL01,25.0,4.1,22.745049,75.892471,22.785049,75.932471,17-03-2022,12:25,12:35,Fog,High,1,Buffet,scooter,0.0,No,Urban,34,IND,North India,12
0x161a,JAPRES15DEL01,27.0,4.7,26.891191,75.802083,26.931191,75.842083,01-04-2022,12:20,12:35,Sandstorms,High,1,Snack,scooter,1.0,No,Urban,13,JAP,North India,12
0x4c3d,JAPRES14DEL03,39.0,4.7,26.88842,75.800689,26.91842,75.830689,21-03-2022,19:45,19:50,Fog,Jam,1,Snack,scooter,0.0,No,Urban,39,JAP,North India,19
0xd8d0,AGRRES17DEL01,23.0,4.0,27.157772,78.04725,27.197772,78.08725,11-02-2022,14:45,0.625,Cloudy,High,1,Snack,scooter,2.0,No,Urban,34,AGR,North India,14
0x5f39,RANCHIRES02DEL01,38.0,5.0,0.0,0.0,0.04,0.04,26-03-2022,15:30,15:45,Sandstorms,Medium,2,Buffet,motorcycle,1.0,No,Urban,33,RAN,North India,15
0xd530,AGRRES18DEL01,20.0,4.6,27.161694,78.034714,27.231694,78.104714,16-02-2022,18:35,18:45,Windy,Medium,0,Buffet,motorcycle,1.0,No,Urban,21,AGR,North India,18
0xb0f3,RANCHIRES02DEL01,35.0,4.6,0.0,0.0,0.11,0.11,06-03-2022,23:55,24:10:00,Sandstorms,Low,0,Buffet,motorcycle,1.0,No,Urban,28,RAN,North India,23
0x757b,INDORES08DEL01,25.0,4.6,22.725748,75.898497,22.835748,76.008497,18-03-2022,17:35,17:50,Sandstorms,Medium,1,Drinks,motorcycle,0.0,No,Urban,19,IND,North India,17
0x9612,INDORES18DEL02,29.0,5.0,22.753839,75.897429,22.773839,75.917429,05-04-2022,11:25,11:35,Sunny,High,1,Meal,scooter,0.0,No,Urban,10,IND,North India,11
0xb5a0,JAPRES010DEL02,30.0,4.6,26.921411,75.793604,27.001411,75.873604,06-04-2022,17:40,17:55,Windy,Medium,1,Snack,motorcycle,1.0,No,Urban,30,JAP,North India,17
0xa26f,JAPRES05DEL03,29.0,4.8,26.905287,75.794592,26.965287,75.854592,01-04-2022,22:40,22:55,Stormy,Low,2,Snack,scooter,1.0,No,Urban,15,JAP,North India,22
0xdff9,LUDHRES04DEL02,30.0,4.7,30.914057,75.83982,30.964057,75.88982,17-02-2022,20:40,20:55,Sunny,Jam,2,Snack,motorcycle,1.0,No,Urban,20,LUD,North India,20
0x6c01,RANCHIRES17DEL03,28.0,4.6,23.374878,85.335739,23.404878,85.365739,21-03-2022,20:30,20:45,Fog,Jam,1,Meal,motorcycle,1.0,No,Urban,26,RAN,North India,20
0xe0f1,LUDHRES02DEL01,26.0,5.0,0.0,0.0,0.04,0.04,13-02-2022,14:10,14:25,Sandstorms,High,1,Snack,scooter,1.0,No,Urban,23,LUD,North India,14
0xc5f6,AGRRES09DEL01,37.0,5.0,0.0,0.0,0.07,0.07,12-02-2022,21:50,0.916666667,Windy,Jam,0,Buffet,motorcycle,1.0,No,Urban,44,AGR,North India,21
0xb028,RANCHIRES010DEL01,26.0,4.8,23.354422,85.3329,23.424422,85.4029,23-03-2022,23:30,23:35,Windy,Low,2,Meal,motorcycle,0.0,No,Urban,10,RAN,North India,23
0x408e,INDORES14DEL01,22.0,4.9,22.761593,75.886362,22.831593,75.956362,10-03-2022,17:45,0.75,Sandstorms,Medium,0,Meal,motorcycle,1.0,No,Urban,28,IND,North India,17
0xc67c,KOLRES15DEL03,21.0,4.7,22.552672,88.352885,22.612672,88.412885,11-02-2022,21:15,21:20,Sandstorms,Jam,1,Snack,motorcycle,0.0,No,Urban,17,KOL,North India,21
0x8dc4,RANCHIRES06DEL03,34.0,4.6,23.357804,85.325146,23.387804,85.355146,09-03-2022,17:20,17:30,Sandstorms,Medium,0,Snack,motorcycle,1.0,No,Urban,30,RAN,North India,17
0xc505,AGRRES08DEL03,25.0,4.6,27.160934,78.044095,27.190934,78.074095,13-02-2022,19:55,20:05,Windy,Jam,1,Drinks,scooter,1.0,No,Urban,22,AGR,North India,19
0x1575,INDORES04DEL02,24.0,4.8,22.753659,75.903365,22.773659,75.923365,26-03-2022,10:20,10:35,Sandstorms,Low,2,Meal,scooter,1.0,No,Urban,14,IND,North India,10
0xd47f,BHPRES07DEL01,30.0,4.7,0.0,0.0,0.04,0.04,11-02-2022,12:25,12:30,Windy,High,1,Buffet,motorcycle,0.0,No,Urban,25,BHP,North India,12
0xc9e3,KNPRES19DEL02,25.0,5.0,26.49095,80.318656,26.51095,80.338656,15-02-2022,08:20,08:25,Windy,Low,2,Drinks,electric_scooter,1.0,No,Urban,16,KNP,North India,8
0x2ee2,INDORES08DEL03,34.0,4.1,22.725748,75.898497,22.785747,75.958497,24-03-2022,19:15,19:20,Cloudy,Jam,0,Snack,motorcycle,1.0,No,Urban,32,IND,North India,19
0x1be6,RANCHIRES20DEL01,20.0,4.7,23.39925,85.390464,23.46925,85.460464,12-03-2022,22:30,22:45,Windy,Low,2,Buffet,electric_scooter,1.0,No,Urban,14,RAN,North India,22
0x2dad,JAPRES05DEL02,27.0,5.0,26.905287,75.794592,26.925287,75.814592,19-03-2022,10:40,10:55,Cloudy,Low,1,Snack,motorcycle,1.0,No,Urban,10,JAP,North India,10
0x4cfe,JAPRES12DEL01,24.0,4.7,26.902908,75.792934,26.972908,75.862934,06-03-2022,23:30,23:35,Windy,Low,0,Snack,motorcycle,0.0,No,Urban,16,JAP,North India,23
0xb7bd,JAPRES06DEL01,26.0,4.9,26.911927,75.797282,26.921927,75.807282,15-03-2022,08:25,08:30,Sunny,Low,1,Meal,motorcycle,1.0,No,Urban,18,JAP,North India,8
0xd5e2,DEHRES11DEL02,20.0,4.9,0.0,0.0,0.02,0.02,17-02-2022,11:40,11:45,Windy,High,2,Drinks,scooter,0.0,No,Urban,18,DEH,North India,11
0x7972,INDORES010DEL01,37.0,4.8,22.75004,75.902847,22.76004,75.912847,07-03-2022,08:35,08:40,Fog,Low,1,Buffet,motorcycle,1.0,No,Urban,17,IND,North India,8
0x7cba,RANCHIRES01DEL01,38.0,4.8,23.416792,85.316842,23.426792,85.326842,03-03-2022,09:25,09:35,Stormy,Low,2,Drinks,motorcycle,1.0,No,Urban,26,RAN,North India,9
0xb1cd,RANCHIRES09DEL03,21.0,4.6,23.351058,85.325731,23.411058,85.385731,03-04-2022,1,24:10:00,Sandstorms,Low,1,Meal,motorcycle,1.0,No,Urban,10,RAN,North India,1
0x664c,INDORES15DEL03,35.0,4.5,22.760072,75.892574,22.790072,75.922574,26-03-2022,20:15,20:25,Fog,Jam,1,Drinks,motorcycle,1.0,No,Urban,26,IND,North India,20
0xb52,JAPRES01DEL02,20.0,4.8,26.90519,75.810753,26.92519,75.830753,24-03-2022,11:35,11:50,Windy,High,0,Buffet,motorcycle,1.0,No,Urban,15,JAP,North India,11
0x1f23,JAPRES19DEL01,34.0,4.9,26.913726,75.75282,26.923726,75.762821,05-03-2022,09:40,09:50,Stormy,Low,2,Snack,scooter,0.0,No,Urban,26,JAP,North India,9
0xcd25,BHPRES01DEL02,29.0,4.5,23.211529,77.419399,23.261529,77.469399,15-02-2022,18:25,18:30,Fog,Medium,1,Drinks,scooter,1.0,No,Urban,14,BHP,North India,18
0xd303,ALHRES12DEL02,39.0,4.8,25.443994,81.860187,25.493994,81.910187,15-02-2022,21:30,21:40,Fog,Jam,0,Buffet,motorcycle,0.0,No,Urban,27,ALH,North India,21
0x49e9,INDORES04DEL03,31.0,4.9,22.753659,75.903365,22.843659,75.993365,27-03-2022,23:25,23:35,Sandstorms,Low,1,Drinks,scooter,1.0,No,Urban,18,IND,North India,23
0x8224,JAPRES09DEL02,38.0,4.0,26.911378,75.789034,26.991378,75.869034,16-03-2022,18:20,18:25,Cloudy,Medium,1,Snack,scooter,1.0,No,Urban,34,JAP,North India,18
0x4b7a,JAPRES12DEL03,37.0,4.7,26.902908,75.792934,26.962908,75.852934,21-03-2022,23:45,23:55,Cloudy,Low,2,Buffet,motorcycle,1.0,No,Urban,17,JAP,North India,23
0xda39,KNPRES14DEL01,39.0,4.0,26.463504,80.372929,26.573504,80.482929,12-02-2022,21:20,21:35,Cloudy,Jam,2,Buffet,scooter,1.0,No,Urban,46,KNP,North India,21
0xa797,INDORES11DEL01,29.0,4.1,22.751234,75.88949,22.761234,75.89949,07-03-2022,10:45,10:50,Windy,Low,0,Snack,motorcycle,0.0,No,Urban,20,IND,North India,10
0xde7d,AGRRES08DEL01,28.0,4.8,27.160934,78.044095,27.230934,78.114095,16-02-2022,21:10,21:15,Fog,Jam,0,Buffet,motorcycle,0.0,No,Urban,41,AGR,North India,21
0x22c0,INDORES11DEL01,27.0,4.9,22.751234,75.88949,22.761234,75.89949,24-03-2022,09:40,09:55,Sandstorms,Low,2,Buffet,motorcycle,1.0,No,Urban,17,IND,North India,9
0x9651,JAPRES14DEL01,36.0,4.7,26.88842,75.800689,26.99842,75.910689,20-03-2022,23:55,24:10:00,Fog,Low,2,Snack,electric_scooter,1.0,No,Urban,30,JAP,North India,23
0x97f,JAPRES19DEL02,32.0,4.4,26.913726,75.75282,27.043726,75.88282,10-03-2022,22:30,22:40,Fog,Low,0,Drinks,motorcycle,1.0,No,Urban,41,JAP,North India,22
0xb60b,RANCHIRES15DEL01,39.0,4.8,23.369746,85.33982,23.379746,85.34982,21-03-2022,09:25,09:35,Fog,Low,0,Snack,motorcycle,1.0,No,Urban,24,RAN,North India,9
0xae4b,INDORES12DEL01,22.0,4.6,22.74806,75.8934,22.85806,76.0034,27-03-2022,20:25,20:40,Windy,Jam,1,Buffet,scooter,1.0,No,Urban,18,IND,North India,20
0xc306,KNPRES07DEL02,21.0,4.9,26.472001,80.354002,26.522001,80.404002,15-02-2022,17:50,17:55,Sunny,Medium,0,Meal,motorcycle,1.0,No,Urban,17,KNP,North India,17
0x1177,JAPRES12DEL03,34.0,4.7,26.902908,75.792934,26.932908,75.822934,05-03-2022,23:15,23:25,Cloudy,Low,2,Drinks,scooter,0.0,No,Urban,15,JAP,North India,23
0x88eb,RANCHIRES01DEL01,35.0,4.4,23.416792,85.316842,23.486792,85.386842,06-03-2022,18:30,18:45,Windy,Medium,0,Drinks,motorcycle,0.0,No,Urban,35,RAN,North India,18
0x8726,JAPRES13DEL03,26.0,4.6,26.846156,75.8023,26.986156,75.9423,12-03-2022,17:55,18:10,Cloudy,Medium,1,Snack,scooter,1.0,No,Urban,31,JAP,North India,17
0xaeaf,RANCHIRES02DEL01,32.0,4.7,0.0,0.0,0.07,0.07,14-03-2022,21:30,21:40,Stormy,Jam,2,Buffet,electric_scooter,1.0,No,Urban,29,RAN,North India,21
0x3b7a,INDORES01DEL01,35.0,4.4,22.695207,75.866059,22.705207,75.876059,28-03-2022,11:25,11:40,Cloudy,High,1,Drinks,scooter,1.0,No,Urban,34,IND,North India,11
0x1ddb,JAPRES01DEL01,28.0,4.7,26.90519,75.810753,26.91519,75.820753,05-03-2022,08:45,08:50,Sandstorms,Low,2,Snack,electric_scooter,1.0,No,Urban,12,JAP,North India,8
0xc2cc,LUDHRES06DEL01,24.0,4.9,30.895204,75.822103,30.965204,75.892103,12-02-2022,19:30,19:40,Stormy,Jam,2,Drinks,scooter,0.0,No,Urban,26,LUD,North India,19
0x42bf,JAPRES09DEL01,24.0,4.8,26.911378,75.789034,26.921378,75.799034,03-04-2022,09:45,0.416666667,Stormy,Low,2,Buffet,scooter,0.0,No,Urban,10,JAP,North India,9
0x22cd,INDORES06DEL03,33.0,4.4,22.728163,75.884212,22.818163,75.974212,20-03-2022,19:25,19:35,Stormy,Jam,0,Buffet,motorcycle,1.0,No,Urban,44,IND,North India,19
0xc4ca,LUDHRES02DEL02,35.0,4.6,0.0,0.0,0.02,0.02,17-02-2022,08:55,09:10,Fog,Low,2,Buffet,scooter,0.0,No,Urban,18,LUD,North India,8
0xcddb,KOLRES06DEL01,34.0,4.5,22.533662,88.366217,22.603662,88.436217,14-02-2022,22:30,22:40,Cloudy,Low,1,Meal,motorcycle,1.0,No,Urban,26,KOL,North India,22
0x3ac2,RANCHIRES18DEL03,28.0,4.7,23.351489,85.324253,23.381489,85.354253,01-04-2022,20:50,20:55,Windy,Jam,2,Snack,motorcycle,0.0,No,Urban,14,RAN,North India,20
0xdabd,LUDHRES12DEL03,28.0,4.3,30.893244,75.821817,30.923244,75.851817,15-02-2022,19:25,19:30,Cloudy,Jam,1,Snack,motorcycle,0.0,No,Urban,33,LUD,North India,19
0x90cc,RANCHIRES18DEL03,26.0,4.9,23.351489,85.324253,23.441489,85.414253,27-03-2022,18:40,18:55,Sunny,Medium,1,Snack,motorcycle,0.0,No,Urban,14,RAN,North India,18
0xcc53,DEHRES12DEL01,26.0,5.0,0.0,0.0,0.01,0.01,15-02-2022,11:10,11:20,Stormy,High,2,Drinks,scooter,1.0,No,Urban,18,DEH,North India,11
0x96f3,INDORES07DEL03,32.0,4.1,22.722634,75.886959,22.812634,75.976959,02-03-2022,20:10,20:15,Windy,Jam,0,Meal,motorcycle,0.0,No,Urban,49,IND,North India,20
0x9c87,RANCHIRES14DEL02,38.0,4.8,0.0,0.0,0.05,0.05,07-03-2022,20:30,20:45,Cloudy,Jam,0,Meal,motorcycle,0.0,No,Urban,28,RAN,North India,20
0x6a35,INDORES18DEL02,30.0,4.5,22.753839,75.897429,22.773839,75.917429,01-03-2022,10:55,11:10,Cloudy,Low,0,Snack,motorcycle,1.0,No,Urban,22,IND,North India,10
0x74cf,RANCHIRES01DEL02,38.0,4.7,23.416792,85.316842,23.466792,85.366842,26-03-2022,21:25,21:35,Sandstorms,Jam,0,Drinks,motorcycle,1.0,No,Urban,41,RAN,North India,21
0x9168,JAPRES18DEL02,34.0,5.0,26.913987,75.752891,26.963987,75.802891,01-03-2022,20:35,20:45,Windy,Jam,0,Snack,motorcycle,0.0,No,Urban,31,JAP,North India,20
0xd0af,LUDHRES11DEL01,38.0,5.0,30.893081,75.821495,30.903081,75.831495,15-02-2022,09:50,0.416666667,Cloudy,Low,0,Meal,motorcycle,0.0,No,Urban,22,LUD,North India,9
0xd33e,ALHRES17DEL03,21.0,4.5,25.45235,81.841889,25.59235,81.981889,12-02-2022,22:30,22:45,Cloudy,Low,1,Snack,motorcycle,0.0,No,Urban,21,ALH,North India,22
0xda5e,LUDHRES06DEL02,32.0,4.7,30.895204,75.822103,30.975204,75.902103,16-02-2022,22:10,22:20,Sandstorms,Low,1,Meal,motorcycle,0.0,No,Urban,22,LUD,North India,22
0xcccf,ALHRES14DEL03,22.0,4.7,25.459775,81.834841,25.599775,81.974841,16-02-2022,22:50,23:05,Stormy,Low,0,Meal,motorcycle,1.0,No,Urban,23,ALH,North India,22
0x5e71,JAPRES06DEL01,20.0,5.0,26.911927,75.797282,27.021927,75.907282,14-03-2022,21:20,21:25,Windy,Jam,2,Buffet,scooter,0.0,No,Urban,17,JAP,North India,21
0xae7c,JAPRES19DEL03,35.0,4.8,26.913726,75.75282,26.943726,75.78282,13-03-2022,19:55,0.833333333,Fog,Jam,2,Snack,scooter,0.0,No,Urban,30,JAP,North India,19
0x2236,JAPRES13DEL01,28.0,4.5,26.846156,75.8023,26.856156,75.8123,01-04-2022,08:40,08:50,Windy,Low,2,Buffet,electric_scooter,0.0,No,Urban,13,JAP,North India,8
0x6e7e,INDORES04DEL03,32.0,5.0,22.753659,75.903365,22.843659,75.993365,29-03-2022,17:25,17:30,Sunny,Medium,0,Drinks,motorcycle,1.0,No,Urban,35,IND,North India,17
0x293b,RANCHIRES06DEL01,26.0,4.9,23.357804,85.325146,23.427804,85.395146,23-03-2022,1,24:10:00,Fog,Low,2,Meal,scooter,1.0,No,Urban,20,RAN,North India,1
0xc05c,KNPRES18DEL02,20.0,4.6,-26.474133,80.3481,26.604133,80.4781,12-02-2022,19:20,19:35,Sandstorms,Jam,1,Meal,motorcycle,0.0,No,Urban,22,KNP,North India,19
0xcb90,LUDHRES02DEL01,38.0,4.8,0.0,0.0,0.01,0.01,17-02-2022,09:15,09:30,Stormy,Low,2,Buffet,scooter,1.0,No,Urban,22,LUD,North India,9
0x8dca,INDORES20DEL01,26.0,4.5,22.732225,75.874765,22.742225,75.884765,21-03-2022,08:15,08:25,Windy,Low,2,Drinks,motorcycle,0.0,,Urban,11,IND,North India,8
0x5994,RANCHIRES12DEL02,28.0,4.6,0.0,0.0,0.02,0.02,26-03-2022,08:20,08:25,Stormy,Low,2,Drinks,scooter,0.0,No,Urban,18,RAN,North India,8
0x4505,INDORES02DEL01,39.0,4.9,22.651847,75.881991,22.691847,75.921991,03-04-2022,15:55,0.666666667,Cloudy,Medium,1,Drinks,motorcycle,1.0,No,Urban,18,IND,North India,15
0xab73,JAPRES07DEL02,38.0,5.0,26.766536,75.837333,26.896536,75.967333,25-03-2022,21:55,22:10,Sunny,Jam,0,Meal,motorcycle,2.0,No,Urban,40,JAP,North India,21
0xc1c4,ALHRES17DEL01,20.0,5.0,25.45235,81.841889,25.52235,81.911889,14-02-2022,18:25,18:40,Sandstorms,Medium,1,Drinks,motorcycle,1.0,No,Urban,16,ALH,North India,18
0xda8a,LUDHRES08DEL01,26.0,4.7,30.899992,75.831338,30.939992,75.871338,15-02-2022,13:55,14:05,Windy,High,0,Buffet,motorcycle,0.0,No,Urban,20,LUD,North India,13
0xde22,LUDHRES04DEL03,23.0,5.0,30.914057,75.83982,30.944057,75.86982,15-02-2022,17:50,18:05,Cloudy,Medium,1,Buffet,motorcycle,1.0,No,Urban,15,LUD,North India,17
0x1487,JAPRES20DEL02,26.0,4.9,26.956431,75.776649,27.006431,75.826649,05-03-2022,17:20,17:30,Cloudy,Medium,2,Snack,motorcycle,0.0,No,Urban,10,JAP,North India,17
0xd865,KOLRES13DEL02,39.0,4.8,22.553227,88.353273,22.633227,88.433273,12-02-2022,17:50,17:55,Stormy,Medium,2,Snack,scooter,0.0,No,Urban,28,KOL,North India,17
0xcaf4,LUDHRES010DEL03,34.0,4.6,30.89286,75.822199,31.03286,75.962199,18-02-2022,23:45,1,Sandstorms,Low,0,Snack,motorcycle,1.0,No,Urban,21,LUD,North India,23
0xce57,ALHRES11DEL02,30.0,4.8,0.0,0.0,0.05,0.05,11-02-2022,18:30,18:40,Fog,Medium,2,Meal,motorcycle,1.0,No,Urban,16,ALH,North India,18
0xd053,KNPRES02DEL01,21.0,4.5,26.471617,80.313564,26.481617,80.323564,13-02-2022,11:40,11:55,Sunny,High,2,Meal,scooter,0.0,No,Urban,12,KNP,North India,11
0x1c4d,JAPRES16DEL01,25.0,4.6,26.849596,75.800512,26.859596,75.810512,01-03-2022,09:40,09:45,Cloudy,Low,0,Buffet,motorcycle,1.0,No,Urban,19,JAP,North India,9
0xe132,AGRRES15DEL02,34.0,4.6,0.0,0.0,0.02,0.02,17-02-2022,11:35,11:50,Cloudy,High,2,Snack,electric_scooter,1.0,No,Urban,28,AGR,North India,11
0x335d,RANCHIRES16DEL02,31.0,4.6,23.371292,85.327872,23.501292,85.457872,14-03-2022,19:35,19:40,Sandstorms,Jam,2,Meal,electric_scooter,0.0,No,Urban,29,RAN,North India,19
0xc231,KOLRES02DEL01,33.0,4.9,22.514585,88.39331,22.524585,88.40331,17-02-2022,11:10,11:15,Sandstorms,High,2,Meal,electric_scooter,1.0,No,Urban,33,KOL,North India,11
0xd1b2,DEHRES02DEL01,35.0,4.6,0.0,0.0,0.01,0.01,15-02-2022,09:40,09:55,Cloudy,Low,2,Buffet,scooter,0.0,No,Urban,15,DEH,North India,9
0xd8f6,DEHRES05DEL03,26.0,4.5,30.346994,78.062543,30.406994,78.122543,15-02-2022,17:55,18:05,Windy,Medium,1,Snack,motorcycle,1.0,No,Urban,26,DEH,North India,17
0x9d92,INDORES02DEL01,29.0,4.9,22.651847,75.881991,22.721847,75.951991,20-03-2022,21:10,21:20,Cloudy,Jam,1,Buffet,scooter,0.0,No,Urban,30,IND,North India,21
0xd517,KOLRES15DEL01,24.0,4.8,22.552672,88.352885,22.592672,88.392885,11-02-2022,12:55,13:10,Windy,High,1,Meal,motorcycle,1.0,No,Urban,20,KOL,North India,12
0xadad,INDORES08DEL01,31.0,4.9,22.725748,75.898497,22.835748,76.008497,23-03-2022,18:20,18:25,Sunny,Medium,2,Buffet,scooter,1.0,No,Urban,27,IND,North India,18
0xa7ea,INDORES07DEL01,21.0,4.1,22.722634,75.886959,22.792634,75.956959,04-04-2022,19:50,0.833333333,Stormy,Jam,0,Meal,motorcycle,0.0,No,Urban,31,IND,North India,19
0x4988,JAPRES13DEL01,37.0,4.9,26.846156,75.8023,26.886156,75.8423,07-03-2022,15:30,15:40,Windy,Medium,0,Buffet,motorcycle,1.0,No,Urban,30,JAP,North India,15
0xdf28,KNPRES04DEL03,29.0,4.7,26.471529,80.313458,26.561529,80.403458,12-02-2022,20:10,20:25,Fog,Jam,0,Buffet,motorcycle,1.0,Yes,Urban,48,KNP,North India,20
0x40c1,RANCHIRES07DEL03,23.0,4.8,23.359407,85.325055,23.419407,85.385055,15-03-2022,21:55,22:10,Windy,Jam,1,Meal,motorcycle,0.0,No,Urban,11,RAN,North India,21
0xc0a8,BHPRES02DEL02,24.0,4.9,0.0,0.0,0.13,0.13,12-02-2022,22:45,22:55,Windy,Low,0,Buffet,motorcycle,1.0,No,Urban,19,BHP,North India,22
0xdd5c,KOLRES11DEL01,23.0,4.6,22.577821,88.400581,22.687821,88.510581,18-02-2022,20:20,20:25,Windy,Jam,1,Buffet,motorcycle,1.0,No,Urban,28,KOL,North India,20
0x1099,JAPRES07DEL02,38.0,4.5,26.766536,75.837333,26.786536,75.857333,01-04-2022,11:10,11:20,Sandstorms,High,2,Drinks,electric_scooter,0.0,No,Urban,29,JAP,North India,11
0x6496,INDORES08DEL02,37.0,4.9,22.725748,75.898497,22.745748,75.918497,17-03-2022,09:15,09:25,Sunny,Low,0,Snack,motorcycle,1.0,No,Urban,22,IND,North India,9
0x1d92,JAPRES19DEL03,20.0,4.6,26.913726,75.75282,27.003726,75.842821,18-03-2022,20:25,20:40,Fog,Jam,2,Drinks,scooter,1.0,No,Urban,31,JAP,North India,20
0x1dd6,RANCHIRES18DEL03,35.0,4.9,23.351489,85.324253,23.381489,85.354253,19-03-2022,17:10,17:20,Stormy,Medium,1,Snack,motorcycle,0.0,No,Urban,29,RAN,North India,17
0x67f3,JAPRES07DEL01,33.0,4.9,26.766536,75.837333,26.776536,75.847333,15-03-2022,08:50,09:05,Windy,Low,1,Snack,scooter,0.0,No,Urban,23,JAP,North India,8
0x8b7b,JAPRES06DEL03,30.0,4.6,26.911927,75.797282,26.941927,75.827282,19-03-2022,23:15,23:20,Windy,Low,1,Drinks,scooter,0.0,No,Urban,27,JAP,North India,23
0x40b3,JAPRES20DEL03,33.0,4.6,26.956431,75.776649,27.046431,75.866649,14-03-2022,18:40,18:45,Fog,Medium,1,Buffet,motorcycle,0.0,No,Urban,30,JAP,North India,18
0x9052,JAPRES05DEL02,20.0,4.9,26.905287,75.794592,26.955287,75.844592,28-03-2022,23:55,24:05:00,Fog,Low,1,Drinks,scooter,1.0,No,Urban,14,JAP,North India,23
0xabe6,RANCHIRES18DEL01,28.0,4.6,23.351489,85.324253,23.361489,85.334253,07-03-2022,10:50,11:05,Sandstorms,Low,2,Snack,scooter,,No,Urban,13,RAN,North India,10
0x8cce,INDORES04DEL02,21.0,5.0,22.753659,75.903365,22.803659,75.953365,05-04-2022,23:35,23:45,Stormy,Low,2,Snack,scooter,0.0,,Urban,10,IND,North India,23
0x83f5,INDORES14DEL01,24.0,4.0,22.761593,75.886362,22.871593,75.996362,04-04-2022,19:55,0.833333333,Fog,Jam,2,Meal,motorcycle,1.0,No,Urban,32,IND,North India,19
0x257b,INDORES18DEL02,33.0,5.0,22.753839,75.897429,22.883838,76.027429,04-04-2022,18:50,0.791666667,Sunny,Medium,0,Drinks,motorcycle,0.0,No,Urban,34,IND,North India,18
0x7760,RANCHIRES18DEL03,20.0,4.5,23.351489,85.324253,23.381489,85.354253,03-03-2022,18:10,18:25,Cloudy,Medium,2,Drinks,electric_scooter,1.0,No,Urban,19,RAN,North India,18
0x7933,JAPRES04DEL03,38.0,4.7,26.902328,75.794257,27.042328,75.934257,06-04-2022,23:30,23:45,Fog,Low,1,Meal,scooter,1.0,No,Urban,30,JAP,North India,23
0xdcb1,DEHRES19DEL01,30.0,4.7,30.372202,78.077151,30.382202,78.087151,15-02-2022,11:55,12:10,Stormy,High,1,Meal,scooter,0.0,No,Urban,31,DEH,North India,11
0xd14b,LUDHRES03DEL02,32.0,4.8,30.88722,75.804893,30.90722,75.824893,11-02-2022,09:25,09:35,Sunny,Low,2,Buffet,scooter,0.0,No,Urban,17,LUD,North India,9
0x7121,JAPRES19DEL01,22.0,4.7,26.913726,75.75282,26.923726,75.762821,17-03-2022,08:45,0.375,Sandstorms,Low,1,Drinks,motorcycle,1.0,No,Urban,19,JAP,North India,8
0x6bee,JAPRES01DEL03,37.0,4.7,26.90519,75.810753,26.93519,75.840753,11-03-2022,18:25,18:40,Stormy,Medium,0,Drinks,motorcycle,1.0,No,Urban,28,JAP,North India,18
0xc662,ALHRES06DEL01,35.0,4.9,0.0,0.0,0.11,0.11,16-02-2022,17:20,17:35,Sunny,Medium,0,Drinks,motorcycle,1.0,No,Urban,39,ALH,North India,17
0x5f4e,RANCHIRES18DEL01,28.0,4.9,23.351489,85.324253,23.361489,85.334253,03-03-2022,11:30,11:40,Windy,High,2,Buffet,scooter,1.0,No,Urban,14,RAN,North India,11
0xc77d,KOLRES01DEL03,28.0,4.7,22.514688,88.393294,22.544688,88.423294,17-02-2022,21:35,21:40,Sunny,Jam,2,Drinks,motorcycle,0.0,No,Urban,12,KOL,North India,21
0xbad0,RANCHIRES01DEL01,31.0,4.9,23.416792,85.316842,23.426792,85.326842,28-03-2022,11:40,11:50,Sandstorms,High,2,Meal,electric_scooter,1.0,No,Urban,25,RAN,North India,11
0x278f,INDORES07DEL02,38.0,4.9,22.722634,75.886959,22.742634,75.906959,03-04-2022,08:25,08:40,Stormy,Low,1,Drinks,motorcycle,0.0,No,Urban,22,IND,North India,8
0xa48d,RANCHIRES06DEL01,25.0,4.4,23.357804,85.325146,23.427804,85.395146,14-03-2022,18:50,19:05,Fog,Medium,1,Drinks,motorcycle,1.0,No,Urban,32,RAN,North India,18
0x4802,JAPRES20DEL02,29.0,4.6,26.956431,75.776649,27.036431,75.856649,20-03-2022,22:40,22:50,Cloudy,Low,0,Snack,motorcycle,1.0,No,Urban,20,JAP,North India,22
0xc7c0,ALHRES14DEL01,22.0,4.8,25.459775,81.834841,25.499775,81.874841,13-02-2022,15:55,16:10,Windy,Medium,1,Drinks,motorcycle,1.0,No,Urban,29,ALH,North India,15
0xe284,ALHRES18DEL03,35.0,4.8,25.450317,81.831681,25.590317,81.971681,12-02-2022,23:45,1,Windy,Low,0,Buffet,motorcycle,1.0,No,Urban,26,ALH,North India,23
0xc1f3,ALHRES18DEL02,23.0,4.8,25.450317,81.831681,25.530317,81.911681,18-02-2022,21:30,21:45,Cloudy,Jam,0,Buffet,motorcycle,1.0,No,Urban,35,ALH,North India,21
0x719f,JAPRES08DEL02,24.0,4.9,26.910262,75.783013,26.960262,75.833013,13-03-2022,23:40,23:55,Windy,Low,1,Snack,scooter,0.0,No,Urban,12,JAP,North India,23
0x10f6,JAPRES02DEL01,38.0,4.5,26.914142,75.805704,26.984142,75.875704,23-03-2022,17:20,17:35,Stormy,Medium,1,Drinks,motorcycle,1.0,No,Urban,38,JAP,North India,17
0xcea8,LUDHRES19DEL03,37.0,4.8,30.902872,75.826808,30.932872,75.856808,17-02-2022,20:30,20:40,Fog,Jam,0,Meal,motorcycle,0.0,No,Urban,26,LUD,North India,20
0x17c4,RANCHIRES07DEL01,31.0,4.8,23.359407,85.325055,23.369407,85.335055,03-04-2022,09:20,09:35,Fog,Low,0,Snack,motorcycle,1.0,No,Urban,28,RAN,North India,9
0xbdfe,INDORES16DEL01,21.0,4.7,22.744648,75.894377,22.784648,75.934377,26-03-2022,12:50,12:55,Windy,High,0,Snack,motorcycle,1.0,No,Urban,15,IND,North India,12
0xd806,KNPRES19DEL01,34.0,4.4,26.49095,80.318656,26.60095,80.428656,12-02-2022,17:20,17:35,Sandstorms,Medium,0,Buffet,motorcycle,1.0,No,Urban,48,KNP,North India,17
0xc614,DEHRES04DEL03,36.0,4.9,30.340722,78.060221,30.370722,78.090221,11-02-2022,1,24:10:00,Sunny,Low,1,Drinks,motorcycle,0.0,No,Urban,11,DEH,North India,1
0x4a90,RANCHIRES010DEL01,35.0,4.1,23.354422,85.3329,23.394422,85.3729,05-04-2022,14:45,14:55,Sandstorms,High,0,Drinks,motorcycle,2.0,No,Urban,32,RAN,North India,14
0xd342,ALHRES11DEL03,24.0,4.3,0.0,0.0,0.06,0.06,15-02-2022,22:30,22:40,Stormy,Low,0,Snack,motorcycle,1.0,No,Urban,28,ALH,North India,22
0xa1f,JAPRES12DEL01,27.0,4.6,26.902908,75.792934,26.942908,75.832934,21-03-2022,15:45,0.666666667,Fog,Medium,1,Drinks,motorcycle,1.0,No,Urban,11,JAP,North India,15
0xdf27,LUDHRES09DEL02,25.0,5.0,30.885814,75.786976,30.935814,75.836976,11-02-2022,22:40,22:45,Cloudy,Low,2,Snack,scooter,1.0,No,Urban,10,LUD,North India,22
0xc525,KOLRES20DEL01,32.0,4.7,22.514119,88.362504,22.524119,88.372504,17-02-2022,08:50,0.375,Cloudy,Low,2,Meal,scooter,1.0,No,Urban,18,KOL,North India,8
0xba41,RANCHIRES02DEL01,29.0,4.4,0.0,0.0,0.01,0.01,01-03-2022,10:30,10:35,Windy,Low,0,Meal,motorcycle,1.0,No,Urban,25,RAN,North India,10
0x3d2f,JAPRES14DEL02,26.0,4.6,26.88842,75.800689,26.93842,75.850689,15-03-2022,17:25,17:40,Stormy,Medium,1,Snack,motorcycle,1.0,No,Urban,23,JAP,North India,17
0xc7a2,AGRRES18DEL03,34.0,4.7,27.161694,78.034714,27.221694,78.094714,13-02-2022,18:35,18:40,Cloudy,Medium,2,Buffet,scooter,1.0,No,Urban,19,AGR,North India,18
0xd6f4,BHPRES17DEL02,23.0,4.5,23.218998,77.373573,23.298998,77.453573,16-02-2022,19:25,19:40,Windy,Jam,2,Meal,electric_scooter,1.0,No,Urban,20,BHP,North India,19
0x4b61,JAPRES03DEL01,39.0,4.6,26.913483,75.803139,27.023483,75.913139,18-03-2022,23:25,23:30,Fog,Low,0,Drinks,motorcycle,1.0,No,Urban,37,JAP,North India,23
0x304a,RANCHIRES11DEL01,29.0,3.5,23.359194,85.325447,23.469194,85.435447,12-03-2022,22:30,22:45,Sunny,Low,2,Drinks,scooter,1.0,No,Urban,34,RAN,North India,22
0x3131,RANCHIRES15DEL02,31.0,4.7,23.369746,85.33982,23.419746,85.38982,19-03-2022,22:55,23:05,Sunny,Low,0,Snack,motorcycle,1.0,No,Urban,27,RAN,North India,22
0x1b45,JAPRES12DEL01,20.0,2.8,26.902908,75.792934,27.012908,75.902934,29-03-2022,22:55,0.958333333,Sunny,Low,1,Drinks,scooter,2.0,No,Urban,39,JAP,North India,22
0xd50c,KOLRES03DEL01,32.0,4.7,22.526461,88.364453,22.636461,88.474453,14-02-2022,23:45,1,Windy,Low,2,Snack,scooter,0.0,No,Urban,16,KOL,North India,23
0x4ad3,JAPRES06DEL03,26.0,3.4,26.911927,75.797282,27.001927,75.887282,18-03-2022,22:25,22:35,Sunny,Low,1,Meal,motorcycle,2.0,No,Urban,39,JAP,North India,22
0x77a5,INDORES15DEL03,36.0,4.9,22.760072,75.892574,22.820072,75.952574,30-03-2022,19:10,19:20,Sunny,Jam,2,Drinks,motorcycle,1.0,No,Urban,19,IND,North India,19
0x251e,RANCHIRES14DEL02,37.0,5.0,0.0,0.0,0.02,0.02,09-03-2022,10:30,10:35,Cloudy,Low,2,Drinks,scooter,0.0,No,Urban,19,RAN,North India,10
0xc088,BHPRES07DEL03,23.0,4.7,0.0,0.0,0.03,0.03,17-02-2022,21:45,0.916666667,Fog,Jam,1,Meal,motorcycle,1.0,No,Urban,30,BHP,North India,21
0xd944,KOLRES16DEL01,22.0,4.5,22.539129,88.365507,22.579129,88.405507,15-02-2022,15:45,15:55,Windy,Medium,0,Snack,motorcycle,1.0,No,Urban,16,KOL,North India,15
0xdda1,KOLRES05DEL02,34.0,4.8,22.527893,88.368628,22.657893,88.498628,14-02-2022,18:55,0.791666667,Sandstorms,Medium,1,Drinks,motorcycle,1.0,No,Urban,30,KOL,North India,18
0x456e,JAPRES15DEL03,26.0,4.2,26.891191,75.802083,26.921191,75.832083,24-03-2022,23:20,23:25,Sandstorms,Low,0,Meal,motorcycle,1.0,No,Urban,15,JAP,North India,23
0x5b01,RANCHIRES04DEL01,33.0,4.5,23.359033,85.325347,23.399033,85.365347,24-03-2022,14:40,14:50,Sunny,High,2,Drinks,electric_scooter,0.0,No,Urban,15,RAN,North India,14
0xd8f3,LUDHRES03DEL01,20.0,4.7,30.88722,75.804893,30.89722,75.814893,13-02-2022,09:50,0.416666667,Sandstorms,Low,2,Meal,scooter,0.0,No,Urban,12,LUD,North India,9
0xd9cc,LUDHRES16DEL03,37.0,4.9,30.895817,75.813112,31.035817,75.953112,16-02-2022,21:35,21:50,Fog,Jam,0,Drinks,motorcycle,1.0,No,Urban,47,LUD,North India,21
0xc531,KOLRES14DEL01,26.0,5.0,22.552996,88.35231,22.562996,88.36231,13-02-2022,08:40,08:55,Sunny,Low,0,Meal,motorcycle,0.0,No,Urban,13,KOL,North India,8
0xdcef,DEHRES03DEL01,32.0,4.8,30.335259,78.053162,30.405259,78.123162,18-02-2022,23:50,23:55,Stormy,Low,0,Drinks,motorcycle,1.0,No,Urban,28,DEH,North India,23
0x8c30,INDORES06DEL01,20.0,4.5,22.728163,75.884212,22.738163,75.894212,24-03-2022,08:45,08:50,Sandstorms,Low,1,Snack,scooter,0.0,No,Urban,15,IND,North India,8
0xa1a9,INDORES15DEL01,34.0,4.5,22.760072,75.892574,22.870072,76.002574,04-03-2022,17:45,0.75,Stormy,Medium,1,Snack,scooter,0.0,No,Urban,25,IND,North India,17
0x9bd2,RANCHIRES15DEL01,28.0,5.0,23.369746,85.33982,23.439746,85.40982,06-04-2022,1,24:05:00,Sunny,Low,0,Snack,motorcycle,1.0,No,Urban,25,RAN,North India,1
0x1ce2,JAPRES02DEL02,38.0,4.6,26.914142,75.805704,26.964142,75.855704,19-03-2022,17:10,17:15,Cloudy,Medium,0,Drinks,motorcycle,0.0,No,Urban,26,JAP,North India,17
0x5908,RANCHIRES02DEL03,27.0,4.9,0.0,0.0,0.06,0.06,09-03-2022,17:10,17:20,Sandstorms,Medium,1,Buffet,motorcycle,1.0,No,Urban,24,RAN,North India,17
0x7449,RANCHIRES02DEL02,26.0,5.0,0.0,0.0,0.13,0.13,06-03-2022,1,24:15:00,Stormy,Low,1,Drinks,motorcycle,0.0,No,Urban,11,RAN,North India,1
0x64a2,RANCHIRES19DEL02,32.0,4.4,23.333017,85.3172,23.353017,85.3372,13-03-2022,08:20,08:25,Stormy,Low,0,Buffet,motorcycle,0.0,No,Urban,27,RAN,North India,8
0xd2f2,DEHRES19DEL03,38.0,5.0,30.372202,78.077151,30.402202,78.107151,17-02-2022,19:20,19:25,Sandstorms,Jam,1,Drinks,motorcycle,1.0,No,Urban,27,DEH,North India,19
0xdbe0,AGRRES05DEL01,20.0,4.9,27.201725,78.007553,27.271725,78.077553,14-02-2022,18:55,0.791666667,Sunny,Medium,0,Snack,motorcycle,1.0,No,Urban,24,AGR,North India,18
0xcdd5,DEHRES18DEL02,21.0,4.9,0.0,0.0,0.13,0.13,16-02-2022,17:30,17:45,Sunny,Medium,2,Buffet,electric_scooter,,No,Urban,13,DEH,North India,17
0x378d,RANCHIRES07DEL01,33.0,4.5,23.359407,85.325055,23.399407,85.365055,05-03-2022,14:45,14:55,Sandstorms,High,2,Snack,motorcycle,1.0,No,Urban,30,RAN,North India,14
0xd573,LUDHRES05DEL03,36.0,4.8,30.905562,75.832841,30.995562,75.922841,14-02-2022,17:30,17:45,Sandstorms,Medium,0,Snack,motorcycle,0.0,No,Urban,34,LUD,North India,17
0x9164,INDORES14DEL01,29.0,4.6,22.761593,75.886362,22.771593,75.896362,07-03-2022,10:15,10:20,Windy,Low,2,Snack,electric_scooter,0.0,No,Urban,11,IND,North India,10
0x1531,JAPRES03DEL03,29.0,4.7,26.913483,75.803139,26.973483,75.863139,03-03-2022,19:30,19:45,Cloudy,Jam,0,Drinks,motorcycle,0.0,No,Urban,29,JAP,North India,19
0xe16a,ALHRES05DEL02,35.0,4.7,25.457687,81.835585,25.507687,81.885585,11-02-2022,22:25,22:40,Sunny,Low,2,Buffet,scooter,0.0,No,Urban,11,ALH,North India,22
0xa1c3,INDORES12DEL01,26.0,5.0,22.74806,75.8934,22.78806,75.9334,11-03-2022,14:40,14:55,Sandstorms,High,2,Meal,scooter,1.0,No,Urban,22,IND,North India,14
0xd7c3,ALHRES11DEL01,31.0,5.0,0.0,0.0,0.07,0.07,18-02-2022,1,24:10:00,Sandstorms,Low,0,Meal,motorcycle,1.0,No,Urban,28,ALH,North India,1
0xc89d,AGRRES03DEL02,23.0,4.8,27.160832,78.011608,27.290832,78.141608,12-02-2022,22:35,22:50,Cloudy,Low,0,Meal,motorcycle,1.0,No,Urban,23,AGR,North India,22
0xd78f,KNPRES17DEL01,28.0,4.7,26.483042,80.317833,26.493042,80.327833,13-02-2022,10:50,0.458333333,Stormy,Low,2,Meal,motorcycle,1.0,No,Urban,12,KNP,North India,10
0x9d5a,RANCHIRES09DEL02,24.0,4.6,23.351058,85.325731,23.431058,85.405731,06-03-2022,19:40,19:45,Fog,Jam,0,Meal,motorcycle,3.0,No,Urban,49,RAN,North India,19
0xcfbe,DEHRES03DEL03,39.0,4.6,30.335259,78.053162,30.395259,78.113162,15-02-2022,21:55,0.916666667,Cloudy,Jam,2,Meal,scooter,0.0,No,Urban,30,DEH,North India,21
0x12bd,JAPRES03DEL01,26.0,5.0,26.913483,75.803139,26.953483,75.843139,03-03-2022,15:10,15:20,Sunny,Medium,0,Snack,motorcycle,1.0,No,Urban,19,JAP,North India,15
0xa29f,RANCHIRES20DEL03,28.0,4.9,23.39925,85.390464,23.48925,85.480464,06-03-2022,18:50,18:55,Windy,Medium,2,Meal,scooter,0.0,No,Urban,29,RAN,North India,18
0xcb31,KNPRES14DEL03,29.0,4.8,26.463504,80.372929,26.553504,80.462929,12-02-2022,20:40,20:55,Sunny,Jam,2,Meal,motorcycle,0.0,No,Urban,19,KNP,North India,20
0x81f1,INDORES06DEL03,27.0,4.9,22.728163,75.884212,22.818163,75.974212,02-03-2022,22:15,22:30,Stormy,Low,2,Snack,scooter,0.0,No,Urban,15,IND,North India,22
0xda6d,AGRRES06DEL02,25.0,5.0,0.0,0.0,0.05,0.05,17-02-2022,21:45,21:50,Fog,Jam,0,Buffet,motorcycle,1.0,No,Urban,26,AGR,North India,21
0x4bb5,INDORES12DEL03,36.0,4.8,22.74806,75.8934,22.80806,75.9534,30-03-2022,21:20,21:25,Fog,Jam,0,Meal,motorcycle,0.0,No,Urban,28,IND,North India,21
0xd3a9,KOLRES16DEL02,29.0,4.5,22.539129,88.365507,22.669129,88.495507,18-02-2022,1,24:15:00,Sandstorms,Low,1,Drinks,scooter,,No,Urban,19,KOL,North India,1
0xb5de,INDORES010DEL03,30.0,4.6,22.75004,75.902847,22.81004,75.962847,09-03-2022,17:20,17:35,Cloudy,Medium,1,Snack,motorcycle,0.0,No,Urban,18,IND,North India,17
0x2264,JAPRES02DEL01,23.0,4.7,26.914142,75.805704,26.954142,75.845704,11-03-2022,13:10,13:20,Windy,High,0,Buffet,motorcycle,0.0,No,Urban,15,JAP,North India,13
0x4811,INDORES17DEL02,25.0,4.3,22.761226,75.887522,22.841226,75.967522,14-03-2022,20:30,20:35,Cloudy,Jam,1,Drinks,scooter,1.0,No,Urban,38,IND,North India,20
0x408c,RANCHIRES11DEL03,32.0,4.0,23.359194,85.325447,23.389194,85.355447,28-03-2022,20:35,20:45,Stormy,Jam,1,Buffet,motorcycle,1.0,No,Urban,31,RAN,North India,20
0x5f05,INDORES07DEL02,20.0,4.8,22.722634,75.886959,22.772634,75.936959,01-04-2022,21:35,21:50,Sunny,Jam,1,Drinks,scooter,0.0,No,Urban,10,IND,North India,21
0xaf7d,RANCHIRES20DEL03,22.0,4.7,23.39925,85.390464,23.45925,85.450464,15-03-2022,17:10,17:20,Cloudy,Medium,1,Meal,scooter,1.0,No,Urban,19,RAN,North India,17
0xa846,JAPRES03DEL02,32.0,4.7,26.913483,75.803139,27.043483,75.933139,25-03-2022,21:55,22:05,Stormy,Jam,1,Drinks,scooter,0.0,No,Urban,26,JAP,North India,21
0xcbd2,KOLRES08DEL01,24.0,4.5,22.53796,88.349843,22.60796,88.419843,16-02-2022,21:35,21:45,Windy,Jam,2,Meal,motorcycle,1.0,No,Urban,15,KOL,North India,21
0xc4c8,DEHRES02DEL03,34.0,4.2,0.0,0.0,0.09,0.09,14-02-2022,18:50,19:05,Windy,Medium,0,Snack,motorcycle,1.0,No,Urban,41,DEH,North India,18
0x4ddf,JAPRES04DEL03,24.0,4.8,26.902328,75.794257,26.962328,75.854257,11-03-2022,18:40,18:45,Cloudy,Medium,1,Buffet,scooter,0.0,No,Urban,12,JAP,North India,18
0x5b36,INDORES15DEL03,37.0,4.9,22.760072,75.892574,22.820072,75.952574,09-03-2022,18:45,18:55,Cloudy,Medium,0,Buffet,motorcycle,1.0,No,Urban,29,IND,North India,18
0x36de,JAPRES08DEL01,36.0,4.8,26.910262,75.783013,26.920262,75.793013,13-03-2022,09:55,10:05,Cloudy,Low,1,Meal,scooter,0.0,No,Urban,18,JAP,North India,9
0x6deb,RANCHIRES19DEL01,37.0,4.9,23.333017,85.3172,23.343017,85.3272,05-03-2022,10:40,10:55,Windy,Low,1,Buffet,motorcycle,1.0,No,Urban,26,RAN,North India,10
0x6cfc,RANCHIRES13DEL03,21.0,4.9,23.374989,85.335486,23.404989,85.365486,26-03-2022,23:25,23:40,Sunny,Low,1,Drinks,motorcycle,1.0,No,Urban,23,RAN,North India,23
0x6c56,RANCHIRES08DEL03,23.0,4.7,23.353783,85.326967,23.413783,85.386967,05-04-2022,22:35,22:50,Sunny,Low,2,Buffet,scooter,1.0,No,Urban,22,RAN,North India,22
0xb0bb,JAPRES13DEL03,31.0,4.1,26.846156,75.8023,26.986156,75.9423,14-03-2022,21:45,21:50,Fog,Jam,1,Drinks,motorcycle,1.0,No,Urban,43,JAP,North India,21
0xdf72,KNPRES17DEL03,26.0,4.7,26.483042,80.317833,26.513042,80.347833,15-02-2022,23:40,23:50,Stormy,Low,1,Meal,scooter,1.0,No,Urban,19,KNP,North India,23
0x7403,RANCHIRES04DEL01,31.0,4.6,23.359033,85.325347,23.369033,85.335347,07-03-2022,10:45,10:50,Sandstorms,Low,2,Meal,scooter,1.0,No,Urban,28,RAN,North India,10
0xc8e4,KOLRES14DEL02,20.0,4.6,22.552996,88.35231,22.632996,88.43231,12-02-2022,17:55,0.75,Stormy,Medium,1,Snack,scooter,0.0,No,Urban,23,KOL,North India,17
0xd224,DEHRES11DEL03,21.0,4.9,0.0,0.0,0.06,0.06,15-02-2022,21:35,21:45,Sunny,Jam,2,Buffet,motorcycle,0.0,No,Urban,17,DEH,North India,21
0x4b47,RANCHIRES010DEL01,29.0,4.7,23.354422,85.3329,23.464422,85.4429,06-03-2022,23:20,23:30,Cloudy,Low,0,Drinks,motorcycle,1.0,No,Urban,22,RAN,North India,23
0x627e,JAPRES11DEL02,38.0,4.7,26.90294,75.793007,26.92294,75.813007,21-03-2022,10:50,10:55,Sunny,Low,0,Drinks,motorcycle,1.0,No,Urban,29,JAP,North India,10
0xcb5a,KOLRES01DEL02,34.0,4.5,22.514688,88.393294,22.564688,88.443294,11-02-2022,18:35,18:40,Fog,Medium,2,Drinks,electric_scooter,1.0,No,Urban,18,KOL,North India,18
0x2bc9,RANCHIRES08DEL03,35.0,4.6,23.353783,85.326967,23.383783,85.356967,09-03-2022,23:25,23:35,Cloudy,Low,1,Snack,scooter,0.0,No,Urban,15,RAN,North India,23
0xd59a,LUDHRES13DEL02,37.0,4.6,30.893234,75.82172,30.943234,75.87172,11-02-2022,23:35,23:50,Windy,Low,1,Meal,scooter,1.0,No,Urban,23,LUD,North India,23
0x5116,RANCHIRES07DEL02,23.0,4.8,23.359407,85.325055,23.489407,85.455055,14-03-2022,23:45,23:55,Cloudy,Low,0,Snack,motorcycle,1.0,No,Urban,20,RAN,North India,23
0x5d78,JAPRES18DEL02,37.0,4.5,26.913987,75.752891,26.993987,75.832891,02-03-2022,23:10,23:25,Windy,Low,2,Buffet,motorcycle,,No,Urban,26,JAP,North India,23
0xb41a,JAPRES20DEL02,22.0,4.8,26.956431,75.776649,27.036431,75.856649,14-03-2022,20:35,20:50,Cloudy,Jam,1,Snack,motorcycle,0.0,No,Urban,44,JAP,North India,20
0x121c,JAPRES15DEL03,31.0,4.7,26.891191,75.802083,27.031191,75.942083,16-03-2022,22:35,22:40,Fog,Low,1,Snack,scooter,1.0,No,Urban,30,JAP,North India,22
0x5ffe,INDORES18DEL02,31.0,4.8,22.753839,75.897429,22.833838,75.977429,23-03-2022,22:15,22:30,Sunny,Low,1,Snack,motorcycle,0.0,No,Urban,28,IND,North India,22
0x533d,JAPRES02DEL01,35.0,4.5,26.914142,75.805704,26.924142,75.815704,01-04-2022,10:40,10:45,Fog,Low,1,Drinks,motorcycle,1.0,No,Urban,17,JAP,North India,10
0x1426,RANCHIRES01DEL01,24.0,4.7,23.416792,85.316842,23.426792,85.326842,24-03-2022,09:25,09:35,Cloudy,Low,2,Drinks,scooter,,No,Urban,15,RAN,North India,9
0xc4e7,KOLRES01DEL02,20.0,4.9,22.514688,88.393294,22.534688,88.413294,13-02-2022,08:35,08:45,Windy,Low,1,Buffet,scooter,0.0,No,Urban,10,KOL,North India,8
0x8603,JAPRES15DEL03,22.0,4.8,26.891191,75.802083,26.981191,75.892083,31-03-2022,22:25,22:40,Sunny,Low,0,Buffet,motorcycle,0.0,No,Urban,26,JAP,North India,22
0x4788,RANCHIRES06DEL02,39.0,4.4,23.357804,85.325146,23.407804,85.375146,19-03-2022,21:30,21:40,Fog,Jam,1,Meal,motorcycle,1.0,No,Urban,32,RAN,North India,21
0x1674,RANCHIRES19DEL03,38.0,4.3,23.333017,85.3172,23.423017,85.4072,20-03-2022,19:10,19:15,Sandstorms,Jam,2,Meal,motorcycle,2.0,No,Urban,41,RAN,North India,19
0xdb41,LUDHRES20DEL01,25.0,5.0,30.885915,75.788259,30.955915,75.858259,14-02-2022,19:15,19:30,Cloudy,Jam,1,Buffet,scooter,0.0,No,Urban,32,LUD,North India,19
0x608a,JAPRES04DEL02,39.0,4.6,26.902328,75.794257,26.982328,75.874257,20-03-2022,18:45,0.791666667,Sandstorms,Medium,2,Meal,motorcycle,1.0,No,Urban,22,JAP,North India,18
0x2f8e,INDORES06DEL03,37.0,4.8,22.728163,75.884212,22.758163,75.914212,11-03-2022,23:25,23:35,Fog,Low,2,Buffet,scooter,1.0,No,Urban,19,IND,North India,23
0x575c,INDORES05DEL01,33.0,4.8,22.727021,75.884167,22.767021,75.924167,07-03-2022,13:20,13:25,Sandstorms,High,1,Snack,motorcycle,1.0,No,Urban,26,IND,North India,13
0xd73a,AGRRES02DEL02,29.0,4.5,0.0,0.0,0.05,0.05,17-02-2022,20:25,20:40,Sunny,Jam,2,Meal,electric_scooter,0.0,No,Urban,18,AGR,North India,20
0x14f0,JAPRES01DEL03,38.0,4.8,26.90519,75.810753,27.04519,75.950753,20-03-2022,23:30,23:35,Stormy,Low,1,Drinks,motorcycle,0.0,No,Urban,19,JAP,North India,23
0xca61,AGRRES07DEL02,38.0,4.5,27.160934,78.044095,27.210934,78.094095,11-02-2022,21:55,0.916666667,Fog,Jam,2,Meal,scooter,1.0,No,Urban,27,AGR,North India,21
0xc298,KOLRES04DEL02,35.0,4.8,22.538731,88.364878,22.618731,88.444878,12-02-2022,22:35,22:50,Windy,Low,2,Buffet,electric_scooter,0.0,No,Urban,24,KOL,North India,22
0x9a59,JAPRES17DEL01,28.0,5.0,26.892312,75.806896,26.902313,75.816896,01-04-2022,11:10,11:15,Fog,High,2,Meal,scooter,1.0,No,Urban,21,JAP,North India,11
0x8c0a,INDORES02DEL01,20.0,5.0,22.651847,75.881991,22.761847,75.991991,08-03-2022,20:20,20:35,Sunny,Jam,0,Buffet,motorcycle,0.0,No,Urban,26,IND,North India,20
0xa32a,RANCHIRES06DEL01,23.0,4.7,23.357804,85.325146,23.467804,85.435146,04-03-2022,23:50,24:05:00,Windy,Low,1,Buffet,scooter,0.0,No,Urban,14,RAN,North India,23
0x98f3,INDORES15DEL01,32.0,4.7,22.760072,75.892574,22.870072,76.002574,23-03-2022,23:50,23:55,Windy,Low,2,Snack,scooter,1.0,No,Urban,23,IND,North India,23
0x8d63,JAPRES19DEL02,25.0,4.8,26.913726,75.75282,26.933726,75.77282,26-03-2022,10:55,11:10,Fog,Low,0,Meal,motorcycle,0.0,No,Urban,15,JAP,North India,10
0xc3c3,AGRRES03DEL02,21.0,4.7,27.160832,78.011608,27.210832,78.061608,17-02-2022,21:20,21:25,Windy,Jam,0,Meal,motorcycle,0.0,No,Urban,17,AGR,North India,21
0xf09,INDORES04DEL03,36.0,4.7,22.753659,75.903365,22.783659,75.933365,07-03-2022,19:50,0.833333333,Stormy,Jam,2,Meal,scooter,1.0,No,Urban,28,IND,North India,19
0x8d97,JAPRES20DEL03,28.0,4.9,26.956431,75.776649,27.096431,75.916649,14-03-2022,22:25,22:35,Windy,Low,2,Snack,motorcycle,0.0,No,Urban,10,JAP,North India,22
0xdfbc,AGRRES010DEL03,30.0,4.7,27.163303,78.057044,27.223303,78.117044,11-02-2022,22:10,22:20,Sunny,Low,1,Snack,motorcycle,0.0,No,Urban,15,AGR,North India,22
0x119a,INDORES07DEL02,25.0,4.0,22.722634,75.886959,22.742634,75.906959,24-03-2022,09:35,09:45,Windy,Low,0,Snack,motorcycle,1.0,No,Urban,20,IND,North India,9
0xddfb,KOLRES04DEL02,21.0,4.7,22.538731,88.364878,22.668731,88.494878,18-02-2022,22:25,22:30,Fog,Low,1,Buffet,motorcycle,1.0,No,Urban,23,KOL,North India,22
0xc35c,KOLRES20DEL02,30.0,4.7,22.514119,88.362504,22.644119,88.492504,14-02-2022,17:10,17:20,Sunny,Medium,1,Meal,scooter,1.0,No,Urban,22,KOL,North India,17
0xca68,KOLRES07DEL03,35.0,4.8,22.547186,88.35068,22.637186,88.44068,14-02-2022,22:55,23:10,Sunny,Low,1,Buffet,motorcycle,1.0,No,Urban,15,KOL,North India,22
0x27dc,RANCHIRES02DEL01,35.0,4.3,0.0,0.0,0.07,0.07,31-03-2022,21:30,21:45,Windy,Jam,0,Buffet,motorcycle,1.0,Yes,Urban,53,RAN,North India,21
0x6941,INDORES04DEL03,20.0,4.9,22.753659,75.903365,22.843659,75.993365,08-03-2022,17:10,17:15,Windy,Medium,0,Buffet,motorcycle,1.0,No,Urban,20,IND,North India,17
0x245f,INDORES09DEL01,30.0,4.7,22.725835,75.887648,22.795835,75.957648,06-04-2022,1,24:05:00,Cloudy,Low,1,Snack,scooter,1.0,No,Urban,27,IND,North India,1
0x9f1e,JAPRES07DEL02,28.0,4.6,26.766536,75.837333,26.896536,75.967333,06-04-2022,21:25,21:30,Fog,Jam,0,Drinks,motorcycle,2.0,No,Urban,46,JAP,North India,21
0xdf5b,BHPRES07DEL01,24.0,4.8,0.0,0.0,0.01,0.01,11-02-2022,10:15,10:25,Sunny,Low,0,Drinks,motorcycle,0.0,No,Urban,16,BHP,North India,10
0x58ab,INDORES11DEL03,21.0,4.3,22.751234,75.88949,22.841234,75.97949,02-03-2022,21:10,21:25,Fog,Jam,1,Snack,scooter,1.0,No,Urban,31,IND,North India,21
0xc3ec,AGRRES010DEL01,25.0,4.8,27.163303,78.057044,27.203303,78.097044,17-02-2022,14:15,14:20,Stormy,High,0,Buffet,motorcycle,0.0,No,Urban,28,AGR,North India,14
0x7e21,INDORES01DEL03,27.0,4.8,22.695207,75.866059,22.725207,75.896059,03-04-2022,20:20,20:30,Sandstorms,Jam,2,Meal,motorcycle,1.0,No,Urban,19,IND,North India,20
0x5c7d,RANCHIRES14DEL02,35.0,3.9,0.0,0.0,0.08,0.08,12-03-2022,20:45,20:55,Stormy,Jam,1,Drinks,motorcycle,1.0,No,Urban,40,RAN,North India,20
0xc864,KNPRES010DEL01,25.0,4.8,26.47775,80.351569,26.54775,80.421569,12-02-2022,17:20,17:35,Stormy,Medium,1,Drinks,motorcycle,1.0,No,Urban,26,KNP,North India,17
0x5f23,RANCHIRES010DEL01,22.0,4.5,23.354422,85.3329,23.364422,85.3429,03-04-2022,10:25,10:30,Sunny,Low,0,Buffet,motorcycle,0.0,No,Urban,14,RAN,North India,10
0x6bdf,INDORES20DEL02,29.0,4.9,22.732225,75.874765,22.752225,75.894765,01-03-2022,10:25,10:40,Sandstorms,Low,1,Drinks,motorcycle,0.0,No,Urban,16,IND,North India,10
0x704f,RANCHIRES13DEL01,22.0,4.9,23.374989,85.335486,23.414989,85.375486,24-03-2022,13:35,13:40,Sunny,High,1,Meal,scooter,0.0,No,Urban,15,RAN,North India,13
0x2107,JAPRES07DEL03,38.0,3.5,26.766536,75.837333,26.906536,75.977333,20-03-2022,19:25,19:35,Windy,Jam,2,Meal,electric_scooter,0.0,No,Urban,41,JAP,North India,19
0xce95,LUDHRES17DEL02,31.0,4.0,30.893384,75.821202,30.973384,75.901202,18-02-2022,21:35,21:40,Cloudy,Jam,2,Buffet,electric_scooter,1.0,No,Urban,35,LUD,North India,21
0xd7c8,BHPRES18DEL03,24.0,4.7,23.234631,77.401663,23.324631,77.491663,14-02-2022,20:15,20:25,Sunny,Jam,2,Drinks,motorcycle,,No,Urban,10,BHP,North India,20
0x2621,JAPRES04DEL02,25.0,4.7,26.902328,75.794257,27.032328,75.924257,06-04-2022,22:10,22:20,Sandstorms,Low,1,Snack,motorcycle,1.0,No,Urban,17,JAP,North India,22
0x915c,INDORES09DEL01,22.0,4.5,22.725835,75.887648,22.765835,75.927648,09-03-2022,14:20,14:35,Sunny,High,0,Drinks,motorcycle,1.0,Yes,Urban,50,IND,North India,14
0x1aef,RANCHIRES09DEL01,26.0,4.9,23.351058,85.325731,23.391058,85.365731,21-03-2022,12:55,13:05,Windy,High,2,Snack,electric_scooter,1.0,No,Urban,22,RAN,North India,12
0x1ed5,JAPRES08DEL02,21.0,4.7,26.910262,75.783013,26.930262,75.803013,21-03-2022,09:45,0.416666667,Cloudy,Low,0,Drinks,motorcycle,0.0,No,Urban,15,JAP,North India,9
0x88aa,RANCHIRES06DEL02,32.0,4.6,23.357804,85.325146,23.407804,85.375146,01-04-2022,17:40,17:45,Cloudy,Medium,2,Snack,scooter,0.0,No,Urban,15,RAN,North India,17
0xd575,AGRRES15DEL01,37.0,4.7,0.0,0.0,0.11,0.11,16-02-2022,19:35,19:40,Sunny,Jam,2,Snack,scooter,1.0,No,Urban,24,AGR,North India,19
0xf1d,JAPRES08DEL03,29.0,4.9,26.910262,75.783013,27.000262,75.873013,27-03-2022,21:50,21:55,Sunny,Jam,1,Buffet,scooter,0.0,No,Urban,12,JAP,North India,21
0x5755,JAPRES07DEL01,24.0,4.5,26.766536,75.837333,26.876536,75.947333,14-03-2022,20:20,20:30,Sandstorms,Jam,0,Meal,motorcycle,0.0,No,Urban,26,JAP,North India,20
0xd44f,BHPRES06DEL03,25.0,2.9,23.232357,77.429989,23.322357,77.519989,14-02-2022,23:10,23:15,Sunny,Low,2,Snack,scooter,1.0,No,Urban,38,BHP,North India,23
0x198b,JAPRES15DEL03,25.0,4.7,26.891191,75.802083,26.951191,75.862083,01-03-2022,21:55,0.916666667,Windy,Jam,1,Buffet,motorcycle,0.0,No,Urban,16,JAP,North India,21
0x765b,RANCHIRES17DEL01,37.0,4.9,23.374878,85.335739,23.484878,85.445739,02-04-2022,18:15,18:20,Cloudy,Medium,0,Buffet,motorcycle,2.0,No,Urban,46,RAN,North India,18
0xdc1d,BHPRES14DEL02,32.0,4.6,0.0,0.0,0.02,0.02,17-02-2022,08:30,08:45,Stormy,Low,2,Snack,electric_scooter,1.0,No,Urban,21,BHP,North India,8
0xd00c,ALHRES06DEL01,23.0,4.7,0.0,0.0,0.11,0.11,14-02-2022,21:50,0.916666667,Sunny,Jam,0,Meal,motorcycle,1.0,No,Urban,18,ALH,North India,21
0x79e6,INDORES15DEL01,33.0,4.9,22.760072,75.892574,22.870072,76.002574,18-03-2022,17:15,17:25,Sandstorms,Medium,1,Snack,scooter,0.0,No,Urban,21,IND,North India,17
0x8baa,JAPRES13DEL01,27.0,4.9,26.846156,75.8023,26.856156,75.8123,26-03-2022,11:50,11:55,Stormy,High,1,Drinks,scooter,1.0,No,Urban,17,JAP,North India,11
0xcdb7,LUDHRES11DEL02,21.0,4.1,30.893081,75.821495,30.913081,75.841495,13-02-2022,08:15,08:30,Stormy,Low,0,Meal,motorcycle,1.0,No,Urban,18,LUD,North India,8
0x6648,RANCHIRES12DEL01,22.0,4.5,0.0,0.0,0.04,0.04,01-03-2022,13:20,13:35,Sandstorms,High,2,Snack,motorcycle,1.0,No,Urban,10,RAN,North India,13
0x5c77,JAPRES01DEL03,24.0,4.7,26.90519,75.810753,27.04519,75.950753,02-04-2022,23:55,24:10:00,Stormy,Low,0,Buffet,motorcycle,0.0,No,Urban,19,JAP,North India,23
0x92e3,RANCHIRES03DEL01,21.0,4.6,0.0,0.0,0.04,0.04,01-03-2022,16:20,16:35,Sandstorms,Medium,0,Buffet,motorcycle,1.0,No,Urban,14,RAN,North India,16
0xb09f,INDORES08DEL03,29.0,5.0,22.725748,75.898497,22.755747,75.928497,09-03-2022,23:40,23:50,Windy,Low,2,Buffet,motorcycle,1.0,No,Urban,19,IND,North India,23
0x6aad,INDORES01DEL03,30.0,4.7,22.695207,75.866059,22.725207,75.896059,03-03-2022,22:30,22:35,Stormy,Low,2,Meal,scooter,0.0,No,Urban,28,IND,North India,22
0xdd68,DEHRES17DEL02,35.0,4.9,30.327968,78.046106,30.377968,78.096106,17-02-2022,23:55,24:10:00,Sunny,Low,0,Snack,motorcycle,0.0,No,Urban,23,DEH,North India,23
0x9ac7,INDORES09DEL02,21.0,4.8,22.725835,75.887648,22.775835,75.937648,30-03-2022,20:55,21:10,Windy,Jam,2,Meal,electric_scooter,0.0,No,Urban,12,IND,North India,20
0x9da1,INDORES20DEL03,29.0,4.8,22.732225,75.874765,22.762225,75.904765,30-03-2022,18:25,18:30,Windy,Medium,2,Buffet,scooter,1.0,No,Urban,23,IND,North India,18
0xcb25,KNPRES03DEL02,31.0,4.9,26.469003,80.316344,26.599003,80.446344,12-02-2022,20:10,20:25,Cloudy,Jam,0,Buffet,motorcycle,1.0,No,Urban,50,KNP,North India,20
0xd29b,LUDHRES17DEL03,26.0,4.7,30.893384,75.821202,31.033384,75.961202,16-02-2022,22:20,22:35,Stormy,Low,2,Drinks,scooter,1.0,No,Urban,16,LUD,North India,22
0xa14e,INDORES03DEL02,29.0,4.9,22.751857,75.866699,22.801857,75.916699,15-03-2022,23:40,23:45,Sunny,Low,0,Meal,motorcycle,1.0,No,Urban,17,IND,North India,23
0xddf4,LUDHRES11DEL02,31.0,4.8,30.893081,75.821495,31.023081,75.951495,12-02-2022,22:25,22:35,Stormy,Low,0,Buffet,motorcycle,0.0,No,Urban,20,LUD,North India,22
0x4ac5,JAPRES18DEL02,34.0,4.7,26.913987,75.752891,26.933987,75.772891,19-03-2022,09:50,0.416666667,Stormy,Low,1,Snack,scooter,,No,Urban,28,JAP,North India,9
0x6e6a,JAPRES14DEL03,32.0,4.9,26.88842,75.800689,26.97842,75.890689,04-04-2022,21:55,22:05,Cloudy,Jam,0,Buffet,motorcycle,1.0,No,Urban,49,JAP,North India,21
0x7c4a,JAPRES06DEL01,33.0,4.0,26.911927,75.797282,26.951927,75.837282,19-03-2022,14:40,14:45,Windy,High,1,Snack,scooter,0.0,No,Urban,34,JAP,North India,14
0x3abf,JAPRES16DEL02,33.0,4.1,26.849596,75.800512,26.979596,75.930512,18-03-2022,18:25,18:40,Sandstorms,Medium,0,Drinks,motorcycle,0.0,Yes,Urban,44,JAP,North India,18
0xd008,KOLRES08DEL03,22.0,5.0,22.53796,88.349843,22.62796,88.439843,18-02-2022,21:15,21:20,Cloudy,Jam,1,Snack,motorcycle,2.0,No,Urban,38,KOL,North India,21
0x17f9,INDORES20DEL01,36.0,4.8,22.732225,75.874765,22.742225,75.884765,26-03-2022,09:30,09:45,Sunny,Low,1,Snack,motorcycle,1.0,No,Urban,11,IND,North India,9
0xc340,AGRRES010DEL02,20.0,4.6,27.163303,78.057044,27.213303,78.107044,13-02-2022,19:50,0.833333333,Sandstorms,Jam,1,Snack,motorcycle,1.0,No,Urban,19,AGR,North India,19
0x9884,INDORES01DEL01,29.0,4.8,22.695207,75.866059,22.805207,75.976059,14-03-2022,22:50,22:55,Cloudy,Low,1,Buffet,scooter,1.0,No,Urban,28,IND,North India,22
0xa010,JAPRES20DEL01,39.0,4.6,26.956431,75.776649,26.996431,75.816649,19-03-2022,15:25,15:35,Sandstorms,Medium,1,Snack,motorcycle,1.0,No,Urban,27,JAP,North India,15
0x56e3,RANCHIRES04DEL02,36.0,4.9,23.359033,85.325347,23.409033,85.375347,21-03-2022,22:40,22:45,Sunny,Low,2,Buffet,motorcycle,1.0,No,Urban,19,RAN,North India,22
0x316d,INDORES20DEL03,27.0,5.0,22.732225,75.874765,22.822225,75.964765,14-03-2022,21:15,21:30,Sunny,Jam,2,Meal,motorcycle,0.0,No,Urban,10,IND,North India,21
0xd956,DEHRES02DEL01,39.0,4.9,0.0,0.0,0.07,0.07,14-02-2022,22:55,0.958333333,Stormy,Low,0,Meal,motorcycle,1.0,No,Urban,28,DEH,North India,22
0x6141,INDORES07DEL01,31.0,4.9,22.722634,75.886959,22.762634,75.926959,01-03-2022,15:40,15:55,Stormy,Medium,1,Snack,motorcycle,1.0,No,Urban,30,IND,North India,15
0x306a,RANCHIRES19DEL03,24.0,4.9,23.333017,85.3172,23.363017,85.3472,09-03-2022,22:40,22:50,Windy,Low,2,Drinks,scooter,,No,Urban,11,RAN,North India,22
0x7f27,JAPRES15DEL02,26.0,4.6,26.891191,75.802083,27.021191,75.932083,02-03-2022,22:45,22:50,Sunny,Low,0,Snack,motorcycle,,No,Urban,29,JAP,North India,22
0xc281,BHPRES02DEL03,26.0,4.8,0.0,0.0,0.06,0.06,11-02-2022,22:40,22:45,Fog,Low,2,Drinks,motorcycle,0.0,No,Urban,15,BHP,North India,22
0x6da5,INDORES05DEL02,32.0,3.9,22.727021,75.884167,22.857021,76.014167,29-03-2022,21:20,21:30,Windy,Jam,2,Drinks,scooter,0.0,No,Urban,38,IND,North India,21
0xbed2,RANCHIRES05DEL01,33.0,4.8,23.355164,85.324097,23.425164,85.394097,23-03-2022,19:55,0.833333333,Sandstorms,Jam,0,Buffet,motorcycle,3.0,No,Urban,46,RAN,North India,19
0xcd35,BHPRES04DEL01,32.0,4.6,23.184992,77.417227,23.294992,77.527227,18-02-2022,19:35,19:50,Sandstorms,Jam,2,Drinks,scooter,1.0,No,Urban,28,BHP,North India,19
0x966a,RANCHIRES04DEL01,35.0,5.0,23.359033,85.325347,23.369033,85.335347,11-03-2022,08:15,08:20,Sunny,Low,2,Drinks,electric_scooter,0.0,No,Urban,11,RAN,North India,8
0x5a30,INDORES19DEL03,21.0,4.3,22.745536,75.893106,22.835536,75.983106,04-03-2022,21:25,21:35,Cloudy,Jam,1,Snack,motorcycle,1.0,No,Urban,31,IND,North India,21
0x1bf4,JAPRES02DEL03,34.0,4.2,26.914142,75.805704,26.974142,75.865704,11-03-2022,18:25,18:35,Cloudy,Medium,0,Buffet,motorcycle,1.0,No,Urban,31,JAP,North India,18
0x4b4c,JAPRES01DEL02,28.0,4.7,26.90519,75.810753,26.95519,75.860753,03-04-2022,17:25,17:30,Windy,Medium,1,Drinks,scooter,1.0,No,Urban,23,JAP,North India,17
0xa699,RANCHIRES08DEL02,28.0,4.7,23.353783,85.326967,23.433783,85.406967,23-03-2022,22:10,22:20,Stormy,Low,1,Drinks,motorcycle,0.0,No,Urban,19,RAN,North India,22
0x43c0,RANCHIRES19DEL01,31.0,4.7,23.333017,85.3172,23.403017,85.3872,02-04-2022,23:55,24:10:00,Windy,Low,1,Buffet,motorcycle,1.0,No,Urban,25,RAN,North India,23
0xab7c,RANCHIRES19DEL01,29.0,4.5,23.333017,85.3172,23.373017,85.3572,05-04-2022,13:55,14:10,Windy,High,0,Meal,motorcycle,0.0,No,Urban,17,RAN,North India,13
0x98b6,RANCHIRES20DEL03,33.0,4.2,23.39925,85.390464,23.42925,85.420464,01-03-2022,23:40,23:55,Windy,Low,0,Drinks,motorcycle,1.0,No,Urban,21,RAN,North India,23
0x515f,JAPRES09DEL01,35.0,4.9,26.911378,75.789034,26.981378,75.859034,02-03-2022,23:30,23:35,Fog,Low,2,Buffet,scooter,1.0,No,Urban,28,JAP,North India,23
0x5c70,JAPRES13DEL01,21.0,4.7,26.846156,75.8023,26.956156,75.9123,06-04-2022,22:40,22:45,Sandstorms,Low,1,Drinks,motorcycle,1.0,No,Urban,19,JAP,North India,22
0xae93,RANCHIRES02DEL01,36.0,4.6,0.0,0.0,0.01,0.01,24-03-2022,09:55,0.416666667,Stormy,Low,1,Buffet,motorcycle,0.0,No,Urban,25,RAN,North India,9
0x381b,RANCHIRES20DEL01,36.0,4.8,23.39925,85.390464,23.46925,85.460464,10-03-2022,22:45,0.958333333,Stormy,Low,1,Meal,motorcycle,1.0,No,Urban,16,RAN,North India,22
0xc679,LUDHRES17DEL01,26.0,4.8,30.893384,75.821202,30.933384,75.861202,15-02-2022,15:10,15:15,Cloudy,Medium,2,Snack,scooter,0.0,No,Urban,10,LUD,North India,15
0xc2cd,BHPRES14DEL03,28.0,4.7,0.0,0.0,0.06,0.06,13-02-2022,20:20,20:30,Fog,Jam,0,Drinks,motorcycle,0.0,No,Urban,26,BHP,North India,20
0x44f0,RANCHIRES04DEL02,32.0,4.2,23.359033,85.325347,23.379033,85.345347,03-04-2022,08:30,08:40,Sandstorms,Low,0,Buffet,motorcycle,0.0,No,Urban,24,RAN,North India,8
0xc8e5,ALHRES18DEL02,22.0,4.8,25.450317,81.831681,25.580317,81.961681,14-02-2022,17:40,17:45,Cloudy,Medium,0,Meal,motorcycle,2.0,Yes,Urban,43,ALH,North India,17
0xc501,LUDHRES06DEL02,31.0,3.7,30.895204,75.822103,30.975204,75.902103,14-02-2022,20:45,20:55,Sandstorms,Jam,2,Meal,motorcycle,1.0,No,Urban,32,LUD,North India,20
0x5171,RANCHIRES14DEL01,39.0,4.9,0.0,0.0,0.07,0.07,23-03-2022,20:45,0.875,Fog,Jam,0,Snack,motorcycle,2.0,No,Urban,45,RAN,North India,20
0x4215,JAPRES08DEL02,26.0,5.0,26.910262,75.783013,26.990262,75.863013,04-04-2022,22:45,0.958333333,Stormy,Low,2,Meal,motorcycle,,No,Urban,14,JAP,North India,22
0x818d,RANCHIRES12DEL02,33.0,4.9,0.0,0.0,0.05,0.05,01-04-2022,17:35,17:50,Cloudy,Medium,0,Meal,motorcycle,1.0,No,Urban,25,RAN,North India,17
0xda12,KOLRES07DEL01,32.0,4.9,22.547186,88.35068,22.587186,88.39068,15-02-2022,15:30,15:40,Sunny,Medium,2,Snack,motorcycle,0.0,No,Urban,20,KOL,North India,15
0xcce3,DEHRES01DEL03,25.0,4.9,0.0,0.0,0.09,0.09,18-02-2022,21:20,21:35,Sunny,Jam,0,Buffet,motorcycle,1.0,No,Urban,30,DEH,North India,21
0xc571,KNPRES16DEL02,34.0,4.6,26.482581,80.315628,26.502581,80.335628,11-02-2022,09:30,09:45,Windy,Low,2,Snack,motorcycle,1.0,No,Urban,22,KNP,North India,9
0xd863,KOLRES06DEL03,23.0,4.5,22.533662,88.366217,22.623662,88.456217,16-02-2022,23:50,24:05:00,Windy,Low,1,Drinks,scooter,1.0,No,Urban,12,KOL,North India,23
0xc803,BHPRES16DEL03,20.0,4.6337736972250205,23.264015,77.408236,23.294015,77.438236,13-02-2022,18:25,18:30,Sunny,Medium,1,Drinks,motorcycle,1.0,No,Urban,17,BHP,North India,18
0xd729,KNPRES15DEL02,38.0,4.8,26.482419,80.320939,26.502419,80.340939,17-02-2022,11:55,12:05,Sunny,High,2,Buffet,electric_scooter,0.0,No,Urban,15,KNP,North India,11
0x35f7,RANCHIRES18DEL02,23.0,4.6,23.351489,85.324253,23.431489,85.404253,29-03-2022,1,24:05:00,Stormy,Low,0,Buffet,motorcycle,1.0,No,Urban,20,RAN,North India,1
0x6bd2,RANCHIRES09DEL03,29.0,4.9,23.351058,85.325731,23.441058,85.415731,25-03-2022,22:35,22:45,Fog,Low,1,Buffet,motorcycle,1.0,No,Urban,23,RAN,North India,22
0x905e,INDORES20DEL01,23.0,4.7,22.732225,75.874765,22.742225,75.884765,15-03-2022,08:30,08:40,Windy,Low,2,Snack,electric_scooter,1.0,No,Urban,19,IND,North India,8
0x8f40,INDORES13DEL01,27.0,4.5,22.745049,75.892471,22.755049,75.902471,17-03-2022,10:20,10:30,Fog,Low,1,Drinks,motorcycle,0.0,No,Urban,12,IND,North India,10
0x7a66,JAPRES15DEL01,22.0,4.5,26.891191,75.802083,26.901191,75.812083,13-03-2022,11:35,11:50,Windy,High,1,Meal,scooter,1.0,No,Urban,27,JAP,North India,11
0x792,INDORES01DEL01,39.0,4.8,22.695207,75.866059,22.705207,75.876059,13-03-2022,08:40,08:45,Cloudy,Low,1,Meal,scooter,1.0,No,Urban,15,IND,North India,8
0x3db5,INDORES14DEL02,31.0,3.6,22.761593,75.886362,22.841593,75.966362,29-03-2022,21:55,22:05,Stormy,Jam,1,Drinks,motorcycle,2.0,No,Urban,42,IND,North India,21
0xa78c,RANCHIRES16DEL01,29.0,5.0,23.371292,85.327872,23.481292,85.437872,14-03-2022,23:45,1,Sunny,Low,1,Buffet,scooter,1.0,No,Urban,25,RAN,North India,23
0x48e6,RANCHIRES11DEL03,25.0,4.6,23.359194,85.325447,23.389194,85.355447,30-03-2022,19:50,19:55,Fog,Jam,0,Snack,motorcycle,1.0,No,Urban,28,RAN,North India,19
0xe015,AGRRES20DEL03,27.0,4.8,27.158822,78.045359,27.218822,78.105359,11-02-2022,18:30,18:40,Cloudy,Medium,1,Drinks,motorcycle,0.0,No,Urban,15,AGR,North India,18
0xc42d,KNPRES01DEL01,26.0,4.8,26.483672,80.320708,26.493672,80.330708,13-02-2022,10:40,10:50,Sandstorms,Low,2,Meal,scooter,0.0,No,Urban,18,KNP,North India,10
0x327b,JAPRES06DEL02,29.0,4.9,26.911927,75.797282,26.931927,75.817282,15-03-2022,09:25,09:35,Sunny,Low,1,Buffet,motorcycle,1.0,No,Urban,17,JAP,North India,9
0x761a,JAPRES17DEL02,37.0,4.8,26.892312,75.806896,26.912312,75.826896,11-03-2022,09:20,09:25,Cloudy,Low,2,Snack,electric_scooter,1.0,No,Urban,16,JAP,North India,9
0x29f7,JAPRES08DEL02,26.0,4.8,26.910262,75.783013,26.960262,75.833013,05-04-2022,22:45,0.958333333,Fog,Low,2,Snack,electric_scooter,0.0,No,Urban,14,JAP,North India,22
0xc41a,DEHRES010DEL02,22.0,4.6,30.328174,78.049117,30.348174,78.069117,15-02-2022,10:25,10:35,Fog,Low,2,Drinks,motorcycle,1.0,No,Urban,10,DEH,North India,10
0xdc64,AGRRES09DEL01,28.0,4.6,0.0,0.0,0.04,0.04,17-02-2022,15:15,15:25,Cloudy,Medium,1,Snack,motorcycle,1.0,No,Urban,14,AGR,North India,15
0x2c8d,RANCHIRES14DEL03,27.0,4.9,0.0,0.0,0.03,0.03,19-03-2022,17:40,17:50,Fog,Medium,2,Snack,motorcycle,0.0,No,Urban,12,RAN,North India,17
0x9470,INDORES03DEL01,31.0,4.6,22.751857,75.866699,22.821857,75.936699,04-04-2022,23:40,23:55,Sandstorms,Low,2,Drinks,electric_scooter,1.0,No,Urban,24,IND,North India,23
0xcc68,ALHRES14DEL01,36.0,4.8,25.459775,81.834841,25.569775,81.944841,16-02-2022,18:15,18:25,Fog,Medium,1,Buffet,scooter,1.0,No,Urban,34,ALH,North India,18
0x10cf,JAPRES19DEL01,24.0,4.8,26.913726,75.75282,26.923726,75.762821,13-03-2022,08:20,08:25,Sandstorms,Low,2,Meal,scooter,,No,Urban,10,JAP,North India,8
0xd4e8,ALHRES15DEL02,26.0,4.8,25.449872,81.836167,25.579872,81.966167,12-02-2022,21:35,21:40,Sunny,Jam,1,Snack,scooter,0.0,No,Urban,19,ALH,North India,21
0x9773,JAPRES15DEL01,25.0,4.9,26.891191,75.802083,26.961191,75.872083,20-03-2022,23:45,23:55,Fog,Low,0,Buffet,motorcycle,0.0,No,Urban,20,JAP,North India,23
0x99b7,RANCHIRES14DEL01,24.0,4.7,0.0,0.0,0.11,0.11,08-03-2022,17:50,17:55,Stormy,Medium,2,Meal,electric_scooter,1.0,No,Urban,18,RAN,North India,17
0xcfc0,DEHRES010DEL03,23.0,4.7,30.328174,78.049117,30.418174,78.139117,16-02-2022,18:10,18:20,Sunny,Medium,2,Meal,motorcycle,0.0,No,Urban,15,DEH,North India,18
0x2f5f,JAPRES08DEL01,29.0,4.8,26.910262,75.783013,27.020262,75.893013,12-03-2022,23:55,24:10:00,Windy,Low,1,Buffet,scooter,1.0,No,Urban,12,JAP,North India,23
0xe172,DEHRES05DEL02,35.0,4.6,30.346994,78.062543,30.476994,78.192543,16-02-2022,19:55,0.833333333,Cloudy,Jam,2,Drinks,scooter,1.0,No,Urban,39,DEH,North India,19
0x6d2b,INDORES12DEL01,22.0,5.0,22.74806,75.8934,22.81806,75.9634,04-04-2022,19:40,19:50,Sandstorms,Jam,2,Meal,motorcycle,0.0,No,Urban,26,IND,North India,19
0xdd60,AGRRES05DEL03,35.0,4.9,27.201725,78.007553,27.231725,78.037553,13-02-2022,18:55,19:05,Windy,Medium,1,Snack,motorcycle,1.0,No,Urban,29,AGR,North India,18
0x2898,RANCHIRES01DEL02,22.0,4.5,23.416792,85.316842,23.466792,85.366842,17-03-2022,19:10,19:25,Windy,Jam,1,Drinks,scooter,1.0,No,Urban,10,RAN,North India,19
0x85e8,RANCHIRES010DEL03,37.0,4.8,23.354422,85.3329,23.414422,85.3929,05-03-2022,22:45,22:55,Sunny,Low,2,Snack,scooter,1.0,No,Urban,18,RAN,North India,22
0xca00,LUDHRES11DEL02,20.0,4.5,30.893081,75.821495,30.913081,75.841495,11-02-2022,10:30,10:45,Sandstorms,Low,2,Snack,scooter,1.0,No,Urban,12,LUD,North India,10
0x92f9,JAPRES14DEL03,27.0,5.0,26.88842,75.800689,26.91842,75.830689,01-03-2022,23:10,23:25,Sunny,Low,1,Snack,scooter,0.0,No,Urban,23,JAP,North India,23
0x4fbd,JAPRES07DEL02,21.0,4.8,26.766536,75.837333,26.816536,75.887333,07-03-2022,20:20,20:30,Sunny,Jam,2,Buffet,scooter,0.0,No,Urban,11,JAP,North India,20
0x6e02,JAPRES010DEL01,27.0,4.5,26.921411,75.793604,26.931411,75.803604,28-03-2022,11:45,0.5,Sunny,High,1,Buffet,scooter,1.0,No,Urban,19,JAP,North India,11
0xcf41,KOLRES15DEL01,29.0,4.8,22.552672,88.352885,22.592672,88.392885,15-02-2022,13:10,13:25,Sunny,High,2,Buffet,scooter,0.0,No,Urban,10,KOL,North India,13
0x3515,RANCHIRES13DEL01,29.0,4.9,23.374989,85.335486,23.384989,85.345486,24-03-2022,08:50,08:55,Sunny,Low,0,Snack,motorcycle,0.0,No,Urban,19,RAN,North India,8
0xdbca,AGRRES14DEL02,31.0,5.0,27.16185,78.040165,27.29185,78.170165,12-02-2022,22:25,22:40,Fog,Low,2,Meal,electric_scooter,,No,Urban,28,AGR,North India,22
0xc6d9,AGRRES17DEL01,26.0,4.7,27.157772,78.04725,27.267772,78.15725,18-02-2022,17:35,17:45,Sandstorms,Medium,0,Drinks,motorcycle,1.0,No,Urban,36,AGR,North India,17
0xd802,KNPRES19DEL01,22.0,4.6,26.49095,80.318656,26.60095,80.428656,14-02-2022,19:25,19:30,Windy,Jam,2,Drinks,electric_scooter,1.0,No,Urban,21,KNP,North India,19
0x364f,JAPRES11DEL02,29.0,4.9,26.90294,75.793007,26.98294,75.873007,20-03-2022,20:55,21:05,Fog,Jam,2,Buffet,scooter,1.0,No,Urban,37,JAP,North India,20
0xde7b,KNPRES11DEL01,28.0,4.8,26.474986,80.342796,26.514986,80.382796,17-02-2022,13:50,14:05,Cloudy,High,0,Snack,motorcycle,1.0,No,Urban,22,KNP,North India,13
0x25bd,RANCHIRES01DEL03,30.0,4.2,23.416792,85.316842,23.506792,85.406842,08-03-2022,19:45,19:55,Fog,Jam,2,Drinks,motorcycle,1.0,No,Urban,36,RAN,North India,19
0x9254,RANCHIRES20DEL02,25.0,4.9,23.39925,85.390464,23.44925,85.440464,01-03-2022,18:20,18:25,Fog,Medium,1,Buffet,motorcycle,1.0,No,Urban,12,RAN,North India,18
0x5d81,RANCHIRES12DEL02,32.0,3.5,0.0,0.0,0.08,0.08,10-03-2022,19:25,19:35,Windy,Jam,2,Buffet,motorcycle,2.0,Yes,Urban,44,RAN,North India,19
0xdf0b,ALHRES14DEL03,36.0,4.7,25.459775,81.834841,25.599775,81.974841,12-02-2022,18:30,18:45,Sunny,Medium,0,Drinks,motorcycle,1.0,No,Urban,28,ALH,North India,18
0x527d,RANCHIRES15DEL01,34.0,4.5,23.369746,85.33982,23.379746,85.34982,28-03-2022,09:45,0.416666667,Sandstorms,Low,0,Drinks,motorcycle,0.0,No,Urban,24,RAN,North India,9
0x8c05,RANCHIRES07DEL01,23.0,4.5,23.359407,85.325055,23.369407,85.335055,05-04-2022,09:10,09:25,Sunny,Low,0,Meal,motorcycle,0.0,No,Urban,17,RAN,North India,9
0x881d,JAPRES03DEL02,34.0,4.8,26.913483,75.803139,26.933483,75.823139,17-03-2022,10:30,10:35,Stormy,Low,2,Meal,scooter,1.0,No,Urban,25,JAP,North India,10
0x85cb,JAPRES17DEL03,24.0,4.2,26.892312,75.806896,27.032312,75.946896,25-03-2022,19:50,19:55,Fog,Jam,1,Drinks,motorcycle,1.0,No,Urban,33,JAP,North India,19
0x3766,INDORES14DEL02,24.0,4.7,22.761593,75.886362,22.781593,75.906362,05-04-2022,10:25,10:35,Cloudy,Low,1,Drinks,scooter,1.0,No,Urban,13,IND,North India,10
0xc877,ALHRES18DEL01,25.0,4.8,25.450317,81.831681,25.490317,81.871681,13-02-2022,15:45,15:55,Stormy,Medium,2,Meal,motorcycle,0.0,No,Urban,22,ALH,North India,15
0xa458,JAPRES12DEL02,34.0,4.8,26.902908,75.792934,26.922908,75.812934,07-03-2022,08:55,09:10,Sunny,Low,1,Drinks,motorcycle,1.0,No,Urban,10,JAP,North India,8
0xc35e,ALHRES20DEL01,25.0,4.7,25.454697,81.834492,25.564697,81.944492,18-02-2022,20:55,0.875,Stormy,Jam,2,Snack,electric_scooter,0.0,No,Urban,23,ALH,North India,20
0xd552,LUDHRES12DEL02,24.0,4.8,30.893244,75.821817,31.023244,75.951817,18-02-2022,22:45,0.958333333,Windy,Low,0,Snack,motorcycle,1.0,No,Urban,18,LUD,North India,22
0x43be,JAPRES11DEL02,38.0,4.8,26.90294,75.793007,26.92294,75.813007,05-04-2022,08:30,08:45,Stormy,Low,2,Drinks,electric_scooter,0.0,No,Urban,22,JAP,North India,8
0x69ba,JAPRES16DEL03,22.0,4.9,26.849596,75.800512,26.939596,75.890512,08-03-2022,22:25,22:40,Sandstorms,Low,1,Drinks,scooter,0.0,No,Urban,12,JAP,North India,22
0x6297,INDORES11DEL02,29.0,4.9,22.751234,75.88949,22.771234,75.90949,03-03-2022,08:30,08:40,Sunny,Low,0,Snack,motorcycle,1.0,No,Urban,16,IND,North India,8
0xcc4c,BHPRES010DEL02,38.0,4.6,23.266261,77.379605,23.286261,77.399605,11-02-2022,08:25,08:35,Sunny,Low,0,Drinks,motorcycle,0.0,No,Urban,22,BHP,North India,8
0x7590,JAPRES01DEL02,33.0,4.8,26.90519,75.810753,26.92519,75.830753,15-03-2022,08:15,08:30,Sandstorms,Low,2,Meal,motorcycle,1.0,No,Urban,22,JAP,North India,8
0x2fc1,JAPRES15DEL02,39.0,5.0,26.891191,75.802083,27.021191,75.932083,02-04-2022,21:50,21:55,Windy,Jam,0,Buffet,motorcycle,1.0,No,Urban,43,JAP,North India,21
0xa9b0,JAPRES20DEL03,24.0,4.9,26.956431,75.776649,27.046431,75.866649,16-03-2022,23:20,23:35,Sandstorms,Low,1,Meal,motorcycle,1.0,No,Urban,19,JAP,North India,23
0x866d,INDORES010DEL03,28.0,4.6,22.75004,75.902847,22.84004,75.992847,25-03-2022,18:15,18:25,Fog,Medium,0,Buffet,motorcycle,2.0,No,Urban,44,IND,North India,18
0xdbc5,KOLRES19DEL01,35.0,4.0,22.5491,88.400467,22.5891,88.440467,17-02-2022,13:35,13:50,Cloudy,High,0,Drinks,motorcycle,1.0,No,Urban,34,KOL,North India,13
0xe0df,ALHRES02DEL01,32.0,5.0,25.453436,81.833167,25.523436,81.903167,12-02-2022,21:15,21:20,Sunny,Jam,1,Drinks,scooter,1.0,No,Urban,15,ALH,North India,21
0xc713,KOLRES010DEL03,29.0,4.9,22.538999,88.322337,22.628999,88.412337,12-02-2022,20:55,21:10,Windy,Jam,1,Snack,scooter,1.0,No,Urban,20,KOL,North India,20
0x5038,INDORES18DEL03,22.0,4.6,22.753839,75.897429,22.813838,75.957429,01-03-2022,18:25,18:35,Stormy,Medium,0,Buffet,motorcycle,0.0,No,Urban,15,IND,North India,18
0x56d4,RANCHIRES16DEL02,34.0,5.0,23.371292,85.327872,23.501292,85.457872,08-03-2022,23:15,23:30,Sunny,Low,0,Snack,motorcycle,1.0,No,Urban,21,RAN,North India,23
0x93ff,RANCHIRES18DEL03,24.0,4.7,23.351489,85.324253,23.381489,85.354253,09-03-2022,19:50,0.833333333,Windy,Jam,2,Meal,scooter,0.0,No,Urban,16,RAN,North India,19
0xa73f,RANCHIRES01DEL02,34.0,4.7,23.416792,85.316842,23.546792,85.446842,06-03-2022,22:30,22:40,Sunny,Low,2,Drinks,scooter,0.0,No,Urban,16,RAN,North India,22
0x6785,RANCHIRES05DEL02,25.0,5.0,23.355164,85.324097,23.435164,85.404097,10-03-2022,17:10,17:15,Cloudy,Medium,0,Meal,motorcycle,1.0,No,Urban,37,RAN,North India,17
0x2c86,JAPRES08DEL01,20.0,4.6,26.910262,75.783013,26.920262,75.793013,21-03-2022,11:20,11:25,Stormy,High,1,Snack,motorcycle,1.0,No,Urban,17,JAP,North India,11
0x5db2,INDORES08DEL01,36.0,4.6,22.725748,75.898497,22.795748,75.968497,18-03-2022,22:20,22:25,Cloudy,Low,2,Drinks,motorcycle,0.0,No,Urban,25,IND,North India,22
0x1f71,JAPRES04DEL03,38.0,4.9,26.902328,75.794257,26.992328,75.884257,14-03-2022,18:20,18:30,Fog,Medium,1,Drinks,scooter,1.0,No,Urban,32,JAP,North India,18
0xc430,KNPRES16DEL03,30.0,5.0,26.482581,80.315628,26.542581,80.375628,17-02-2022,17:55,18:05,Sunny,Medium,2,Snack,scooter,1.0,No,Urban,21,KNP,North India,17
0xd39b,ALHRES04DEL02,27.0,4.6,0.0,0.0,0.02,0.02,11-02-2022,08:20,08:35,Sandstorms,Low,2,Snack,scooter,1.0,No,Urban,13,ALH,North India,8
0xe155,DEHRES19DEL01,21.0,4.8,30.372202,78.077151,30.482202,78.187151,14-02-2022,22:20,22:30,Fog,Low,1,Snack,scooter,0.0,No,Urban,22,DEH,North India,22
0xd6f9,LUDHRES12DEL01,20.0,4.7,30.893244,75.821817,30.933244,75.861817,13-02-2022,13:35,13:40,Windy,High,2,Meal,electric_scooter,1.0,No,Urban,20,LUD,North India,13
0x975a,INDORES09DEL02,27.0,4.1,22.725835,75.887648,22.855835,76.017648,10-03-2022,20:40,20:55,Stormy,Jam,0,Meal,motorcycle,1.0,No,Urban,35,IND,North India,20
0x396d,RANCHIRES13DEL02,35.0,4.6,23.374989,85.335486,23.504989,85.465486,16-03-2022,21:55,0.916666667,Cloudy,Jam,2,Snack,scooter,3.0,Yes,Urban,47,RAN,North India,21
0xa96f,INDORES15DEL02,26.0,4.6,22.760072,75.892574,22.810072,75.942574,19-03-2022,21:10,21:20,Cloudy,Jam,0,Meal,motorcycle,1.0,No,Urban,22,IND,North India,21
0xc47f,KNPRES05DEL01,26.0,4.7,26.479108,80.315042,26.519108,80.355042,17-02-2022,16:30,16:45,Windy,Medium,1,Snack,motorcycle,0.0,No,Urban,29,KNP,North India,16
0xb606,JAPRES15DEL03,39.0,4.2,26.891191,75.802083,26.921191,75.832083,03-03-2022,22:25,22:35,Stormy,Low,0,Meal,motorcycle,1.0,No,Urban,26,JAP,North India,22
0xac1c,RANCHIRES13DEL02,24.0,4.9,23.374989,85.335486,23.504989,85.465486,20-03-2022,23:25,23:35,Windy,Low,0,Drinks,motorcycle,,No,Urban,17,RAN,North India,23
0xdc6c,BHPRES09DEL02,29.0,4.6,0.0,0.0,0.08,0.08,12-02-2022,18:55,19:10,Stormy,Medium,1,Snack,scooter,1.0,No,Urban,18,BHP,North India,18
0x8536,INDORES07DEL01,31.0,4.0,22.722634,75.886959,22.762634,75.926959,03-04-2022,14:10,14:15,Sandstorms,High,2,Buffet,scooter,0.0,No,Urban,34,IND,North India,14
0x7319,JAPRES09DEL01,28.0,4.8,26.911378,75.789034,26.921378,75.799034,07-03-2022,09:20,09:25,Cloudy,Low,0,Snack,motorcycle,0.0,No,Urban,24,JAP,North India,9
0xb42d,RANCHIRES05DEL03,30.0,4.9,23.355164,85.324097,23.385164,85.354097,19-03-2022,22:45,0.958333333,Sunny,Low,1,Snack,scooter,1.0,No,Urban,11,RAN,North India,22
0x8934,JAPRES01DEL01,25.0,4.6,26.90519,75.810753,26.94519,75.850753,17-03-2022,12:25,12:30,Stormy,High,1,Buffet,scooter,0.0,No,Urban,28,JAP,North India,12
0x5ffb,RANCHIRES13DEL01,36.0,4.9,23.374989,85.335486,23.414989,85.375486,30-03-2022,16:15,16:25,Windy,Medium,0,Buffet,motorcycle,2.0,No,Urban,34,RAN,North India,16
0xe27d,LUDHRES09DEL02,32.0,4.0,30.885814,75.786976,30.965814,75.866976,18-02-2022,19:20,19:25,Cloudy,Jam,2,Snack,scooter,1.0,No,Urban,46,LUD,North India,19
0x4282,RANCHIRES09DEL01,24.0,4.8,23.351058,85.325731,23.461058,85.435731,16-03-2022,23:55,24:05:00,Cloudy,Low,2,Buffet,motorcycle,1.0,No,Urban,29,RAN,North India,23
0x8137,INDORES19DEL01,22.0,4.9,22.745536,75.893106,22.755536,75.903106,03-04-2022,11:45,0.5,Windy,High,0,Buffet,motorcycle,1.0,No,Urban,38,IND,North India,11
0xd259,LUDHRES07DEL02,37.0,4.7,0.0,0.0,0.02,0.02,13-02-2022,09:10,09:25,Sunny,Low,1,Drinks,scooter,0.0,No,Urban,13,LUD,North India,9
0x5a44,JAPRES03DEL01,35.0,4.6,26.913483,75.803139,26.953483,75.843139,19-03-2022,14:20,14:25,Sunny,High,1,Snack,scooter,1.0,No,Urban,20,JAP,North India,14
0x33b8,JAPRES12DEL03,29.0,4.5,26.902908,75.792934,26.962908,75.852934,09-03-2022,21:45,0.916666667,Stormy,Jam,0,Drinks,motorcycle,1.0,No,Urban,29,JAP,North India,21
0xa40b,INDORES17DEL03,31.0,4.1,22.761226,75.887522,22.791226,75.917522,05-03-2022,23:10,23:25,Windy,Low,0,Drinks,motorcycle,1.0,No,Urban,26,IND,North India,23
0xd690,ALHRES03DEL02,23.0,4.7,25.451517,81.832616,25.471517,81.852616,13-02-2022,11:10,11:25,Windy,High,0,Snack,motorcycle,0.0,No,Urban,19,ALH,North India,11
0x93f6,JAPRES09DEL03,22.0,4.6,26.911378,75.789034,26.941378,75.819034,13-03-2022,23:50,1,Windy,Low,1,Snack,motorcycle,0.0,No,Urban,11,JAP,North India,23
0xb06b,RANCHIRES06DEL03,37.0,4.8,23.357804,85.325146,23.387804,85.355146,13-03-2022,21:30,21:45,Sunny,Jam,0,Drinks,motorcycle,0.0,No,Urban,20,RAN,North India,21
0xc5dc,DEHRES19DEL02,31.0,4.9,30.372202,78.077151,30.502202,78.207151,16-02-2022,21:20,21:25,Sunny,Jam,2,Buffet,scooter,0.0,No,Urban,25,DEH,North India,21
0x6f75,RANCHIRES07DEL02,25.0,4.4,23.359407,85.325055,23.439407,85.405055,20-03-2022,21:20,21:25,Cloudy,Jam,1,Buffet,scooter,1.0,No,Urban,39,RAN,North India,21
0x4998,JAPRES11DEL03,35.0,4.8,26.90294,75.793007,27.04294,75.933007,25-03-2022,17:35,17:50,Windy,Medium,2,Snack,motorcycle,1.0,No,Urban,28,JAP,North India,17
0xc6b6,AGRRES02DEL02,23.0,4.6,0.0,0.0,0.08,0.08,14-02-2022,23:20,23:35,Cloudy,Low,2,Snack,scooter,,No,Urban,23,AGR,North India,23
0xb51e,RANCHIRES16DEL01,30.0,4.7,23.371292,85.327872,23.411292,85.367872,01-03-2022,15:50,0.666666667,Sunny,Medium,1,Buffet,scooter,1.0,No,Urban,16,RAN,North India,15
0x8657,RANCHIRES15DEL02,21.0,4.8,23.369746,85.33982,23.499746,85.46982,23-03-2022,20:25,20:35,Windy,Jam,2,Drinks,electric_scooter,1.0,No,Urban,29,RAN,North India,20
0x22c4,JAPRES15DEL02,24.0,4.9,26.891191,75.802083,26.941191,75.852083,03-03-2022,19:40,19:45,Cloudy,Jam,1,Drinks,motorcycle,0.0,No,Urban,28,JAP,North India,19
0xd385,AGRRES02DEL01,21.0,4.9,0.0,0.0,0.11,0.11,14-02-2022,1,24:15:00,Sandstorms,Low,1,Meal,scooter,1.0,No,Urban,16,AGR,North India,1
0xda8f,LUDHRES11DEL01,31.0,4.8,30.893081,75.821495,31.003081,75.931495,12-02-2022,22:55,0.958333333,Cloudy,Low,0,Drinks,motorcycle,1.0,No,Urban,40,LUD,North India,22
0x3905,RANCHIRES13DEL02,35.0,3.7,23.374989,85.335486,23.504989,85.465486,08-03-2022,21:15,21:25,Sandstorms,Jam,1,Drinks,scooter,1.0,No,Urban,31,RAN,North India,21
0x7f81,INDORES16DEL01,31.0,5.0,22.744648,75.894377,22.784648,75.934377,03-03-2022,15:35,15:50,Fog,Medium,1,Meal,scooter,0.0,No,Urban,18,IND,North India,15
0x8129,JAPRES07DEL01,34.0,4.9,26.766536,75.837333,26.776536,75.847333,13-03-2022,08:40,08:55,Stormy,Low,2,Meal,motorcycle,1.0,No,Urban,27,JAP,North India,8
0x143f,JAPRES14DEL03,26.0,4.6,26.88842,75.800689,26.97842,75.890689,16-03-2022,20:10,20:15,Sunny,Jam,1,Buffet,scooter,,No,Urban,10,JAP,North India,20
0xc2c3,KNPRES15DEL02,21.0,4.9,26.482419,80.320939,26.532419,80.370939,17-02-2022,20:45,20:50,Cloudy,Jam,0,Meal,motorcycle,0.0,No,Urban,22,KNP,North India,20
0x25d6,INDORES03DEL01,30.0,4.9,22.751857,75.866699,22.761857,75.876699,01-04-2022,08:45,08:50,Cloudy,Low,0,Meal,motorcycle,1.0,No,Urban,22,IND,North India,8
0xdc1a,ALHRES07DEL01,24.0,4.6,25.449659,81.839744,25.459659,81.849744,13-02-2022,11:50,12:05,Windy,High,1,Snack,motorcycle,0.0,No,Urban,15,ALH,North India,11
0xaf12,JAPRES15DEL03,20.0,4.7,26.891191,75.802083,26.951191,75.862083,13-03-2022,23:35,23:40,Windy,Low,2,Snack,scooter,0.0,No,Urban,11,JAP,North India,23
0x3dea,INDORES03DEL02,23.0,4.9,22.751857,75.866699,22.831857,75.946699,04-03-2022,17:45,17:50,Cloudy,Medium,1,Snack,motorcycle,1.0,No,Urban,29,IND,North India,17
0xc63d,AGRRES14DEL03,33.0,4.7,27.16185,78.040165,27.30185,78.180165,16-02-2022,22:40,22:55,Sandstorms,Low,2,Snack,motorcycle,1.0,No,Urban,17,AGR,North India,22
0xae36,JAPRES19DEL02,34.0,4.6,26.913726,75.75282,27.043726,75.88282,14-03-2022,19:50,20:05,Windy,Jam,0,Snack,motorcycle,1.0,No,Urban,47,JAP,North India,19
0x649e,INDORES11DEL02,33.0,4.7,22.751234,75.88949,22.801234,75.93949,15-03-2022,22:45,22:50,Sandstorms,Low,1,Meal,scooter,1.0,No,Urban,21,IND,North India,22
0x7ba8,INDORES14DEL03,31.0,4.8,22.761593,75.886362,22.791593,75.916362,24-03-2022,19:10,19:15,Fog,Jam,0,Meal,motorcycle,0.0,No,Urban,27,IND,North India,19
0xcd8e,AGRRES07DEL01,34.0,4.9,27.160934,78.044095,27.170934,78.054095,11-02-2022,10:30,10:40,Sunny,Low,2,Drinks,scooter,0.0,No,Urban,19,AGR,North India,10
0xa1fb,JAPRES12DEL01,37.0,4.2,26.902908,75.792934,26.942908,75.832934,15-03-2022,13:25,13:40,Fog,High,0,Drinks,motorcycle,2.0,No,Urban,33,JAP,North India,13
0xcf26,KNPRES19DEL03,26.0,4.7,26.49095,80.318656,26.58095,80.408656,14-02-2022,21:10,21:25,Windy,Jam,2,Snack,motorcycle,0.0,No,Urban,24,KNP,North India,21
0xde93,BHPRES18DEL01,25.0,4.8,23.234631,77.401663,23.244631,77.411663,11-02-2022,09:35,09:50,Windy,Low,1,Drinks,motorcycle,0.0,No,Urban,11,BHP,North India,9
0x283b,JAPRES20DEL02,37.0,4.5,26.956431,75.776649,27.006431,75.826649,11-03-2022,19:55,20:05,Fog,Jam,2,Drinks,scooter,0.0,No,Urban,28,JAP,North India,19
0xa43f,JAPRES08DEL01,36.0,4.1,26.910262,75.783013,27.020262,75.893013,10-03-2022,19:15,19:20,Cloudy,Jam,1,Buffet,scooter,0.0,No,Urban,36,JAP,North India,19
0x7045,JAPRES010DEL01,33.0,4.8,26.921411,75.793604,26.991411,75.863604,14-03-2022,21:45,21:50,Fog,Jam,1,Meal,motorcycle,1.0,No,Urban,45,JAP,North India,21
0xba8d,JAPRES08DEL02,28.0,4.9,26.910262,75.783013,26.990262,75.863013,27-03-2022,17:40,17:45,Sandstorms,Medium,1,Snack,scooter,1.0,No,Urban,23,JAP,North India,17
0x25d7,RANCHIRES05DEL02,21.0,4.7,23.355164,85.324097,23.375164,85.344097,15-03-2022,08:35,08:45,Stormy,Low,1,Drinks,motorcycle,1.0,No,Urban,14,RAN,North India,8
0x7b28,JAPRES07DEL01,36.0,4.9,26.766536,75.837333,26.806536,75.877333,11-03-2022,16:45,16:55,Sunny,Medium,0,Snack,motorcycle,1.0,No,Urban,27,JAP,North India,16
0x928e,RANCHIRES18DEL03,24.0,4.5,23.351489,85.324253,23.441489,85.414253,10-03-2022,19:25,19:40,Sandstorms,Jam,1,Snack,scooter,1.0,No,Urban,19,RAN,North India,19
0x4c86,RANCHIRES18DEL01,21.0,4.6,23.351489,85.324253,23.461489,85.434253,29-03-2022,18:45,18:50,Sunny,Medium,2,Drinks,electric_scooter,0.0,No,Urban,11,RAN,North India,18
0x2074,JAPRES14DEL01,26.0,4.9,26.88842,75.800689,26.89842,75.810689,30-03-2022,11:15,11:25,Sunny,High,2,Snack,scooter,0.0,No,Urban,13,JAP,North India,11
0x5256,INDORES18DEL02,22.0,4.7,22.753839,75.897429,22.803839,75.947429,11-03-2022,22:40,22:55,Cloudy,Low,0,Buffet,motorcycle,1.0,No,Urban,19,IND,North India,22
0x83c,RANCHIRES20DEL02,30.0,4.6337736972250205,23.39925,85.390464,23.41925,85.410464,24-03-2022,11:25,11:30,Stormy,High,2,Meal,scooter,1.0,No,Urban,15,RAN,North India,11
0xc2d1,BHPRES19DEL01,32.0,4.9,0.0,0.0,0.11,0.11,18-02-2022,18:40,18:45,Fog,Medium,1,Meal,scooter,0.0,No,Urban,30,BHP,North India,18
0x795e,INDORES20DEL01,22.0,4.7,22.732225,75.874765,22.842225,75.984765,04-03-2022,17:25,17:40,Sunny,Medium,1,Meal,motorcycle,1.0,No,Urban,14,IND,North India,17
0xd9b0,LUDHRES05DEL02,35.0,4.8,30.905562,75.832841,31.035562,75.962841,14-02-2022,22:40,22:45,Fog,Low,0,Snack,motorcycle,1.0,No,Urban,40,LUD,North India,22
0x96da,JAPRES010DEL03,28.0,4.6,26.921411,75.793604,26.981411,75.853604,09-03-2022,22:15,22:20,Cloudy,Low,1,Snack,scooter,1.0,No,Urban,19,JAP,North India,22
0xdfb7,LUDHRES16DEL02,32.0,4.0,30.895817,75.813112,30.945817,75.863112,11-02-2022,20:40,20:55,Stormy,Jam,2,Drinks,motorcycle,1.0,No,Urban,31,LUD,North India,20
0xd4a4,DEHRES15DEL02,29.0,4.9,0.0,0.0,0.13,0.13,18-02-2022,20:50,21:05,Sandstorms,Jam,1,Meal,scooter,1.0,No,Urban,20,DEH,North India,20
0x8013,INDORES03DEL02,24.0,4.4,22.751857,75.866699,22.831857,75.946699,06-04-2022,18:15,18:30,Sandstorms,Medium,0,Meal,motorcycle,,No,Urban,34,IND,North India,18
0x4de2,JAPRES01DEL01,23.0,4.7,26.90519,75.810753,26.91519,75.820753,11-03-2022,08:15,08:30,Sunny,Low,1,Meal,motorcycle,0.0,No,Urban,24,JAP,North India,8
0x6b77,INDORES17DEL01,26.0,4.7,22.761226,75.887522,22.801226,75.927522,01-03-2022,15:35,15:40,Sandstorms,Medium,0,Meal,motorcycle,0.0,No,Urban,11,IND,North India,15
0x8078,JAPRES010DEL03,22.0,4.6,26.921411,75.793604,27.011411,75.883604,10-03-2022,22:15,22:30,Fog,Low,0,Snack,motorcycle,1.0,No,Urban,24,JAP,North India,22
0xc83c,AGRRES13DEL02,36.0,4.7,27.159795,78.04299,27.209795,78.09299,11-02-2022,18:35,18:45,Cloudy,Medium,2,Buffet,electric_scooter,1.0,No,Urban,19,AGR,North India,18
0xac88,INDORES09DEL01,22.0,4.8,22.725835,75.887648,22.835835,75.997648,29-03-2022,19:40,19:50,Sandstorms,Jam,1,Buffet,scooter,1.0,No,Urban,19,IND,North India,19
0x2a3a,JAPRES17DEL03,22.0,4.8,26.892312,75.806896,26.982312,75.896896,02-03-2022,18:30,18:35,Stormy,Medium,1,Snack,scooter,1.0,No,Urban,15,JAP,North India,18
0x471c,JAPRES03DEL01,27.0,4.9,26.913483,75.803139,26.923483,75.813139,24-03-2022,09:25,09:30,Sunny,Low,2,Snack,scooter,0.0,No,Urban,21,JAP,North India,9
0xcbbd,KOLRES09DEL03,24.0,5.0,22.515082,88.36783,22.605082,88.45783,16-02-2022,21:45,0.916666667,Windy,Jam,0,Meal,motorcycle,0.0,No,Urban,29,KOL,North India,21
0xce1a,KNPRES11DEL02,21.0,4.6,26.474986,80.342796,26.494986,80.362796,15-02-2022,09:15,09:30,Sunny,Low,0,Drinks,motorcycle,1.0,No,Urban,10,KNP,North India,9
0xb42e,JAPRES03DEL02,22.0,4.8,26.913483,75.803139,26.933483,75.823139,01-04-2022,11:55,12:05,Windy,High,2,Meal,scooter,0.0,No,Urban,19,JAP,North India,11
0xd4d9,KNPRES13DEL02,29.0,4.3,26.481547,80.299775,26.501547,80.319775,11-02-2022,10:15,10:25,Sandstorms,Low,0,Buffet,motorcycle,1.0,No,Urban,28,KNP,North India,10
0x497c,RANCHIRES08DEL01,23.0,4.6,23.353783,85.326967,23.393783,85.366967,13-03-2022,12:25,12:35,Fog,High,0,Drinks,motorcycle,1.0,No,Urban,22,RAN,North India,12
0x5624,RANCHIRES03DEL01,24.0,4.8,0.0,0.0,0.07,0.07,04-04-2022,17:30,17:35,Cloudy,Medium,0,Buffet,motorcycle,1.0,No,Urban,42,RAN,North India,17
0xc1dc,DEHRES04DEL01,30.0,4.7,30.340722,78.060221,30.410722,78.130221,12-02-2022,19:35,19:50,Sunny,Jam,2,Buffet,scooter,1.0,No,Urban,22,DEH,North India,19
0xd3ef,KOLRES11DEL03,31.0,5.0,22.577821,88.400581,22.637821,88.460581,13-02-2022,20:55,21:10,Fog,Jam,1,Meal,scooter,0.0,No,Urban,29,KOL,North India,20
0x8a97,JAPRES16DEL01,29.0,4.9,26.849596,75.800512,26.959596,75.910512,06-03-2022,20:55,0.875,Windy,Jam,1,Snack,motorcycle,1.0,No,Urban,20,JAP,North India,20
0xa9bf,INDORES03DEL01,29.0,4.8,22.751857,75.866699,22.791857,75.906699,03-04-2022,15:40,15:55,Fog,Medium,2,Drinks,motorcycle,1.0,No,Urban,18,IND,North India,15
0xa368,JAPRES17DEL02,39.0,4.6,26.892312,75.806896,27.022313,75.936896,02-03-2022,20:50,21:05,Sunny,Jam,1,Drinks,motorcycle,0.0,No,Urban,24,JAP,North India,20
0x304c,JAPRES02DEL01,34.0,4.6,26.914142,75.805704,26.954142,75.845704,21-03-2022,12:10,12:20,Cloudy,High,0,Snack,motorcycle,1.0,No,Urban,33,JAP,North India,12
0x9e9e,RANCHIRES010DEL02,22.0,4.7,23.354422,85.3329,23.484422,85.4629,23-03-2022,19:15,19:30,Sunny,Jam,0,Meal,motorcycle,1.0,No,Urban,18,RAN,North India,19
0xa624,INDORES12DEL01,25.0,5.0,22.74806,75.8934,22.78806,75.9334,17-03-2022,13:40,13:45,Windy,High,2,Drinks,scooter,0.0,No,Urban,17,IND,North India,13
0xa179,RANCHIRES03DEL02,35.0,4.6,0.0,0.0,0.08,0.08,20-03-2022,23:15,23:20,Windy,Low,2,Snack,electric_scooter,1.0,No,Urban,25,RAN,North India,23
0xde60,BHPRES06DEL02,23.0,4.8,23.232357,77.429989,23.282357,77.479989,15-02-2022,21:15,21:20,Sandstorms,Jam,0,Snack,motorcycle,1.0,No,Urban,20,BHP,North India,21
0x665a,JAPRES18DEL01,36.0,5.0,26.913987,75.752891,26.923987,75.762891,05-04-2022,09:20,09:35,Sunny,Low,1,Meal,motorcycle,1.0,No,Urban,12,JAP,North India,9
0xd1d2,AGRRES14DEL01,25.0,4.7,27.16185,78.040165,27.17185,78.050165,17-02-2022,08:45,08:50,Windy,Low,2,Meal,motorcycle,1.0,No,Urban,17,AGR,North India,8
0xe04f,AGRRES01DEL03,22.0,4.6,27.161661,78.011544,27.191661,78.041544,13-02-2022,21:35,21:45,Sunny,Jam,2,Drinks,electric_scooter,1.0,No,Urban,17,AGR,North India,21
0x9448,JAPRES04DEL03,23.0,4.9,26.902328,75.794257,26.932328,75.824257,13-03-2022,18:15,18:25,Sunny,Medium,2,Meal,scooter,1.0,No,Urban,12,JAP,North India,18
0xcb53,BHPRES14DEL01,36.0,4.7,0.0,0.0,0.04,0.04,15-02-2022,15:20,15:30,Cloudy,Medium,2,Meal,scooter,0.0,No,Urban,16,BHP,North India,15
0x23ad,RANCHIRES07DEL03,24.0,4.9,23.359407,85.325055,23.419407,85.385055,03-04-2022,18:45,18:50,Cloudy,Medium,0,Drinks,motorcycle,0.0,No,Urban,25,RAN,North India,18
0x49bf,INDORES17DEL02,39.0,4.8,22.761226,75.887522,22.891226,76.017522,16-03-2022,22:25,22:35,Sunny,Low,2,Buffet,scooter,0.0,No,Urban,15,IND,North India,22
0xac35,JAPRES010DEL01,31.0,4.5,26.921411,75.793604,27.031411,75.903604,18-03-2022,23:20,23:30,Sunny,Low,0,Drinks,motorcycle,,No,Urban,26,JAP,North India,23
0x1836,RANCHIRES03DEL03,29.0,4.7,0.0,0.0,0.06,0.06,24-03-2022,17:50,0.75,Windy,Medium,0,Buffet,motorcycle,1.0,No,Urban,24,RAN,North India,17
0x3b66,RANCHIRES19DEL03,29.0,4.6,23.333017,85.3172,23.363017,85.3472,28-03-2022,22:50,22:55,Sandstorms,Low,2,Drinks,scooter,0.0,No,Urban,13,RAN,North India,22
0xd08a,LUDHRES17DEL01,27.0,4.7,30.893384,75.821202,30.903384,75.831202,13-02-2022,10:40,10:55,Stormy,Low,1,Meal,motorcycle,1.0,No,Urban,17,LUD,North India,10
0x9349,JAPRES09DEL02,21.0,4.9,26.911378,75.789034,26.991378,75.869034,27-03-2022,18:35,18:40,Windy,Medium,1,Meal,motorcycle,1.0,No,Urban,22,JAP,North India,18
0x32f8,INDORES010DEL01,35.0,4.9,22.75004,75.902847,22.76004,75.912847,13-03-2022,10:30,10:40,Stormy,Low,2,Drinks,scooter,1.0,No,Urban,20,IND,North India,10
0x3c08,JAPRES06DEL02,29.0,4.5,26.911927,75.797282,27.041927,75.927282,20-03-2022,20:15,20:25,Sandstorms,Jam,2,Snack,scooter,0.0,No,Urban,16,JAP,North India,20
0xdf30,ALHRES18DEL01,34.0,4.8,25.450317,81.831681,25.460317,81.841681,15-02-2022,08:10,08:20,Cloudy,Low,2,Drinks,scooter,0.0,No,Urban,15,ALH,North India,8
0x12f5,JAPRES06DEL03,39.0,4.6,26.911927,75.797282,27.001927,75.887282,14-03-2022,20:30,20:45,Sunny,Jam,1,Drinks,motorcycle,,No,Urban,16,JAP,North India,20
0xd60e,DEHRES14DEL01,21.0,4.5,30.319528,78.040267,30.329528,78.050267,17-02-2022,09:30,09:35,Fog,Low,0,Snack,motorcycle,0.0,No,Urban,19,DEH,North India,9
0xc95e,KNPRES06DEL01,21.0,4.1,0.0,0.0,0.04,0.04,15-02-2022,14:10,14:25,Sunny,High,0,Drinks,motorcycle,1.0,No,Urban,53,KNP,North India,14
0x2fce,JAPRES18DEL03,26.0,4.5,26.913987,75.752891,26.943987,75.782891,17-03-2022,18:10,18:25,Cloudy,Medium,2,Drinks,scooter,1.0,No,Urban,10,JAP,North India,18
0xc805,ALHRES03DEL02,20.0,4.6337736972250205,25.451517,81.832616,25.501517,81.882616,13-02-2022,22:15,22:30,Stormy,Low,2,Snack,scooter,1.0,No,Urban,17,ALH,North India,22
0xba38,RANCHIRES02DEL02,28.0,5.0,0.0,0.0,0.08,0.08,29-03-2022,23:50,24:05:00,Windy,Low,2,Drinks,electric_scooter,1.0,No,Urban,16,RAN,North India,23
0xcdc5,KNPRES010DEL03,27.0,4.7,26.47775,80.351569,26.53775,80.411569,17-02-2022,17:45,17:55,Fog,Medium,1,Buffet,motorcycle,0.0,,Urban,12,KNP,North India,17
0xb50c,JAPRES15DEL03,31.0,4.1,26.891191,75.802083,27.031191,75.942083,23-03-2022,21:15,21:25,Sandstorms,Jam,0,Buffet,motorcycle,1.0,Yes,Urban,51,JAP,North India,21
0xdf99,KNPRES010DEL01,27.0,4.5,26.47775,80.351569,26.54775,80.421569,14-02-2022,22:30,22:40,Windy,Low,1,Drinks,scooter,0.0,No,Urban,10,KNP,North India,22
0xd5e7,KNPRES19DEL01,38.0,5.0,26.49095,80.318656,26.50095,80.328656,17-02-2022,09:40,09:45,Sunny,Low,2,Meal,electric_scooter,1.0,No,Urban,11,KNP,North India,9
0xa647,JAPRES05DEL01,27.0,4.7,26.905287,75.794592,27.015287,75.904592,27-03-2022,20:50,20:55,Stormy,Jam,1,Meal,scooter,0.0,No,Urban,24,JAP,North India,20
0x5fd1,RANCHIRES18DEL02,29.0,4.8,23.351489,85.324253,23.481489,85.454253,04-03-2022,22:25,22:35,Sandstorms,Low,0,Snack,motorcycle,1.0,No,Urban,16,RAN,North India,22
0x3d7d,RANCHIRES04DEL03,26.0,4.6,23.359033,85.325347,23.449033,85.415347,31-03-2022,22:55,0.958333333,Stormy,Low,2,Drinks,scooter,1.0,No,Urban,16,RAN,North India,22
0x13cc,JAPRES01DEL01,20.0,4.5,26.90519,75.810753,26.91519,75.820753,07-03-2022,09:35,09:45,Windy,Low,1,Meal,scooter,0.0,No,Urban,13,JAP,North India,9
0x71a7,JAPRES02DEL01,35.0,4.7,26.914142,75.805704,27.024142,75.915704,18-03-2022,20:25,20:35,Sunny,Jam,1,Buffet,motorcycle,0.0,No,Urban,21,JAP,North India,20
0x8816,RANCHIRES09DEL01,25.0,4.7,23.351058,85.325731,23.461058,85.435731,14-03-2022,22:35,22:40,Stormy,Low,1,Snack,scooter,0.0,No,Urban,13,RAN,North India,22
0xb2c6,INDORES01DEL03,28.0,4.6,22.695207,75.866059,22.785207,75.956059,10-03-2022,17:10,17:20,Fog,Medium,2,Drinks,scooter,1.0,No,Urban,25,IND,North India,17
0xde06,LUDHRES09DEL02,31.0,4.7,30.885814,75.786976,31.015814,75.916976,16-02-2022,17:50,17:55,Sandstorms,Medium,1,Meal,scooter,1.0,No,Urban,20,LUD,North India,17
0xd5ec,LUDHRES17DEL03,31.0,5.0,30.893384,75.821202,30.953384,75.881202,13-02-2022,23:45,23:50,Fog,Low,2,Snack,electric_scooter,1.0,No,Urban,19,LUD,North India,23
0x8513,INDORES05DEL03,39.0,4.6,22.727021,75.884167,22.787021,75.944167,05-03-2022,18:45,18:55,Fog,Medium,0,Meal,motorcycle,0.0,No,Urban,29,IND,North India,18
0x650,INDORES08DEL01,30.0,4.6337736972250205,22.725748,75.898497,22.835748,76.008497,16-03-2022,19:10,19:25,Sunny,Jam,1,Buffet,motorcycle,1.0,No,Urban,25,IND,North India,19
0xdffe,BHPRES15DEL01,27.0,4.8,23.234249,77.434007,23.344249,77.544007,16-02-2022,20:20,20:25,Sunny,Jam,1,Snack,motorcycle,0.0,No,Urban,21,BHP,North India,20
0xe0f7,AGRRES20DEL01,24.0,5.0,27.158822,78.045359,27.168822,78.055359,13-02-2022,08:25,08:35,Sandstorms,Low,1,Buffet,scooter,1.0,No,Urban,12,AGR,North India,8
0xc5c4,DEHRES02DEL01,21.0,4.6,0.0,0.0,0.04,0.04,13-02-2022,12:20,12:30,Sunny,High,1,Drinks,motorcycle,0.0,No,Urban,11,DEH,North India,12
0x3837,INDORES03DEL03,34.0,4.5,22.751857,75.866699,22.811857,75.926699,11-03-2022,20:30,20:45,Sunny,Jam,1,Buffet,scooter,1.0,No,Urban,24,IND,North India,20
0xca13,KNPRES16DEL01,35.0,4.7,26.482581,80.315628,26.592581,80.425628,18-02-2022,23:40,23:45,Stormy,Low,0,Buffet,motorcycle,1.0,No,Urban,20,KNP,North India,23
0x6d10,JAPRES02DEL02,21.0,4.5,26.914142,75.805704,27.044142,75.935704,31-03-2022,20:25,20:30,Stormy,Jam,2,Snack,electric_scooter,1.0,No,Urban,25,JAP,North India,20
0x919f,INDORES02DEL01,39.0,4.8,22.651847,75.881991,22.691847,75.921991,21-03-2022,16:25,16:30,Cloudy,Medium,0,Drinks,motorcycle,0.0,No,Urban,26,IND,North India,16
0x4d8d,JAPRES20DEL01,39.0,3.5,26.956431,75.776649,27.066431,75.886649,06-04-2022,19:40,19:50,Stormy,Jam,2,Buffet,motorcycle,1.0,No,Urban,41,JAP,North India,19
0x137c,INDORES01DEL01,29.0,4.6,22.695207,75.866059,22.735207,75.906059,28-03-2022,12:55,13:10,Sandstorms,High,1,Buffet,motorcycle,1.0,No,Urban,24,IND,North India,12
0xc4e4,ALHRES11DEL01,29.0,4.5,0.0,0.0,0.11,0.11,14-02-2022,21:55,0.916666667,Windy,Jam,1,Snack,motorcycle,1.0,No,Urban,23,ALH,North India,21
0xab95,INDORES07DEL01,31.0,4.8,22.722634,75.886959,22.792634,75.956959,29-03-2022,18:45,18:55,Stormy,Medium,2,Snack,electric_scooter,1.0,No,Urban,26,IND,North India,18
0x6884,INDORES12DEL01,24.0,4.9,22.74806,75.8934,22.75806,75.9034,07-03-2022,09:10,09:15,Fog,Low,0,Snack,motorcycle,1.0,No,Urban,19,IND,North India,9
0x23c8,INDORES13DEL03,24.0,4.6,22.745049,75.892471,22.775049,75.922471,05-03-2022,22:20,22:25,Fog,Low,1,Snack,motorcycle,1.0,No,Urban,10,IND,North India,22
0x882f,JAPRES04DEL01,34.0,4.9,26.902328,75.794257,26.912328,75.804257,17-03-2022,09:45,09:50,Cloudy,Low,2,Drinks,electric_scooter,1.0,No,Urban,17,JAP,North India,9
0xcd16,LUDHRES010DEL02,21.0,4.6,30.89286,75.822199,31.02286,75.952199,12-02-2022,19:30,19:40,Fog,Jam,1,Meal,scooter,,No,Urban,30,LUD,North India,19
0x4ed0,INDORES11DEL03,22.0,4.6,22.751234,75.88949,22.841234,75.97949,25-03-2022,21:35,21:45,Sandstorms,Jam,2,Drinks,electric_scooter,0.0,No,Urban,20,IND,North India,21
0x6731,RANCHIRES02DEL02,38.0,4.8,0.0,0.0,0.08,0.08,25-03-2022,17:35,17:45,Sunny,Medium,1,Buffet,scooter,1.0,No,Urban,19,RAN,North India,17
0xcaf7,KNPRES14DEL03,25.0,5.0,26.463504,80.372929,26.493504,80.402929,11-02-2022,17:15,17:20,Fog,Medium,0,Drinks,motorcycle,1.0,No,Urban,20,KNP,North India,17
0xbfb3,BHPRES07DEL03,34.0,4.1,0.0,0.0,0.09,0.09,12-02-2022,21:10,21:20,Fog,Jam,2,Buffet,motorcycle,1.0,No,Urban,47,BHP,North India,21
0x9d54,JAPRES09DEL02,27.0,4.6,26.911378,75.789034,26.991378,75.869034,23-03-2022,21:20,21:30,Fog,Jam,0,Snack,motorcycle,2.0,No,Urban,37,JAP,North India,21
0x95d7,RANCHIRES18DEL02,39.0,4.9,23.351489,85.324253,23.371489,85.344253,17-03-2022,09:45,09:55,Sunny,Low,1,Drinks,motorcycle,0.0,No,Urban,15,RAN,North India,9
0x2758,INDORES17DEL03,21.0,4.6,22.761226,75.887522,22.791226,75.917522,15-03-2022,23:25,23:35,Stormy,Low,2,Meal,motorcycle,0.0,No,Urban,15,IND,North India,23
0xcb38,DEHRES02DEL02,29.0,4.7,0.0,0.0,0.08,0.08,14-02-2022,17:10,17:15,Sunny,Medium,2,Drinks,electric_scooter,1.0,No,Urban,19,DEH,North India,17
0xafd9,JAPRES19DEL02,23.0,4.0,26.913726,75.75282,26.933726,75.77282,19-03-2022,08:15,08:30,Stormy,Low,0,Drinks,motorcycle,1.0,No,Urban,15,JAP,North India,8
0x5e5c,JAPRES03DEL01,34.0,5.0,26.913483,75.803139,26.923483,75.813139,03-04-2022,11:25,11:30,Stormy,High,0,Snack,motorcycle,1.0,Yes,Urban,49,JAP,North India,11
0x6859,JAPRES18DEL01,23.0,4.7,26.913987,75.752891,26.923987,75.762891,17-03-2022,10:20,10:35,Sunny,Low,1,Buffet,motorcycle,1.0,No,Urban,23,JAP,North India,10
0x6ebc,RANCHIRES20DEL02,31.0,5.0,23.39925,85.390464,23.47925,85.470464,04-03-2022,17:15,17:30,Sunny,Medium,0,Buffet,motorcycle,1.0,No,Urban,36,RAN,North India,17
0x433e,INDORES06DEL01,33.0,4.8,22.728163,75.884212,22.738163,75.894212,05-04-2022,11:55,0.5,Fog,High,1,Drinks,scooter,1.0,No,Urban,38,IND,North India,11
0x3669,JAPRES04DEL01,37.0,4.2,26.902328,75.794257,27.012328,75.904257,29-03-2022,21:55,0.916666667,Windy,Jam,2,Meal,scooter,2.0,No,Urban,44,JAP,North India,21
0xdf65,LUDHRES05DEL03,34.0,4.7,30.905562,75.832841,30.935562,75.862841,17-02-2022,17:10,17:15,Fog,Medium,1,Snack,motorcycle,0.0,No,Urban,18,LUD,North India,17
0xcebb,KNPRES16DEL03,23.0,4.6,26.482581,80.315628,26.622581,80.455628,12-02-2022,18:30,18:40,Fog,Medium,1,Meal,motorcycle,0.0,No,Urban,27,KNP,North India,18
0x33c2,JAPRES04DEL03,21.0,4.7,26.902328,75.794257,26.962328,75.854257,03-04-2022,17:40,17:55,Cloudy,Medium,1,Buffet,motorcycle,0.0,No,Urban,15,JAP,North India,17
0x405d,INDORES19DEL03,36.0,4.7,22.745536,75.893106,22.835536,75.983106,31-03-2022,17:25,17:35,Sunny,Medium,0,Meal,motorcycle,1.0,No,Urban,26,IND,North India,17
0xca2d,KNPRES010DEL02,20.0,4.7,26.47775,80.351569,26.60775,80.481569,12-02-2022,19:50,0.833333333,Stormy,Jam,2,Drinks,electric_scooter,0.0,No,Urban,28,KNP,North India,19
0xd5d4,LUDHRES14DEL01,37.0,4.9,30.892978,75.821847,30.902978,75.831847,15-02-2022,11:40,11:45,Windy,High,2,Buffet,electric_scooter,0.0,No,Urban,25,LUD,North India,11
0x2259,RANCHIRES08DEL03,29.0,4.7,23.353783,85.326967,23.413783,85.386967,17-03-2022,18:55,0.791666667,Cloudy,Medium,2,Drinks,scooter,0.0,No,Urban,15,RAN,North India,18
0x861f,RANCHIRES09DEL03,39.0,4.3,23.351058,85.325731,23.441058,85.415731,20-03-2022,18:30,18:35,Sandstorms,Medium,1,Buffet,scooter,1.0,No,Urban,33,RAN,North India,18
0xc845,KOLRES08DEL02,25.0,4.3,22.53796,88.349843,22.58796,88.399843,17-02-2022,22:40,22:50,Windy,Low,0,Drinks,motorcycle,1.0,No,Urban,28,KOL,North India,22
0x60b3,RANCHIRES12DEL03,26.0,4.8,0.0,0.0,0.06,0.06,03-03-2022,20:30,20:45,Sandstorms,Jam,1,Buffet,motorcycle,0.0,No,Urban,15,RAN,North India,20
0x6454,INDORES18DEL03,24.0,4.8,22.753839,75.897429,22.813838,75.957429,30-03-2022,17:30,17:35,Sandstorms,Medium,2,Drinks,scooter,1.0,No,Urban,23,IND,North India,17
0x4d23,RANCHIRES01DEL02,34.0,4.7,23.416792,85.316842,23.546792,85.446842,14-03-2022,22:45,22:50,Windy,Low,0,Snack,motorcycle,1.0,No,Urban,28,RAN,North India,22
0x47de,JAPRES20DEL03,29.0,4.8,26.956431,75.776649,27.096431,75.916649,06-03-2022,19:20,19:35,Sunny,Jam,2,Snack,scooter,0.0,No,Urban,11,JAP,North India,19
0x52be,JAPRES010DEL03,28.0,4.1,26.921411,75.793604,26.981411,75.853604,05-04-2022,23:55,24:05:00,Stormy,Low,0,Snack,motorcycle,1.0,No,Urban,19,JAP,North India,23
0x7b0d,JAPRES19DEL03,25.0,5.0,26.913726,75.75282,26.943726,75.78282,03-04-2022,19:10,19:25,Stormy,Jam,0,Buffet,motorcycle,2.0,No,Urban,35,JAP,North India,19
0x3a09,INDORES08DEL01,38.0,4.6,22.725748,75.898497,22.795748,75.968497,08-03-2022,23:15,23:30,Cloudy,Low,1,Snack,scooter,0.0,No,Urban,30,IND,North India,23
0xd93d,KNPRES010DEL03,27.0,4.8,26.47775,80.351569,26.50775,80.381569,17-02-2022,20:40,20:55,Fog,Jam,0,Buffet,motorcycle,0.0,No,Urban,23,KNP,North India,20
0x8990,INDORES010DEL02,25.0,4.7,22.75004,75.902847,22.88004,76.032847,20-03-2022,1,24:05:00,Sandstorms,Low,0,Meal,motorcycle,0.0,No,Urban,22,IND,North India,1
0xd49f,BHPRES06DEL03,30.0,4.7,23.232357,77.429989,23.292357,77.489989,11-02-2022,23:15,23:20,Windy,Low,1,Buffet,scooter,0.0,No,Urban,23,BHP,North India,23
0xd392,KOLRES08DEL01,34.0,4.8,22.53796,88.349843,22.64796,88.459843,14-02-2022,22:15,22:25,Stormy,Low,2,Meal,electric_scooter,1.0,No,Urban,21,KOL,North India,22
0x3681,INDORES09DEL02,35.0,4.9,22.725835,75.887648,22.855835,76.017648,27-03-2022,23:20,23:35,Windy,Low,2,Buffet,electric_scooter,0.0,No,Urban,16,IND,North India,23
0x9b84,RANCHIRES17DEL01,22.0,4.5,23.374878,85.335739,23.414878,85.375739,03-03-2022,15:25,15:30,Sandstorms,Medium,2,Drinks,scooter,0.0,No,Urban,26,RAN,North India,15
0x84de,JAPRES06DEL03,27.0,4.8,26.911927,75.797282,27.051927,75.937282,04-03-2022,19:50,0.833333333,Sunny,Jam,2,Drinks,scooter,0.0,No,Urban,15,JAP,North India,19
0x7d8c,INDORES06DEL02,27.0,4.5,22.728163,75.884212,22.778163,75.934212,09-03-2022,22:15,22:30,Sandstorms,Low,1,Meal,scooter,0.0,No,Urban,16,IND,North India,22
0x7996,RANCHIRES12DEL01,35.0,4.6,0.0,0.0,0.04,0.04,15-03-2022,14:40,14:55,Cloudy,High,0,Snack,motorcycle,0.0,No,Urban,26,RAN,North India,14
0xa641,INDORES02DEL01,31.0,4.9,22.651847,75.881991,22.761847,75.991991,14-03-2022,18:20,18:35,Fog,Medium,2,Buffet,electric_scooter,1.0,No,Urban,44,IND,North India,18
0xc308,DEHRES19DEL01,27.0,4.6,30.372202,78.077151,30.412202,78.117151,11-02-2022,12:45,0.541666667,Fog,High,2,Snack,motorcycle,1.0,No,Urban,21,DEH,North India,12
0xd9c3,KNPRES12DEL02,38.0,4.9,26.492106,80.327797,26.572106,80.407797,18-02-2022,20:25,20:30,Stormy,Jam,0,Drinks,motorcycle,1.0,No,Urban,39,KNP,North India,20
0xd571,AGRRES15DEL01,25.0,4.9,0.0,0.0,0.11,0.11,18-02-2022,23:10,23:20,Cloudy,Low,2,Meal,electric_scooter,0.0,No,Urban,24,AGR,North India,23
0x52da,JAPRES17DEL01,29.0,4.9,26.892312,75.806896,27.002312,75.916896,02-04-2022,19:55,0.833333333,Sandstorms,Jam,1,Buffet,motorcycle,0.0,No,Urban,20,JAP,North India,19
0x3ec7,INDORES18DEL01,34.0,4.9,22.753839,75.897429,22.763838,75.907429,05-04-2022,09:10,09:20,Fog,Low,2,Drinks,scooter,1.0,No,Urban,19,IND,North India,9
0x81c7,JAPRES16DEL03,24.0,4.9,26.849596,75.800512,26.989596,75.940512,23-03-2022,22:45,22:55,Fog,Low,0,Snack,motorcycle,0.0,No,Urban,23,JAP,North India,22
0xd6ea,BHPRES17DEL03,34.0,4.7,23.218998,77.373573,23.308998,77.463573,18-02-2022,22:50,0.958333333,Sunny,Low,0,Drinks,motorcycle,0.0,No,Urban,28,BHP,North India,22
0xd4cc,AGRRES15DEL01,35.0,4.6,0.0,0.0,0.07,0.07,16-02-2022,22:15,22:30,Sandstorms,Low,2,Snack,scooter,1.0,No,Urban,22,AGR,North India,22
0xd212,KNPRES08DEL01,38.0,4.9,0.0,0.0,0.07,0.07,12-02-2022,17:50,18:05,Sunny,Medium,1,Drinks,motorcycle,1.0,No,Urban,15,KNP,North India,17
0xd89,JAPRES06DEL03,30.0,4.6,26.911927,75.797282,26.971927,75.857282,15-03-2022,20:15,20:25,Cloudy,Jam,0,Meal,motorcycle,0.0,No,Urban,25,JAP,North India,20
0xdca7,ALHRES11DEL02,22.0,4.9,0.0,0.0,0.02,0.02,17-02-2022,09:20,09:35,Stormy,Low,2,Snack,scooter,1.0,No,Urban,11,ALH,North India,9
0x197b,RANCHIRES05DEL03,21.0,4.8,23.355164,85.324097,23.415164,85.384097,28-03-2022,17:30,17:45,Stormy,Medium,0,Meal,motorcycle,1.0,,Urban,10,RAN,North India,17
0x2d33,JAPRES15DEL02,39.0,5.0,26.891191,75.802083,26.911191,75.822083,07-03-2022,11:40,11:55,Cloudy,High,0,Meal,motorcycle,1.0,No,Urban,33,JAP,North India,11
0xe04a,AGRRES13DEL03,27.0,4.5,27.159795,78.04299,27.299795,78.18299,18-02-2022,18:45,0.791666667,Sandstorms,Medium,2,Snack,motorcycle,1.0,No,Urban,17,AGR,North India,18
0xd14a,ALHRES19DEL01,21.0,4.6,25.457116,81.859682,25.497116,81.899682,15-02-2022,16:15,16:20,Cloudy,Medium,1,Buffet,motorcycle,0.0,No,Urban,10,ALH,North India,16
0x3712,JAPRES010DEL01,28.0,4.9,26.921411,75.793604,27.031411,75.903604,20-03-2022,20:50,0.875,Stormy,Jam,2,Drinks,scooter,0.0,No,Urban,25,JAP,North India,20
0x6f89,JAPRES20DEL01,35.0,4.2,26.956431,75.776649,26.966431,75.786649,13-03-2022,09:50,0.416666667,Stormy,Low,0,Buffet,motorcycle,1.0,No,Urban,27,JAP,North India,9
0xb3b1,JAPRES02DEL02,36.0,4.8,26.914142,75.805704,27.044142,75.935704,04-03-2022,20:20,20:30,Sunny,Jam,1,Buffet,scooter,1.0,No,Urban,20,JAP,North India,20
0x44fb,JAPRES14DEL02,36.0,4.8,26.88842,75.800689,26.93842,75.850689,24-03-2022,20:10,20:25,Sunny,Jam,0,Drinks,motorcycle,1.0,No,Urban,24,JAP,North India,20
0xc978,AGRRES02DEL03,29.0,4.9,0.0,0.0,0.06,0.06,13-02-2022,23:50,1,Fog,Low,1,Snack,motorcycle,0.0,No,Urban,12,AGR,North India,23
0x2afd,JAPRES01DEL02,22.0,4.7,26.90519,75.810753,27.03519,75.940753,31-03-2022,23:10,23:20,Sunny,Low,0,Meal,motorcycle,1.0,No,Urban,26,JAP,North India,23
0xb652,RANCHIRES05DEL03,25.0,4.5,23.355164,85.324097,23.445164,85.414097,04-04-2022,23:50,1,Fog,Low,2,Snack,scooter,1.0,No,Urban,27,RAN,North India,23
0x2bda,INDORES20DEL02,37.0,4.7,22.732225,75.874765,22.862225,76.004765,31-03-2022,17:15,17:25,Sunny,Medium,0,Buffet,motorcycle,1.0,No,Urban,30,IND,North India,17
0xc185,AGRRES17DEL02,26.0,4.9,27.157772,78.04725,27.287772,78.17725,16-02-2022,19:25,19:30,Fog,Jam,0,Drinks,motorcycle,2.0,No,Urban,43,AGR,North India,19
0x7d03,JAPRES12DEL02,25.0,4.9,26.902908,75.792934,26.982908,75.872934,10-03-2022,23:20,23:25,Stormy,Low,0,Buffet,motorcycle,1.0,No,Urban,19,JAP,North India,23
0x7c9,JAPRES01DEL03,38.0,4.5,26.90519,75.810753,26.93519,75.840753,19-03-2022,23:25,23:35,Sunny,Low,0,Drinks,motorcycle,1.0,No,Urban,24,JAP,North India,23
0xcba9,LUDHRES20DEL02,27.0,4.8,30.885915,75.788259,30.905915,75.808259,15-02-2022,11:20,11:30,Cloudy,High,1,Drinks,scooter,1.0,No,Urban,25,LUD,North India,11
0x42bc,RANCHIRES12DEL01,23.0,4.8,0.0,0.0,0.01,0.01,13-03-2022,11:25,11:30,Sandstorms,High,0,Meal,motorcycle,0.0,No,Urban,22,RAN,North India,11
0x9031,JAPRES03DEL02,25.0,4.2,26.913483,75.803139,27.043483,75.933139,08-03-2022,18:25,18:40,Windy,Medium,0,Drinks,motorcycle,1.0,No,Urban,36,JAP,North India,18
0xe020,ALHRES08DEL01,29.0,4.9,25.450329,81.834279,25.460329,81.844279,13-02-2022,11:20,11:35,Sandstorms,High,2,Buffet,motorcycle,0.0,No,Urban,14,ALH,North India,11
0x9c30,JAPRES14DEL01,20.0,4.8,26.88842,75.800689,26.99842,75.910689,31-03-2022,20:30,20:45,Fog,Jam,0,Meal,motorcycle,2.0,No,Urban,37,JAP,North India,20
0xc827,KNPRES18DEL01,38.0,4.6,26.474133,80.3481,26.484133,80.3581,17-02-2022,10:40,10:45,Windy,Low,2,Meal,scooter,1.0,No,Urban,25,KNP,North India,10
0xd254,ALHRES02DEL02,32.0,4.6,25.453436,81.833167,25.583436,81.963167,18-02-2022,20:10,20:15,Cloudy,Jam,1,Snack,scooter,1.0,No,Urban,46,ALH,North India,20
0xa17d,RANCHIRES05DEL02,27.0,4.9,23.355164,85.324097,23.435164,85.404097,16-03-2022,20:35,20:45,Fog,Jam,0,Drinks,motorcycle,2.0,No,Urban,42,RAN,North India,20
0x175d,JAPRES17DEL02,26.0,4.8,26.892312,75.806896,26.942312,75.856896,03-03-2022,17:40,17:45,Stormy,Medium,0,Meal,motorcycle,0.0,No,Urban,15,JAP,North India,17
0x6402,JAPRES19DEL03,21.0,4.6,26.913726,75.75282,26.943726,75.78282,28-03-2022,18:55,19:10,Stormy,Medium,1,Drinks,motorcycle,0.0,No,Urban,20,JAP,North India,18
0x38c6,JAPRES11DEL01,24.0,4.8,26.90294,75.793007,26.94294,75.833007,15-03-2022,13:20,13:25,Windy,High,2,Meal,electric_scooter,0.0,No,Urban,12,JAP,North India,13
0xd057,LUDHRES08DEL03,28.0,4.8,30.899992,75.831338,30.989992,75.921338,14-02-2022,19:20,19:35,Cloudy,Jam,2,Buffet,scooter,0.0,No,Urban,35,LUD,North India,19
0x59b0,JAPRES06DEL03,23.0,4.9,26.911927,75.797282,26.941927,75.827282,11-03-2022,1,24:05:00,Cloudy,Low,1,Meal,motorcycle,1.0,No,Urban,18,JAP,North India,1
0x7277,RANCHIRES05DEL01,26.0,4.7,23.355164,85.324097,23.425164,85.394097,10-03-2022,22:45,22:55,Sandstorms,Low,2,Snack,motorcycle,1.0,No,Urban,10,RAN,North India,22
0xb229,INDORES16DEL03,27.0,4.6,22.744648,75.894377,22.804648,75.954377,30-03-2022,20:30,20:35,Windy,Jam,2,Buffet,electric_scooter,0.0,No,Urban,11,IND,North India,20
0xcfdd,KNPRES02DEL03,26.0,4.6,26.471617,80.313564,26.531617,80.373564,15-02-2022,23:45,1,Fog,Low,1,Meal,scooter,,No,Urban,10,KNP,North India,23
0xca09,DEHRES07DEL03,37.0,4.9,30.362686,78.06889,30.452686,78.15889,14-02-2022,21:10,21:15,Windy,Jam,2,Meal,scooter,1.0,No,Urban,25,DEH,North India,21
0x14dd,RANCHIRES11DEL01,22.0,4.7,23.359194,85.325447,23.399194,85.365447,09-03-2022,14:15,14:25,Windy,High,2,Meal,motorcycle,0.0,No,Urban,10,RAN,North India,14
0xa0c1,INDORES12DEL01,21.0,4.7,22.74806,75.8934,22.81806,75.9634,08-03-2022,19:30,19:40,Windy,Jam,1,Buffet,motorcycle,0.0,No,Urban,16,IND,North India,19
0x5cfb,INDORES12DEL01,27.0,4.2,22.74806,75.8934,22.75806,75.9034,21-03-2022,10:20,10:25,Stormy,Low,0,Drinks,motorcycle,1.0,No,Urban,16,IND,North India,10
0xbcc2,RANCHIRES14DEL02,25.0,4.7,0.0,0.0,0.05,0.05,28-03-2022,21:55,22:10,Cloudy,Jam,1,Buffet,scooter,0.0,No,Urban,20,RAN,North India,21
0x4fe5,JAPRES04DEL03,34.0,4.7,26.902328,75.794257,27.042328,75.934257,02-04-2022,20:30,20:35,Sunny,Jam,1,Buffet,scooter,1.0,No,Urban,19,JAP,North India,20
0xca79,BHPRES12DEL03,28.0,4.8,0.0,0.0,0.03,0.03,17-02-2022,22:55,0.958333333,Fog,Low,1,Drinks,motorcycle,0.0,No,Urban,12,BHP,North India,22
0xb333,RANCHIRES07DEL01,35.0,4.7,23.359407,85.325055,23.469407,85.435055,29-03-2022,18:55,19:10,Sunny,Medium,0,Meal,motorcycle,1.0,No,Urban,25,RAN,North India,18
0xb399,INDORES20DEL03,22.0,4.7,22.732225,75.874765,22.792225,75.934765,15-03-2022,17:10,17:25,Cloudy,Medium,2,Drinks,motorcycle,1.0,No,Urban,15,IND,North India,17
0xdc16,KOLRES01DEL02,26.0,4.9,22.514688,88.393294,22.594688,88.473294,16-02-2022,22:25,22:35,Stormy,Low,0,Meal,motorcycle,1.0,No,Urban,18,KOL,North India,22
0x8bcf,INDORES14DEL03,34.0,4.8,22.761593,75.886362,22.791593,75.916362,17-03-2022,23:45,23:55,Cloudy,Low,1,Meal,scooter,1.0,No,Urban,15,IND,North India,23
0xb80,INDORES04DEL01,35.0,5.0,22.753659,75.903365,22.763659,75.913365,13-03-2022,10:25,10:30,Fog,Low,1,Snack,motorcycle,0.0,No,Urban,18,IND,North India,10
0x24bb,INDORES02DEL01,35.0,4.6,22.651847,75.881991,22.661847,75.891991,26-03-2022,10:40,10:45,Cloudy,Low,0,Buffet,motorcycle,1.0,No,Urban,28,IND,North India,10
0xdd2f,BHPRES03DEL01,20.0,4.7,23.214294,77.435361,23.254294,77.475361,17-02-2022,13:45,0.583333333,Sunny,High,1,Drinks,scooter,1.0,No,Urban,12,BHP,North India,13
0xa646,RANCHIRES18DEL03,28.0,4.8,23.351489,85.324253,23.381489,85.354253,30-03-2022,21:45,21:50,Sunny,Jam,1,Drinks,scooter,1.0,No,Urban,19,RAN,North India,21
0x785c,INDORES11DEL02,21.0,4.8,22.751234,75.88949,22.831234,75.96949,04-03-2022,21:55,22:05,Stormy,Jam,0,Snack,motorcycle,1.0,No,Urban,26,IND,North India,21
0x7fbc,INDORES02DEL03,24.0,4.7,22.651847,75.881991,22.711847,75.941991,03-03-2022,18:30,18:45,Stormy,Medium,2,Drinks,electric_scooter,0.0,No,Urban,20,IND,North India,18
0x6f81,JAPRES08DEL02,37.0,4.9,26.910262,75.783013,26.960262,75.833013,15-03-2022,18:55,19:10,Fog,Medium,1,Meal,motorcycle,1.0,No,Urban,18,JAP,North India,18
0x5247,RANCHIRES010DEL01,32.0,4.9,23.354422,85.3329,23.394422,85.3729,05-03-2022,16:25,16:40,Stormy,Medium,0,Snack,motorcycle,0.0,No,Urban,30,RAN,North India,16
0x5a1e,RANCHIRES17DEL01,30.0,4.7,23.374878,85.335739,23.414878,85.375739,11-03-2022,16:20,16:35,Fog,Medium,1,Meal,scooter,1.0,No,Urban,18,RAN,North India,16
0xdefc,KOLRES19DEL02,28.0,4.8,22.5491,88.400467,22.6791,88.530467,16-02-2022,23:55,24:10:00,Cloudy,Low,1,Snack,motorcycle,0.0,No,Urban,25,KOL,North India,23
0x2710,INDORES18DEL01,37.0,5.0,22.753839,75.897429,22.763838,75.907429,21-03-2022,08:35,08:40,Stormy,Low,2,Drinks,motorcycle,1.0,No,Urban,27,IND,North India,8
0x7464,JAPRES15DEL01,26.0,4.7,26.891191,75.802083,27.001191,75.912083,06-04-2022,23:25,23:30,Stormy,Low,2,Meal,motorcycle,0.0,No,Urban,12,JAP,North India,23
0xa1e0,INDORES19DEL01,35.0,4.2,22.745536,75.893106,22.755536,75.903106,26-03-2022,11:10,11:15,Cloudy,High,2,Meal,scooter,1.0,No,Urban,35,IND,North India,11
0xe18d,BHPRES19DEL01,33.0,4.6,0.0,0.0,0.04,0.04,11-02-2022,16:50,16:55,Stormy,Medium,1,Snack,motorcycle,0.0,No,Urban,29,BHP,North India,16
0xa445,JAPRES010DEL02,28.0,4.9,26.921411,75.793604,27.051411,75.923604,04-03-2022,20:40,20:50,Windy,Jam,2,Drinks,scooter,1.0,No,Urban,19,JAP,North India,20
0xba37,INDORES09DEL02,21.0,4.0,22.725835,75.887648,22.745835,75.907648,01-03-2022,10:30,10:45,Sandstorms,Low,0,Buffet,motorcycle,1.0,No,Urban,17,IND,North India,10
0x61c0,RANCHIRES01DEL01,34.0,4.8,23.416792,85.316842,23.426792,85.326842,05-03-2022,08:50,09:05,Fog,Low,1,Buffet,motorcycle,1.0,No,Urban,15,RAN,North India,8
0x14fc,JAPRES04DEL01,27.0,5.0,26.902328,75.794257,26.942328,75.834257,05-04-2022,13:15,13:30,Sandstorms,High,0,Drinks,motorcycle,1.0,No,Urban,36,JAP,North India,13
0x9cd2,RANCHIRES07DEL03,37.0,4.2,23.359407,85.325055,23.389407,85.355055,05-04-2022,19:35,19:45,Fog,Jam,1,Meal,motorcycle,0.0,No,Urban,35,RAN,North India,19
0xa0f,INDORES03DEL01,37.0,4.0,22.751857,75.866699,22.761857,75.876699,15-03-2022,09:30,09:45,Sandstorms,Low,0,Drinks,motorcycle,0.0,No,Urban,23,IND,North India,9
0x30e8,JAPRES13DEL03,33.0,4.8,26.846156,75.8023,26.936156,75.8923,02-03-2022,17:15,17:20,Stormy,Medium,1,Drinks,motorcycle,1.0,No,Urban,22,JAP,North India,17
0x1ac8,JAPRES010DEL03,31.0,4.7,26.921411,75.793604,26.981411,75.853604,01-04-2022,22:35,22:50,Fog,Low,1,Drinks,scooter,0.0,No,Urban,15,JAP,North India,22
0xcba6,AGRRES12DEL01,35.0,4.9,27.165108,78.015053,27.235108,78.085053,16-02-2022,23:40,23:50,Windy,Low,1,Buffet,motorcycle,0.0,No,Urban,17,AGR,North India,23
0xcbf0,ALHRES07DEL01,23.0,4.7,25.449659,81.839744,25.559659,81.949744,16-02-2022,18:45,18:55,Fog,Medium,2,Buffet,scooter,1.0,No,Urban,33,ALH,North India,18
0xac9,RANCHIRES12DEL02,36.0,4.8,0.0,0.0,0.02,0.02,11-03-2022,08:15,08:30,Sunny,Low,1,Snack,scooter,,No,Urban,15,RAN,North India,8
0x5e95,INDORES11DEL02,27.0,5.0,22.751234,75.88949,22.801234,75.93949,21-03-2022,19:35,19:40,Windy,Jam,0,Snack,motorcycle,1.0,No,Urban,18,IND,North India,19
0xcddf,KOLRES06DEL02,21.0,4.7,22.533662,88.366217,22.553662,88.386217,17-02-2022,08:50,0.375,Cloudy,Low,1,Meal,motorcycle,0.0,No,Urban,19,KOL,North India,8
0xe104,KNPRES18DEL02,24.0,4.8,26.474133,80.3481,26.604133,80.4781,16-02-2022,23:40,23:55,Stormy,Low,2,Buffet,scooter,1.0,No,Urban,14,KNP,North India,23
0x827d,INDORES13DEL02,31.0,4.8,22.745049,75.892471,22.825049,75.972471,29-03-2022,17:35,17:40,Sunny,Medium,2,Buffet,scooter,0.0,No,Urban,15,IND,North India,17
0xddb4,DEHRES07DEL02,24.0,4.7,30.362686,78.06889,30.412686,78.11889,17-02-2022,17:40,17:45,Sunny,Medium,1,Drinks,scooter,1.0,No,Urban,12,DEH,North India,17
0x480d,INDORES04DEL01,31.0,4.7,22.753659,75.903365,22.793659,75.943365,03-03-2022,14:20,14:25,Sandstorms,High,2,Buffet,motorcycle,0.0,No,Urban,30,IND,North India,14
0xc60a,KOLRES20DEL02,36.0,4.8,22.514119,88.362504,22.644119,88.492504,12-02-2022,18:35,18:50,Windy,Medium,2,Meal,electric_scooter,1.0,No,Urban,28,KOL,North India,18
0xb9ce,JAPRES09DEL03,23.0,4.8,26.911378,75.789034,26.941378,75.819034,05-03-2022,23:40,23:45,Fog,Low,2,Drinks,scooter,1.0,No,Urban,11,JAP,North India,23
0x954a,INDORES02DEL02,22.0,4.8,22.651847,75.881991,22.701847,75.931991,28-03-2022,20:45,0.875,Stormy,Jam,1,Snack,scooter,,No,Urban,14,IND,North India,20
0x516f,RANCHIRES14DEL03,25.0,4.6,0.0,0.0,0.09,0.09,04-04-2022,21:25,21:35,Cloudy,Jam,0,Buffet,motorcycle,1.0,No,Urban,36,RAN,North India,21
0xb821,INDORES03DEL02,36.0,4.8,22.751857,75.866699,22.771857,75.886699,03-03-2022,09:55,0.416666667,Sandstorms,Low,2,Buffet,scooter,0.0,No,Urban,24,IND,North India,9
0x35c8,JAPRES18DEL03,29.0,4.9,26.913987,75.752891,26.973987,75.812891,17-03-2022,22:45,0.958333333,Fog,Low,0,Snack,motorcycle,1.0,No,Urban,20,JAP,North India,22
0x34de,JAPRES09DEL01,24.0,4.8,26.911378,75.789034,26.951378,75.829034,03-04-2022,15:45,0.666666667,Cloudy,Medium,0,Meal,motorcycle,1.0,No,Urban,22,JAP,North India,15
0x71dc,JAPRES010DEL01,26.0,4.6,26.921411,75.793604,27.031411,75.903604,25-03-2022,22:30,22:45,Fog,Low,1,Drinks,motorcycle,1.0,No,Urban,26,JAP,North India,22
0x7197,INDORES05DEL03,39.0,4.1,22.727021,75.884167,22.757021,75.914167,03-04-2022,22:50,0.958333333,Sandstorms,Low,0,Drinks,motorcycle,0.0,No,Urban,28,IND,North India,22
0xd807,ALHRES13DEL02,28.0,4.9,25.451646,81.832796,25.471646,81.852796,11-02-2022,10:55,11:05,Fog,Low,1,Buffet,motorcycle,1.0,No,Urban,15,ALH,North India,10
0xe105,BHPRES17DEL02,28.0,4.7,23.218998,77.373573,23.348998,77.503573,18-02-2022,20:40,20:50,Windy,Jam,1,Meal,motorcycle,0.0,No,Urban,24,BHP,North India,20
0x8c8,JAPRES06DEL01,21.0,4.6,26.911927,75.797282,26.951927,75.837282,26-03-2022,15:25,15:35,Stormy,Medium,1,Buffet,motorcycle,0.0,No,Urban,23,JAP,North India,15
0xcf34,KOLRES19DEL01,35.0,4.9,22.5491,88.400467,22.5591,88.410467,13-02-2022,10:15,10:25,Fog,Low,2,Meal,motorcycle,0.0,No,Urban,17,KOL,North India,10
0x2247,RANCHIRES04DEL02,21.0,4.6,23.359033,85.325347,23.409033,85.375347,13-03-2022,20:45,0.875,Windy,Jam,0,Buffet,motorcycle,1.0,No,Urban,30,RAN,North India,20
0xda0f,KOLRES11DEL02,26.0,4.6,22.577821,88.400581,22.627821,88.450581,13-02-2022,17:55,18:10,Sunny,Medium,1,Snack,motorcycle,1.0,No,Urban,18,KOL,North India,17
0x7ef9,JAPRES02DEL03,34.0,3.8,26.914142,75.805704,27.054142,75.945704,25-03-2022,19:45,0.833333333,Sandstorms,Jam,2,Drinks,scooter,2.0,No,Urban,41,JAP,North India,19
0x7c6a,INDORES14DEL02,39.0,4.2,22.761593,75.886362,22.781593,75.906362,21-03-2022,11:55,12:05,Fog,High,0,Buffet,motorcycle,1.0,No,Urban,32,IND,North India,11
0xd3f2,ALHRES06DEL02,21.0,5.0,0.0,0.0,0.05,0.05,15-02-2022,23:25,23:35,Windy,Low,2,Snack,scooter,0.0,No,Urban,16,ALH,North India,23
0x7266,INDORES08DEL02,26.0,4.9,22.725748,75.898497,22.745748,75.918497,03-03-2022,08:20,08:35,Cloudy,Low,0,Buffet,motorcycle,1.0,No,Urban,21,IND,North India,8
0xa037,RANCHIRES13DEL03,28.0,4.7,23.374989,85.335486,23.404989,85.365486,05-03-2022,17:15,17:20,Sandstorms,Medium,2,Snack,motorcycle,0.0,No,Urban,20,RAN,North India,17
0x9288,JAPRES11DEL01,22.0,4.9,26.90294,75.793007,26.91294,75.803007,01-04-2022,10:40,10:50,Stormy,Low,2,Buffet,scooter,0.0,No,Urban,16,JAP,North India,10
0xdf09,BHPRES12DEL02,25.0,4.7,0.0,0.0,0.02,0.02,15-02-2022,10:55,11:10,Windy,Low,1,Snack,motorcycle,0.0,No,Urban,15,BHP,North India,10
0xf27,JAPRES08DEL03,22.0,4.8,26.910262,75.783013,26.940262,75.813013,01-03-2022,17:50,18:05,Sunny,Medium,1,Snack,motorcycle,1.0,No,Urban,14,JAP,North India,17
0xc3c6,KOLRES02DEL03,20.0,5.0,22.514585,88.39331,22.574585,88.45331,15-02-2022,17:35,17:50,Sunny,Medium,1,Buffet,motorcycle,1.0,No,Urban,15,KOL,North India,17
0x60d5,INDORES16DEL02,33.0,4.8,22.744648,75.894377,22.794648,75.944377,01-03-2022,18:10,18:20,Cloudy,Medium,2,Buffet,scooter,0.0,No,Urban,16,IND,North India,18
0xda88,DEHRES03DEL03,33.0,4.9,30.335259,78.053162,30.475259,78.193162,16-02-2022,18:10,18:20,Fog,Medium,2,Drinks,electric_scooter,1.0,No,Urban,41,DEH,North India,18
0x3781,JAPRES13DEL03,35.0,4.9,26.846156,75.8023,26.876156,75.8323,09-03-2022,23:50,1,Sunny,Low,1,Snack,scooter,0.0,No,Urban,17,JAP,North India,23
0x988a,JAPRES19DEL02,28.0,4.3,26.913726,75.75282,26.933726,75.77282,03-03-2022,08:30,08:40,Sandstorms,Low,0,Buffet,motorcycle,1.0,No,Urban,25,JAP,North India,8
0xd5c3,DEHRES04DEL02,34.0,4.5,30.340722,78.060221,30.470722,78.190221,12-02-2022,19:35,19:45,Stormy,Jam,2,Buffet,electric_scooter,1.0,No,Urban,27,DEH,North India,19
0x2ee7,INDORES15DEL02,21.0,4.7,22.760072,75.892574,22.810072,75.942574,03-04-2022,17:55,18:10,Windy,Medium,1,Meal,motorcycle,1.0,No,Urban,28,IND,North India,17
0x2601,RANCHIRES20DEL01,24.0,4.5,23.39925,85.390464,23.40925,85.400464,03-04-2022,09:15,09:30,Windy,Low,1,Meal,motorcycle,0.0,No,Urban,10,RAN,North India,9
0x2bed,RANCHIRES02DEL02,34.0,4.2,0.0,0.0,0.13,0.13,04-04-2022,17:25,17:30,Stormy,Medium,0,Drinks,motorcycle,3.0,No,Urban,48,RAN,North India,17
