ID,Delivery_person_ID,Delivery_person_Age,Delivery_person_Ratings,Restaurant_latitude,Restaurant_longitude,Delivery_location_latitude,Delivery_location_longitude,Order_Date,Time_Orderd,Time_Order_picked,Weather_conditions,Road_traffic_density,Vehicle_condition,Type_of_order,Type_of_vehicle,multiple_deliveries,Festival,City,Time_taken (min),City_Code,Region,Order_Hour
0x4bda,HYDRES17DEL02,35.0,5.0,17.451976,78.385883,17.471976,78.405883,01-04-2022,09:45,09:55,Sunny,Low,2,Snack,scooter,1.0,No,Urban,11,HYD,South India,9
0xa30b,CHENRES11DEL01,37.0,4.8,13.064181,80.236442,13.104181,80.276442,09-03-2022,16:45,16:55,Cloudy,Medium,0,Drinks,motorcycle,1.0,No,Urban,26,CHE,South India,16
0x272d,COIMBRES07DEL03,24.0,4.7,10.96185,76.971082,11.05185,77.061082,10-03-2022,17:55,0.75,Sunny,Medium,0,Buffet,motorcycle,0.0,No,Urban,19,COI,South India,17
0x3185,HYDRES19DEL03,25.0,4.8,17.458998,78.500366,17.488998,78.530366,26-03-2022,23:55,24:10:00,Cloudy,Low,1,Snack,scooter,1.0,No,Urban,19,HYD,South India,23
0x4863,COIMBRES02DEL01,25.0,4.6,11.022477,76.995667,11.032477,77.005667,01-03-2022,10:25,10:40,Stormy,Low,2,Snack,motorcycle,1.0,No,Urban,15,COI,South India,10
0x78aa,MYSRES16DEL02,20.0,5.0,12.316967,76.603067,12.446967,76.733067,31-03-2022,19:15,19:30,Cloudy,Jam,0,Meal,motorcycle,1.0,No,Urban,36,MYS,South India,19
0x55b1,COIMBRES11DEL01,36.0,4.8,11.001753,76.986241,11.111753,77.096241,29-03-2022,18:45,18:50,Fog,Medium,2,Drinks,motorcycle,1.0,No,Urban,31,COI,South India,18
0xde01,KOCRES010DEL01,39.0,4.7,10.035573,76.336958,10.105573,76.406958,14-02-2022,18:30,18:35,Windy,Medium,1,Snack,motorcycle,1.0,No,Urban,21,KOC,South India,18
0x48c7,CHENRES09DEL01,23.0,4.7,13.044694,80.26147,13.084694,80.30147,17-03-2022,16:55,0.708333333,Fog,Medium,1,Drinks,motorcycle,1.0,No,Urban,19,CHE,South India,16
0x98ca,BANGRES17DEL02,33.0,4.7,12.972532,77.608179,13.022532,77.658179,09-03-2022,18:10,18:25,Fog,Medium,2,Buffet,electric_scooter,1.0,No,Urban,15,BAN,South India,18
0x7ef7,COIMBRES16DEL02,31.0,4.5,11.010375,76.95295,11.090375,77.03295,06-04-2022,20:25,20:40,Sunny,Jam,0,Buffet,motorcycle,0.0,No,Urban,29,COI,South India,20
0x9c9a,COIMBRES02DEL01,33.0,4.4,11.022477,76.995667,11.092477,77.065667,14-03-2022,21:30,21:45,Windy,Jam,1,Meal,motorcycle,0.0,No,Urban,43,COI,South India,21
0xe76,CHENRES06DEL02,30.0,4.6337736972250205,13.054347,80.257221,13.104347,80.307221,15-03-2022,18:35,18:40,Cloudy,Medium,1,Snack,scooter,1.0,No,Urban,19,CHE,South India,18
0x8456,CHENRES19DEL01,22.0,4.7,12.986047,80.218114,13.096047,80.328114,04-04-2022,20:10,20:20,Stormy,Jam,2,Snack,scooter,0.0,No,Urban,15,CHE,South India,20
0xadd6,CHENRES01DEL01,34.0,4.9,13.005801,80.250744,13.115801,80.360744,23-03-2022,21:50,22:05,Sandstorms,Jam,0,Buffet,motorcycle,3.0,Yes,Urban,50,CHE,South India,21
0xbe78,BANGRES15DEL02,29.0,4.5,12.975377,77.696664,13.055377,77.776664,31-03-2022,22:25,22:40,Windy,Low,1,Snack,scooter,0.0,No,Urban,13,BAN,South India,22
0x416f,MYSRES05DEL02,25.0,4.9,12.323978,76.627961,12.453978,76.757961,06-03-2022,21:45,21:50,Sandstorms,Jam,2,Snack,electric_scooter,0.0,No,Urban,16,MYS,South India,21
0xa4f5,COIMBRES03DEL03,34.0,5.0,11.025083,77.015393,11.055083,77.045393,05-03-2022,17:25,17:30,Cloudy,Medium,2,Snack,electric_scooter,0.0,No,Urban,19,COI,South India,17
0x247c,MYSRES09DEL02,39.0,4.8,12.323194,76.630583,12.343194,76.650583,13-03-2022,11:20,11:25,Fog,High,2,Drinks,scooter,1.0,No,Urban,26,MYS,South India,11
0x1b40,MYSRES02DEL03,34.0,4.2,12.304569,76.643622,12.364569,76.703622,13-03-2022,23:10,23:15,Windy,Low,0,Snack,motorcycle,0.0,No,Urban,24,MYS,South India,23
0x5b70,BANGRES04DEL02,24.0,4.6,12.98041,77.640489,13.06041,77.720489,23-03-2022,18:30,18:40,Windy,Medium,2,Snack,electric_scooter,0.0,No,Urban,24,BAN,South India,18
0x8d83,HYDRES19DEL03,20.0,4.7,17.458998,78.500366,17.518998,78.560366,15-03-2022,17:15,17:20,Cloudy,Medium,1,Buffet,motorcycle,1.0,No,Urban,13,HYD,South India,17
0xa176,HYDRES18DEL02,32.0,5.0,17.450851,78.379347,17.500851,78.429347,09-03-2022,21:55,22:10,Cloudy,Jam,2,Buffet,scooter,1.0,No,Urban,27,HYD,South India,21
0x996b,HYDRES11DEL03,33.0,4.8,17.430448,78.418213,17.520448,78.508213,10-03-2022,23:15,23:30,Stormy,Low,2,Drinks,motorcycle,0.0,No,Urban,23,HYD,South India,23
0x5a7a,CHENRES17DEL01,32.0,5.0,13.045479,80.23311,13.155479,80.34311,04-03-2022,19:20,19:35,Windy,Jam,1,Buffet,scooter,1.0,No,Urban,30,CHE,South India,19
0x4632,CHENRES08DEL03,37.0,4.6,13.022394,80.242439,13.112394,80.332439,10-03-2022,17:45,17:50,Stormy,Medium,1,Buffet,motorcycle,1.0,No,Urban,26,CHE,South India,17
0x4dfa,BANGRES16DEL01,22.0,4.0,13.029198,77.570997,13.039198,77.580997,13-03-2022,09:45,09:55,Sandstorms,Low,0,Snack,motorcycle,1.0,No,Urban,28,BAN,South India,9
0xa667,CHENRES14DEL01,38.0,4.5,13.026279,80.174568,13.036279,80.184568,28-03-2022,10:20,10:25,Windy,Low,1,Meal,motorcycle,1.0,No,Urban,20,CHE,South India,10
0x1a54,BANGRES15DEL01,32.0,4.0,12.975377,77.696664,13.045377,77.766664,23-03-2022,18:45,18:50,Windy,Medium,0,Buffet,motorcycle,3.0,Yes,Urban,49,BAN,South India,18
0x9201,BANGRES08DEL01,29.0,4.6,12.906229,77.596791,13.016229,77.706791,04-04-2022,21:45,21:50,Windy,Jam,0,Meal,motorcycle,1.0,No,Urban,29,BAN,South India,21
0x8ce7,CHENRES010DEL01,27.0,4.6,13.066762,80.251865,13.076762,80.261865,13-03-2022,11:15,11:20,Windy,High,2,Drinks,scooter,,No,Urban,12,CHE,South India,11
0x4a1b,COIMBRES12DEL02,20.0,4.6,11.000762,76.981876,11.020762,77.001876,03-03-2022,08:20,08:30,Stormy,Low,1,Drinks,motorcycle,0.0,No,Urban,11,COI,South India,8
0x9151,BANGRES14DEL02,34.0,4.4,12.949934,77.699386,12.999934,77.749386,05-03-2022,21:45,0.916666667,Stormy,Jam,2,Buffet,scooter,1.0,No,Urban,31,BAN,South India,21
0x9d4c,COIMBRES05DEL03,25.0,4.7,11.022169,76.999594,11.082169,77.059594,17-03-2022,22:40,22:50,Fog,Low,1,Snack,motorcycle,0.0,No,Urban,11,COI,South India,22
0xa631,HYDRES13DEL02,36.0,4.7,17.431477,78.40035,17.451477,78.42035,11-03-2022,10:25,10:40,Cloudy,Low,2,Snack,electric_scooter,0.0,No,Urban,16,HYD,South India,10
0xb209,COIMBRES13DEL01,20.0,4.9,11.003669,76.976494,11.073669,77.046494,02-04-2022,17:25,17:30,Stormy,Medium,1,Drinks,scooter,1.0,No,Urban,17,COI,South India,17
0x5aad,COIMBRES02DEL01,30.0,4.6,11.022477,76.995667,11.062477,77.035667,21-03-2022,14:25,14:30,Windy,High,2,Snack,motorcycle,1.0,No,Urban,30,COI,South India,14
0xaff,MYSRES11DEL02,36.0,4.3,12.323225,76.630028,12.453225,76.760028,20-03-2022,19:45,0.833333333,Windy,Jam,1,Meal,scooter,1.0,No,Urban,33,MYS,South India,19
0x6948,BANGRES15DEL02,39.0,3.5,12.975377,77.696664,13.055377,77.776664,16-03-2022,22:15,22:20,Cloudy,Low,2,Meal,motorcycle,0.0,No,Urban,32,BAN,South India,22
0x53ea,HYDRES15DEL02,30.0,4.9,17.45971,78.368855,17.50971,78.418855,05-03-2022,23:50,23:55,Sunny,Low,0,Snack,motorcycle,1.0,No,Urban,27,HYD,South India,23
0x3d57,BANGRES08DEL02,29.0,4.5,12.906229,77.596791,13.036229,77.726791,18-03-2022,20:55,0.875,Cloudy,Jam,2,Snack,scooter,1.0,No,Urban,30,BAN,South India,20
0xbc03,COIMBRES010DEL01,35.0,4.6,11.003008,76.97544,11.073009,77.04544,06-04-2022,23:20,23:30,Windy,Low,0,Snack,motorcycle,1.0,No,Urban,23,COI,South India,23
0x5aa4,BANGRES12DEL01,25.0,4.5,12.939496,77.625999,12.979496,77.665999,15-03-2022,14:25,14:30,Windy,High,1,Snack,scooter,1.0,No,Urban,16,BAN,South India,14
0x5145,BANGRES11DEL01,29.0,4.3,12.934365,77.616155,12.974365,77.656155,30-03-2022,12:25,12:40,Cloudy,High,1,Meal,scooter,1.0,No,Urban,33,BAN,South India,12
0x91ba,BANGRES08DEL01,24.0,4.8,12.906229,77.596791,13.016229,77.706791,29-03-2022,18:55,19:10,Sandstorms,Medium,1,Snack,scooter,1.0,No,Urban,29,BAN,South India,18
0xaea,BANGRES19DEL01,23.0,5.0,12.914264,77.6784,13.024264,77.7884,23-03-2022,23:55,24:05:00,Sandstorms,Low,1,Meal,scooter,1.0,No,Urban,11,BAN,South India,23
0xa14d,MYSRES01DEL02,32.0,3.6,12.311072,76.654878,12.441072,76.784878,06-04-2022,20:25,20:30,Stormy,Jam,2,Meal,scooter,1.0,No,Urban,39,MYS,South India,20
0x4390,COIMBRES13DEL03,36.0,5.0,11.003669,76.976494,11.063669,77.036494,01-03-2022,22:45,22:55,Fog,Low,2,Drinks,scooter,1.0,No,Urban,16,COI,South India,22
0x2e2a,BANGRES03DEL02,23.0,4.8,12.979166,77.640709,12.999166,77.660709,15-03-2022,10:35,10:45,Fog,Low,1,Buffet,motorcycle,1.0,No,Urban,11,BAN,South India,10
0x3318,BANGRES010DEL02,25.0,4.7,12.933298,77.614293,13.063298,77.744293,20-03-2022,17:50,17:55,Sandstorms,Medium,2,Meal,scooter,1.0,No,Urban,23,BAN,South India,17
0x94dd,COIMBRES03DEL02,32.0,4.8,11.025083,77.015393,11.105083,77.095393,27-03-2022,17:10,17:20,Sunny,Medium,0,Drinks,motorcycle,0.0,No,Urban,26,COI,South India,17
0x7ffc,BANGRES16DEL01,36.0,4.4,13.029198,77.570997,13.139198,77.680997,16-03-2022,17:55,18:05,Cloudy,Medium,1,Snack,motorcycle,1.0,No,Urban,31,BAN,South India,17
0x7820,COIMBRES17DEL01,23.0,4.8,11.026117,76.944652,11.096117,77.014652,31-03-2022,20:35,20:45,Cloudy,Jam,2,Drinks,motorcycle,1.0,No,Urban,33,COI,South India,20
0x665b,COIMBRES06DEL03,23.0,5.0,11.021278,76.995017,11.111278,77.085017,12-03-2022,17:20,17:35,Fog,Medium,2,Buffet,scooter,0.0,No,Urban,34,COI,South India,17
0x7a4d,CHENRES09DEL03,36.0,4.9,13.044694,80.26147,13.104694,80.32147,15-03-2022,18:35,18:40,Sunny,Medium,0,Buffet,motorcycle,1.0,No,Urban,24,CHE,South India,18
0x92dd,BANGRES09DEL01,34.0,4.7,12.934179,77.615797,12.974179,77.655797,28-03-2022,12:45,0.541666667,Fog,High,0,Buffet,motorcycle,1.0,No,Urban,26,BAN,South India,12
0x8bb9,BANGRES19DEL02,23.0,4.5,12.914264,77.6784,13.044264,77.8084,31-03-2022,18:45,18:50,Windy,Medium,2,Drinks,scooter,1.0,No,Urban,26,BAN,South India,18
0x7b92,HYDRES18DEL03,21.0,4.7,17.450851,78.379347,17.480851,78.409347,13-03-2022,23:45,1,Sunny,Low,0,Buffet,motorcycle,0.0,No,Urban,10,HYD,South India,23
0xb6aa,COIMBRES06DEL01,22.0,4.9,11.021278,76.995017,11.091278,77.065017,31-03-2022,19:50,0.833333333,Windy,Jam,1,Buffet,motorcycle,1.0,No,Urban,16,COI,South India,19
0x2e43,MYSRES18DEL01,33.0,4.7,12.337928,76.617889,12.347928,76.627889,15-03-2022,09:15,09:25,Sunny,Low,1,Buffet,scooter,1.0,No,Urban,10,MYS,South India,9
0x2d82,HYDRES11DEL01,31.0,4.7,17.430448,78.418213,17.470448,78.458213,15-03-2022,16:55,17:05,Cloudy,Medium,1,Drinks,motorcycle,1.0,No,Urban,17,HYD,South India,16
0xa66,CHENRES12DEL02,29.0,4.5,12.972793,80.249982,13.102793,80.379982,16-03-2022,23:35,23:50,Windy,Low,0,Buffet,motorcycle,0.0,No,Urban,17,CHE,South India,23
0xa229,HYDRES16DEL02,36.0,4.7,17.440827,78.393391,17.460827,78.413391,07-03-2022,11:50,12:05,Windy,High,2,Drinks,motorcycle,1.0,No,Urban,25,HYD,South India,11
0x154a,MYSRES08DEL02,31.0,4.6,12.297954,76.665169,12.347954,76.715169,05-03-2022,18:45,18:50,Sandstorms,Medium,0,Snack,motorcycle,1.0,No,Urban,26,MYS,South India,18
0x8273,BANGRES08DEL01,35.0,5.0,12.906229,77.596791,12.946229,77.636791,01-04-2022,14:55,0.625,Cloudy,High,2,Drinks,scooter,1.0,No,Urban,37,BAN,South India,14
0xba88,CHENRES15DEL01,37.0,5.0,13.026286,80.275235,13.096286,80.345235,02-04-2022,17:25,17:40,Sandstorms,Medium,2,Meal,scooter,1.0,No,Urban,29,CHE,South India,17
0xd3e,MYSRES04DEL01,29.0,4.7,12.3085,76.665808,12.3185,76.675808,05-03-2022,10:15,10:30,Sunny,Low,2,Snack,motorcycle,0.0,No,Urban,17,MYS,South India,10
0xb8c2,CHENRES18DEL02,35.0,4.5,12.981615,80.231598,13.001615,80.251598,19-03-2022,10:50,0.458333333,Windy,Low,0,Buffet,motorcycle,1.0,No,Urban,20,CHE,South India,10
0x74d8,HYDRES07DEL02,38.0,4.8,17.424114,78.347554,17.444114,78.367554,30-03-2022,10:45,10:50,Sunny,Low,1,Snack,scooter,1.0,No,Urban,17,HYD,South India,10
0xb37,MYSRES16DEL02,28.0,4.5,12.316967,76.603067,12.446967,76.733067,12-03-2022,21:20,21:35,Stormy,Jam,2,Buffet,scooter,0.0,No,Urban,23,MYS,South India,21
0x5064,BANGRES13DEL03,21.0,4.2,12.935662,77.61413,12.995662,77.67413,07-03-2022,23:40,23:45,Stormy,Low,0,Buffet,motorcycle,0.0,No,Urban,23,BAN,South India,23
0xb5db,BANGRES08DEL01,33.0,4.1,12.906229,77.596791,13.016229,77.706791,06-03-2022,21:40,21:50,Sandstorms,Jam,0,Snack,motorcycle,1.0,No,Urban,35,BAN,South India,21
0x6e40,HYDRES04DEL01,28.0,4.7,17.411028,78.329645,17.481028,78.399645,04-03-2022,22:30,22:35,Windy,Low,2,Snack,scooter,0.0,No,Urban,17,HYD,South India,22
0x109a,CHENRES06DEL02,29.0,4.7,13.054347,80.257221,13.104347,80.307221,28-03-2022,18:30,18:35,Cloudy,Medium,2,Meal,motorcycle,0.0,No,Urban,12,CHE,South India,18
0xa62a,MYSRES010DEL01,24.0,4.7,12.321214,76.621094,12.361214,76.661094,05-04-2022,16:35,16:45,Sunny,Medium,0,Meal,motorcycle,0.0,No,Urban,15,MYS,South India,16
0x969c,CHENRES03DEL03,37.0,4.8,13.091809,80.219104,13.121809,80.249104,21-03-2022,22:25,22:30,Sunny,Low,2,Snack,motorcycle,0.0,No,Urban,12,CHE,South India,22
0x4351,BANGRES06DEL01,38.0,4.9,12.979096,77.640625,12.989096,77.650625,26-03-2022,09:35,09:45,Sunny,Low,0,Buffet,motorcycle,1.0,No,Urban,26,BAN,South India,9
0x5ba0,MYSRES16DEL03,38.0,4.2,12.316967,76.603067,12.406967,76.693067,27-03-2022,19:20,19:30,Sunny,Jam,2,Meal,scooter,2.0,No,Urban,33,MYS,South India,19
0xa027,CHENRES08DEL01,20.0,4.6,13.022394,80.242439,13.092394,80.312439,29-03-2022,19:15,19:20,Windy,Jam,0,Meal,motorcycle,1.0,No,Urban,30,CHE,South India,19
0x8e5c,BANGRES15DEL02,31.0,4.6,12.975377,77.696664,13.055377,77.776664,10-03-2022,22:15,22:30,Sandstorms,Low,2,Meal,scooter,1.0,No,Urban,24,BAN,South India,22
0x9a4c,MYSRES02DEL01,28.0,4.7,12.304569,76.643622,12.344569,76.683622,03-03-2022,12:15,12:30,Sunny,High,1,Snack,motorcycle,0.0,No,Urban,11,MYS,South India,12
0xad18,MYSRES02DEL02,23.0,4.7,12.304569,76.643622,12.434569,76.773622,02-03-2022,22:45,22:55,Sandstorms,Low,1,Drinks,motorcycle,1.0,No,Urban,16,MYS,South India,22
0xaadd,HYDRES15DEL02,33.0,4.5,17.45971,78.368855,17.53971,78.448855,06-03-2022,19:20,19:35,Stormy,Jam,2,Drinks,scooter,1.0,No,Urban,35,HYD,South India,19
0x571b,COIMBRES04DEL01,20.0,4.9,11.024839,77.007003,11.034839,77.017003,19-03-2022,11:55,12:10,Sandstorms,High,0,Drinks,motorcycle,1.0,No,Urban,17,COI,South India,11
0x3b21,MYSRES06DEL01,32.0,4.8,12.323994,76.626167,12.433994,76.736167,04-04-2022,22:35,22:50,Cloudy,Low,0,Meal,motorcycle,2.0,No,Urban,37,MYS,South India,22
0xadcb,COIMBRES03DEL02,28.0,4.9,11.025083,77.015393,11.105083,77.095393,04-04-2022,22:50,22:55,Stormy,Low,2,Meal,scooter,0.0,No,Urban,17,COI,South India,22
0xe95,CHENRES11DEL02,20.0,4.7,13.064181,80.236442,13.114181,80.286442,11-03-2022,23:15,23:30,Cloudy,Low,0,Drinks,motorcycle,1.0,No,Urban,16,CHE,South India,23
0x8271,BANGRES12DEL03,32.0,4.0,12.939496,77.625999,13.029496,77.715999,27-03-2022,18:15,18:30,Windy,Medium,0,Snack,motorcycle,1.0,No,Urban,40,BAN,South India,18
0x2f86,COIMBRES15DEL02,20.0,4.9,11.006686,76.951736,11.136686,77.081736,20-03-2022,21:15,21:30,Windy,Jam,1,Snack,scooter,0.0,No,Urban,26,COI,South India,21
0x7b96,BANGRES12DEL01,28.0,4.8,12.939496,77.625999,13.049496,77.735999,18-03-2022,22:35,22:50,Stormy,Low,0,Snack,motorcycle,0.0,No,Urban,15,BAN,South India,22
0x43cf,COIMBRES04DEL02,27.0,4.7,11.024839,77.007003,11.044839,77.027003,30-03-2022,11:15,11:30,Sunny,High,1,Snack,motorcycle,1.0,No,Urban,15,COI,South India,11
0x6c22,COIMBRES05DEL03,21.0,4.8,11.022169,76.999594,11.082169,77.059594,03-03-2022,18:55,0.791666667,Sunny,Medium,1,Meal,scooter,0.0,No,Urban,13,COI,South India,18
0xa62c,MYSRES18DEL02,21.0,4.8,12.337928,76.617889,12.357928,76.637889,21-03-2022,08:30,08:35,Sandstorms,Low,2,Meal,motorcycle,0.0,No,Urban,13,MYS,South India,8
0x58cf,CHENRES010DEL03,23.0,4.5,13.066762,80.251865,13.096762,80.281865,01-04-2022,21:35,21:40,Fog,Jam,2,Drinks,motorcycle,1.0,No,Urban,27,CHE,South India,21
0x1604,HYDRES12DEL03,31.0,4.4,17.429585,78.392621,17.489585,78.452621,03-03-2022,20:20,20:30,Windy,Jam,0,Drinks,motorcycle,1.0,No,Urban,40,HYD,South India,20
0xd97b,KOCRES06DEL01,36.0,4.3,9.982834,76.283268,10.022834,76.323268,13-02-2022,12:35,12:50,Cloudy,High,2,Meal,scooter,2.0,No,Urban,39,KOC,South India,12
0xbd6e,CHENRES18DEL03,32.0,4.6,12.981615,80.231598,13.011615,80.261598,13-03-2022,21:55,22:05,Sunny,Jam,0,Snack,motorcycle,0.0,No,Urban,24,CHE,South India,21
0xbca4,COIMBRES11DEL01,20.0,5.0,11.001753,76.986241,11.111753,77.096241,10-03-2022,22:10,22:25,Cloudy,Low,2,Snack,electric_scooter,1.0,No,Urban,28,COI,South India,22
0x7412,CHENRES16DEL02,27.0,4.5,13.049645,80.242268,13.179645,80.372268,10-03-2022,18:45,0.791666667,Sandstorms,Medium,1,Meal,motorcycle,0.0,No,Urban,16,CHE,South India,18
0x6e63,HYDRES17DEL02,23.0,5.0,17.451976,78.385883,17.471976,78.405883,03-04-2022,11:10,11:15,Sunny,High,2,Buffet,scooter,0.0,No,Urban,14,HYD,South India,11
0x2de8,COIMBRES14DEL03,24.0,4.9,11.003681,76.975525,11.063681,77.035525,07-03-2022,23:25,23:30,Stormy,Low,2,Drinks,electric_scooter,0.0,No,Urban,17,COI,South India,23
0x8985,CHENRES20DEL03,26.0,4.5,12.975996,80.221898,13.065996,80.311898,06-03-2022,19:30,19:35,Windy,Jam,1,Meal,scooter,0.0,No,Urban,17,CHE,South India,19
0x674a,CHENRES06DEL02,29.0,4.9,13.054347,80.257221,13.184347,80.387221,06-03-2022,23:20,23:35,Sandstorms,Low,0,Snack,motorcycle,0.0,No,Urban,21,CHE,South India,23
0xb7a8,CHENRES15DEL03,26.0,4.1,13.026286,80.275235,13.086286,80.335235,01-04-2022,23:25,23:40,Stormy,Low,0,Meal,motorcycle,0.0,No,Urban,22,CHE,South India,23
0x8111,HYDRES14DEL01,23.0,4.9,17.426228,78.407495,17.466228,78.447495,09-03-2022,12:35,12:40,Sandstorms,High,2,Buffet,scooter,1.0,No,Urban,13,HYD,South India,12
0x60a2,CHENRES03DEL01,24.0,4.5,13.091809,80.219104,13.101809,80.229104,15-03-2022,09:40,09:45,Sandstorms,Low,2,Drinks,motorcycle,0.0,,Urban,11,CHE,South India,9
0x95f1,MYSRES15DEL02,21.0,5.0,12.352058,76.60665,12.402058,76.65665,03-03-2022,23:15,23:25,Cloudy,Low,0,Snack,motorcycle,0.0,No,Urban,15,MYS,South India,23
0x2ff5,CHENRES02DEL01,33.0,5.0,13.086438,80.220672,13.156439,80.290672,06-04-2022,21:50,22:05,Stormy,Jam,1,Meal,motorcycle,0.0,No,Urban,28,CHE,South India,21
0x4974,COIMBRES07DEL03,37.0,4.9,10.96185,76.971082,11.02185,77.031082,09-03-2022,18:55,0.791666667,Cloudy,Medium,2,Drinks,scooter,1.0,No,Urban,15,COI,South India,18
0x1414,MYSRES09DEL03,24.0,4.7,12.323194,76.630583,12.353194,76.660583,03-03-2022,18:25,18:35,Cloudy,Medium,2,Meal,electric_scooter,1.0,No,Urban,16,MYS,South India,18
0x94e3,HYDRES06DEL03,25.0,4.8,17.455894,78.375467,17.515894,78.435467,13-03-2022,18:15,18:30,Stormy,Medium,2,Buffet,scooter,1.0,No,Urban,25,HYD,South India,18
0xb8ba,BANGRES19DEL01,38.0,4.0,12.914264,77.6784,13.024264,77.7884,14-03-2022,19:15,19:25,Fog,Jam,2,Drinks,motorcycle,1.0,No,Urban,43,BAN,South India,19
0x89ac,BANGRES01DEL02,21.0,5.0,12.933284,77.615428,12.983284,77.665428,01-03-2022,17:10,17:25,Sunny,Medium,2,Snack,motorcycle,0.0,No,Urban,11,BAN,South India,17
0xad72,MYSRES09DEL02,31.0,4.0,12.323194,76.630583,12.373194,76.680583,19-03-2022,21:45,21:50,Sandstorms,Jam,0,Meal,motorcycle,1.0,No,Urban,34,MYS,South India,21
0x6dae,BANGRES19DEL02,30.0,4.7,12.914264,77.6784,12.934264,77.6984,17-03-2022,09:15,09:30,Stormy,Low,2,Meal,scooter,1.0,No,Urban,20,BAN,South India,9
0x6415,MYSRES14DEL02,31.0,4.8,0.0,0.0,0.05,0.05,05-04-2022,23:45,23:55,Windy,Low,2,Drinks,motorcycle,1.0,No,Urban,28,MYS,South India,23
0x9f58,MYSRES17DEL01,33.0,4.6,12.326356,76.619103,12.436356,76.729103,06-03-2022,19:20,19:25,Cloudy,Jam,1,Snack,scooter,1.0,No,Urban,38,MYS,South India,19
0x62f2,HYDRES20DEL02,31.0,3.5,17.483216,78.552111,17.613216,78.682111,18-03-2022,23:35,23:50,Fog,Low,2,Snack,scooter,1.0,No,Urban,31,HYD,South India,23
0xa438,MYSRES05DEL01,33.0,4.7,12.323978,76.627961,12.393978,76.697961,14-03-2022,19:35,19:50,Sunny,Jam,2,Snack,scooter,0.0,No,Urban,20,MYS,South India,19
0xb0b1,MYSRES12DEL02,20.0,4.6,12.284747,76.625861,12.304747,76.645861,01-04-2022,11:55,0.5,Fog,High,2,Buffet,motorcycle,0.0,No,Urban,23,MYS,South India,11
0xaae3,CHENRES16DEL02,29.0,4.7,13.049645,80.242268,13.099645,80.292268,21-03-2022,18:45,18:55,Sunny,Medium,1,Drinks,scooter,1.0,No,Urban,14,CHE,South India,18
0xb4eb,MYSRES01DEL01,20.0,4.4,12.311072,76.654878,12.381072,76.724878,04-04-2022,21:55,22:10,Sandstorms,Jam,0,Drinks,motorcycle,1.0,No,Urban,34,MYS,South India,21
0x9def,CHENRES13DEL03,29.0,5.0,13.027018,80.254791,13.117018,80.344791,02-03-2022,22:55,23:05,Cloudy,Low,2,Buffet,scooter,1.0,No,Urban,24,CHE,South India,22
0x39d1,CHENRES07DEL02,33.0,4.6,13.081878,80.248519,13.131878,80.298519,03-03-2022,19:20,19:25,Sunny,Jam,2,Drinks,scooter,1.0,No,Urban,18,CHE,South India,19
0x6386,BANGRES11DEL03,32.0,4.6,12.934365,77.616155,12.994365,77.676155,03-04-2022,17:10,17:25,Cloudy,Medium,1,Meal,scooter,0.0,No,Urban,16,BAN,South India,17
0x8926,BANGRES19DEL02,21.0,4.9,12.914264,77.6784,12.934264,77.6984,07-03-2022,08:40,08:45,Sunny,Low,0,Buffet,motorcycle,1.0,No,Urban,14,BAN,South India,8
0x93ce,CHENRES12DEL02,31.0,4.7,12.972793,80.249982,12.992793,80.269982,09-03-2022,10:30,10:45,Windy,Low,2,Buffet,scooter,1.0,No,Urban,21,CHE,South India,10
0x6f46,HYDRES17DEL03,31.0,4.6,17.451976,78.385883,17.541976,78.475883,04-04-2022,17:30,17:40,Sunny,Medium,2,Drinks,scooter,1.0,No,Urban,26,HYD,South India,17
0x1c6e,COIMBRES15DEL02,29.0,4.9,11.006686,76.951736,11.026686,76.971736,07-03-2022,10:15,10:20,Sunny,Low,1,Snack,scooter,1.0,No,Urban,15,COI,South India,10
0xbe46,MYSRES02DEL03,22.0,4.8,12.304569,76.643622,12.334569,76.673622,05-03-2022,17:45,17:50,Cloudy,Medium,1,Drinks,motorcycle,1.0,No,Urban,19,MYS,South India,17
0x1971,CHENRES02DEL02,30.0,4.9,13.086438,80.220672,13.106438,80.240672,26-03-2022,08:25,08:30,Fog,Low,1,Buffet,scooter,0.0,No,Urban,16,CHE,South India,8
0x5278,MYSRES14DEL01,33.0,4.9,0.0,0.0,0.11,0.11,04-03-2022,22:25,22:30,Stormy,Low,1,Drinks,motorcycle,1.0,No,Urban,15,MYS,South India,22
0x461f,BANGRES09DEL01,28.0,4.8,12.934179,77.615797,12.974179,77.655797,01-04-2022,16:40,16:45,Cloudy,Medium,0,Snack,motorcycle,0.0,No,Urban,21,BAN,South India,16
0x4006,COIMBRES17DEL03,29.0,4.6,11.026117,76.944652,11.086117,77.004652,24-03-2022,18:10,18:20,Fog,Medium,2,Drinks,scooter,1.0,No,Urban,15,COI,South India,18
0x4839,HYDRES19DEL03,27.0,4.7,17.458998,78.500366,17.548998,78.590366,02-03-2022,20:40,20:55,Cloudy,Jam,2,Meal,electric_scooter,2.0,No,Urban,40,HYD,South India,20
0xb453,COIMBRES19DEL02,31.0,4.7,11.022298,76.998349,11.102298,77.078349,04-03-2022,19:55,0.833333333,Sunny,Jam,2,Snack,motorcycle,1.0,No,Urban,23,COI,South India,19
0x5901,HYDRES05DEL01,21.0,4.7,17.433809,78.386744,17.503809,78.456744,16-03-2022,18:20,18:30,Sandstorms,Medium,2,Meal,motorcycle,1.0,No,Urban,22,HYD,South India,18
0x8546,COIMBRES06DEL01,34.0,5.0,11.021278,76.995017,11.031278,77.005017,05-04-2022,09:25,09:35,Sunny,Low,1,Meal,scooter,0.0,No,Urban,18,COI,South India,9
0x9a90,HYDRES03DEL01,34.0,5.0,17.422819,78.449578,17.432819,78.459578,01-04-2022,11:45,11:50,Windy,High,0,Buffet,motorcycle,1.0,No,Urban,37,HYD,South India,11
0xb282,MYSRES16DEL02,25.0,4.6,12.316967,76.603067,12.396967,76.683067,25-03-2022,22:40,22:45,Cloudy,Low,1,Meal,scooter,1.0,No,Urban,24,MYS,South India,22
0x9a13,BANGRES06DEL02,23.0,4.8,12.979096,77.640625,12.999096,77.660625,03-04-2022,11:45,0.5,Cloudy,High,0,Drinks,motorcycle,1.0,No,Urban,28,BAN,South India,11
0x578d,BANGRES01DEL03,22.0,4.2,12.933284,77.615428,12.963284,77.645428,07-03-2022,23:40,23:45,Stormy,Low,0,Drinks,motorcycle,1.0,No,Urban,21,BAN,South India,23
0xde9c,KOCRES13DEL02,32.0,4.6,9.991703,76.293136,10.071703,76.373136,14-02-2022,19:25,19:40,Stormy,Jam,2,Drinks,scooter,0.0,No,Urban,26,KOC,South India,19
0x365a,COIMBRES06DEL02,30.0,4.8,11.021278,76.995017,11.151278,77.125017,20-03-2022,18:15,18:30,Cloudy,Medium,0,Meal,motorcycle,1.0,Yes,Urban,43,COI,South India,18
0xbacd,HYDRES15DEL02,35.0,4.9,17.45971,78.368855,17.58971,78.498855,27-03-2022,18:30,18:45,Stormy,Medium,0,Buffet,motorcycle,1.0,No,Urban,33,HYD,South India,18
0x8ffd,CHENRES15DEL01,31.0,4.6,13.026286,80.275235,13.066286,80.315235,28-03-2022,16:45,16:50,Windy,Medium,2,Snack,motorcycle,1.0,No,Urban,26,CHE,South India,16
0x9add,BANGRES01DEL01,22.0,4.6,12.933284,77.615428,13.003284,77.685428,16-03-2022,19:55,20:05,Stormy,Jam,1,Drinks,motorcycle,0.0,No,Urban,22,BAN,South India,19
0x3938,MYSRES19DEL02,31.0,4.7,12.334022,76.618203,12.464022,76.748203,31-03-2022,21:55,22:05,Windy,Jam,2,Snack,motorcycle,1.0,No,Urban,28,MYS,South India,21
0x17c0,MYSRES13DEL02,28.0,4.5,12.310972,76.659264,12.440972,76.789264,27-03-2022,18:10,18:25,Sandstorms,Medium,2,Buffet,motorcycle,,No,Urban,18,MYS,South India,18
0x4e64,CHENRES11DEL01,28.0,5.0,13.064181,80.236442,13.174181,80.346442,12-03-2022,23:10,23:25,Stormy,Low,1,Snack,motorcycle,1.0,No,Urban,17,CHE,South India,23
0x747a,MYSRES12DEL02,28.0,4.8,12.284747,76.625861,12.364747,76.705861,18-03-2022,20:30,20:40,Sandstorms,Jam,1,Buffet,scooter,1.0,No,Urban,22,MYS,South India,20
0xb73,CHENRES19DEL02,27.0,4.9,12.986047,80.218114,13.066047,80.298114,02-03-2022,22:30,22:35,Sandstorms,Low,0,Buffet,motorcycle,0.0,No,Urban,20,CHE,South India,22
0x24e7,MYSRES18DEL01,25.0,4.6,12.337928,76.617889,12.447928,76.727889,23-03-2022,20:10,20:25,Sandstorms,Jam,1,Drinks,motorcycle,1.0,No,Urban,25,MYS,South India,20
0x7aa3,HYDRES14DEL03,22.0,4.3,17.426228,78.407495,17.456228,78.437495,26-03-2022,21:40,21:45,Sunny,Jam,0,Snack,motorcycle,1.0,No,Urban,42,HYD,South India,21
0x20aa,CHENRES20DEL02,37.0,4.9,12.975996,80.221898,13.055996,80.301898,10-03-2022,19:10,19:25,Windy,Jam,1,Snack,scooter,0.0,No,Urban,29,CHE,South India,19
0x36bb,MYSRES07DEL03,21.0,4.9,12.325461,76.632278,12.415461,76.722278,23-03-2022,19:30,19:40,Sunny,Jam,1,Meal,motorcycle,1.0,No,Urban,18,MYS,South India,19
0xc0bb,KOCRES17DEL01,27.0,4.7,-9.959778,76.296106,9.969778,76.306106,15-02-2022,09:20,09:25,Cloudy,Low,0,Buffet,motorcycle,1.0,No,Urban,15,KOC,South India,9
0xbd28,BANGRES08DEL03,33.0,4.5,12.906229,77.596791,12.966229,77.656791,19-03-2022,17:10,17:20,Fog,Medium,2,Buffet,scooter,0.0,No,Urban,15,BAN,South India,17
0xca59,KOCRES15DEL02,24.0,4.9,10.027364,76.308258,10.157364,76.438258,12-02-2022,20:45,0.875,Sunny,Jam,2,Snack,scooter,1.0,No,Urban,22,KOC,South India,20
0x656c,HYDRES15DEL01,36.0,4.5,17.45971,78.368855,17.46971,78.378855,21-03-2022,09:40,09:45,Windy,Low,2,Snack,electric_scooter,0.0,No,Urban,23,HYD,South India,9
0xa1b9,MYSRES02DEL01,33.0,4.9,12.304569,76.643622,12.414569,76.753622,14-03-2022,19:35,19:40,Cloudy,Jam,0,Meal,motorcycle,0.0,No,Urban,43,MYS,South India,19
0x67a5,MYSRES14DEL02,35.0,4.6,0.0,0.0,0.08,0.08,06-03-2022,19:50,20:05,Fog,Jam,2,Snack,electric_scooter,0.0,No,Urban,38,MYS,South India,19
0xa346,CHENRES010DEL01,20.0,4.6,13.066762,80.251865,13.076762,80.261865,07-03-2022,11:55,12:10,Sunny,High,1,Buffet,motorcycle,1.0,No,Urban,16,CHE,South India,11
0x6128,COIMBRES16DEL03,36.0,4.5,11.010375,76.95295,11.070375,77.01295,24-03-2022,20:30,20:40,Windy,Jam,2,Snack,electric_scooter,1.0,No,Urban,25,COI,South India,20
0x1220,MYSRES01DEL01,37.0,4.9,12.311072,76.654878,12.321072,76.664878,17-03-2022,08:40,08:50,Stormy,Low,2,Drinks,scooter,1.0,No,Urban,24,MYS,South India,8
0x66de,HYDRES06DEL02,31.0,4.6,17.455894,78.375467,17.475894,78.395467,05-03-2022,11:35,11:45,Sandstorms,High,1,Drinks,scooter,1.0,No,Urban,30,HYD,South India,11
0x7294,MYSRES16DEL01,30.0,4.1,12.316967,76.603067,12.386967,76.673067,16-03-2022,22:15,22:25,Fog,Low,2,Snack,electric_scooter,1.0,No,Urban,31,MYS,South India,22
0xa66a,MYSRES06DEL02,26.0,4.7,12.323994,76.626167,12.343994,76.646167,19-03-2022,08:50,08:55,Cloudy,Low,1,Snack,scooter,1.0,No,Urban,12,MYS,South India,8
0x89b9,HYDRES12DEL02,23.0,4.6,17.429585,78.392621,17.559585,78.522621,04-03-2022,22:45,0.958333333,Sandstorms,Low,1,Buffet,scooter,1.0,No,Urban,15,HYD,South India,22
0x5386,MYSRES13DEL02,32.0,5.0,12.310972,76.659264,12.360972,76.709264,26-03-2022,21:10,21:15,Sandstorms,Jam,1,Drinks,motorcycle,0.0,No,Urban,26,MYS,South India,21
0x6f8e,MYSRES04DEL01,22.0,4.6,12.3085,76.665808,12.3185,76.675808,13-03-2022,08:40,08:55,Stormy,Low,2,Snack,electric_scooter,1.0,No,Urban,14,MYS,South India,8
0x3c5b,HYDRES13DEL02,36.0,4.7,17.431477,78.40035,17.481477,78.45035,26-03-2022,23:30,23:35,Fog,Low,0,Meal,motorcycle,1.0,No,Urban,24,HYD,South India,23
0x288e,COIMBRES14DEL01,22.0,4.7,11.003681,76.975525,11.073681,77.045525,06-04-2022,18:30,18:40,Windy,Medium,2,Meal,motorcycle,0.0,No,Urban,27,COI,South India,18
0x2fa6,COIMBRES17DEL02,29.0,4.9,11.026117,76.944652,11.046117,76.964652,28-03-2022,09:30,09:40,Stormy,Low,1,Buffet,motorcycle,0.0,No,Urban,11,COI,South India,9
0x48bf,CHENRES13DEL01,34.0,4.7,13.027018,80.254791,13.097018,80.324791,02-04-2022,20:25,20:35,Cloudy,Jam,2,Drinks,electric_scooter,2.0,Yes,Urban,41,CHE,South India,20
0x9460,COIMBRES17DEL03,33.0,4.2,11.026117,76.944652,11.116117,77.034652,27-03-2022,17:15,17:25,Cloudy,Medium,2,Meal,scooter,2.0,No,Urban,41,COI,South India,17
0x3661,HYDRES14DEL02,37.0,4.7,17.426228,78.407495,17.446228,78.427495,30-03-2022,09:50,10:05,Sunny,Low,1,Drinks,motorcycle,1.0,No,Urban,18,HYD,South India,9
0x2163,MYSRES15DEL01,37.0,4.3,12.352058,76.60665,12.392058,76.64665,19-03-2022,13:40,13:45,Fog,High,1,Drinks,scooter,0.0,No,Urban,36,MYS,South India,13
0xad7f,MYSRES010DEL03,20.0,4.6,12.321214,76.621094,12.411214,76.711094,20-03-2022,18:10,18:20,Sunny,Medium,1,Drinks,motorcycle,,No,Urban,18,MYS,South India,18
0x9e57,BANGRES17DEL02,22.0,4.6,12.972532,77.608179,13.052532,77.688179,29-03-2022,21:45,0.916666667,Windy,Jam,1,Buffet,scooter,1.0,No,Urban,16,BAN,South India,21
0x3e1c,BANGRES04DEL02,27.0,4.5,12.98041,77.640489,13.03041,77.690489,01-03-2022,23:40,23:55,Fog,Low,1,Buffet,motorcycle,1.0,No,Urban,15,BAN,South India,23
0x5779,BANGRES17DEL01,21.0,4.7,12.972532,77.608179,13.082532,77.718179,23-03-2022,18:50,19:05,Windy,Medium,2,Drinks,electric_scooter,1.0,No,Urban,19,BAN,South India,18
0x1660,HYDRES05DEL01,35.0,4.5,17.433809,78.386744,17.473809,78.426744,03-03-2022,16:25,16:35,Fog,Medium,2,Meal,electric_scooter,1.0,No,Urban,19,HYD,South India,16
0x3238,CHENRES05DEL01,26.0,4.9,13.058616,80.264151,13.098616,80.304151,11-03-2022,13:55,0.583333333,Stormy,High,0,Buffet,motorcycle,1.0,No,Urban,30,CHE,South India,13
0x62ce,CHENRES13DEL02,21.0,4.1,13.027018,80.254791,13.107018,80.334791,12-03-2022,20:55,0.875,Windy,Jam,0,Snack,motorcycle,1.0,No,Urban,33,CHE,South India,20
0x931a,HYDRES19DEL01,38.0,4.1,17.458998,78.500366,17.568998,78.610366,02-03-2022,19:40,19:50,Sandstorms,Jam,0,Drinks,motorcycle,1.0,No,Urban,42,HYD,South India,19
0xb214,BANGRES12DEL01,27.0,4.9,12.939496,77.625999,13.049496,77.735999,23-03-2022,23:55,1,Sunny,Low,1,Drinks,motorcycle,0.0,No,Urban,26,BAN,South India,23
0xbcb3,MYSRES09DEL01,22.0,5.0,12.323194,76.630583,12.393194,76.700583,16-03-2022,21:45,21:55,Stormy,Jam,2,Snack,electric_scooter,1.0,No,Urban,21,MYS,South India,21
0xb37b,BANGRES11DEL02,39.0,5.0,12.934365,77.616155,12.954365,77.636155,17-03-2022,11:30,11:35,Windy,High,1,Buffet,scooter,1.0,No,Urban,33,BAN,South India,11
0xabb5,CHENRES11DEL01,21.0,4.6,13.064181,80.236442,13.074181,80.246442,15-03-2022,10:55,11:10,Fog,Low,2,Drinks,scooter,0.0,No,Urban,11,CHE,South India,10
0x2b88,BANGRES04DEL01,29.0,4.7,12.98041,77.640489,13.09041,77.750489,25-03-2022,20:40,20:45,Stormy,Jam,0,Snack,motorcycle,1.0,No,Urban,26,BAN,South India,20
0x4ba3,HYDRES02DEL03,25.0,4.8,17.41233,78.449654,17.47233,78.509654,01-03-2022,22:45,22:50,Sunny,Low,0,Buffet,motorcycle,0.0,,Urban,12,HYD,South India,22
0xaa02,COIMBRES03DEL02,30.0,4.8,11.025083,77.015393,11.045083,77.035393,24-03-2022,10:50,10:55,Windy,Low,1,Snack,scooter,1.0,No,Urban,24,COI,South India,10
0x330c,MYSRES15DEL03,33.0,4.8,12.352058,76.60665,12.442058,76.69665,08-03-2022,23:30,23:35,Stormy,Low,2,Buffet,scooter,0.0,No,Urban,23,MYS,South India,23
0xc0ed,KOCRES12DEL03,27.0,4.6,-9.988483,76.295211,10.048483,76.355211,17-02-2022,23:30,23:45,Windy,Low,2,Meal,scooter,0.0,No,Urban,12,KOC,South India,23
0xba31,CHENRES09DEL01,28.0,5.0,13.044694,80.26147,13.154694,80.37147,20-03-2022,21:35,21:40,Stormy,Jam,1,Buffet,scooter,0.0,No,Urban,17,CHE,South India,21
0x6713,MYSRES11DEL03,35.0,4.9,12.323225,76.630028,12.413225,76.720028,10-03-2022,19:50,20:05,Fog,Jam,1,Drinks,motorcycle,1.0,No,Urban,46,MYS,South India,19
0x28b2,COIMBRES03DEL01,22.0,4.6,11.025083,77.015393,11.095083,77.085393,23-03-2022,20:50,0.875,Windy,Jam,1,Drinks,motorcycle,1.0,No,Urban,20,COI,South India,20
0x43bf,COIMBRES06DEL01,22.0,4.7,11.021278,76.995017,11.061278,77.035017,30-03-2022,15:45,15:50,Sunny,Medium,2,Meal,motorcycle,0.0,No,Urban,14,COI,South India,15
0x4d1d,BANGRES16DEL02,29.0,4.8,13.029198,77.570997,13.109198,77.650997,25-03-2022,19:20,19:35,Stormy,Jam,2,Meal,scooter,0.0,No,Urban,27,BAN,South India,19
0xab3a,MYSRES01DEL03,37.0,4.9,12.311072,76.654878,12.341072,76.684878,05-03-2022,17:20,17:30,Fog,Medium,1,Drinks,motorcycle,0.0,No,Urban,19,MYS,South India,17
0x127a,CHENRES12DEL02,28.0,4.7,12.972793,80.249982,13.102793,80.379982,18-03-2022,23:15,23:20,Stormy,Low,2,Drinks,electric_scooter,1.0,No,Urban,14,CHE,South India,23
0x67f4,HYDRES06DEL01,33.0,4.6,17.455894,78.375467,17.465894,78.385467,05-04-2022,09:30,09:35,Fog,Low,2,Snack,electric_scooter,,No,Urban,18,HYD,South India,9
0x9f0f,BANGRES16DEL03,21.0,4.8,13.029198,77.570997,13.059198,77.600997,01-03-2022,19:50,20:05,Sandstorms,Jam,2,Snack,scooter,0.0,No,Urban,10,BAN,South India,19
0x3e2e,MYSRES010DEL03,25.0,4.9,12.321214,76.621094,12.411214,76.711094,31-03-2022,17:25,17:40,Sunny,Medium,2,Snack,motorcycle,0.0,No,Urban,11,MYS,South India,17
0x8178,COIMBRES06DEL03,25.0,4.3,11.021278,76.995017,11.081278,77.055017,30-03-2022,23:50,1,Sandstorms,Low,0,Snack,motorcycle,0.0,No,Urban,26,COI,South India,23
0x6c40,CHENRES20DEL02,25.0,4.6,12.975996,80.221898,12.995996,80.241898,17-03-2022,11:30,11:40,Sandstorms,High,2,Buffet,scooter,1.0,No,Urban,26,CHE,South India,11
0x6a2e,HYDRES05DEL01,20.0,4.8,17.433809,78.386744,17.443809,78.396744,17-03-2022,08:30,08:45,Cloudy,Low,0,Snack,motorcycle,1.0,No,Urban,17,HYD,South India,8
0x64ac,COIMBRES14DEL03,29.0,4.6,11.003681,76.975525,11.063681,77.035525,03-04-2022,23:30,23:45,Fog,Low,1,Meal,scooter,0.0,No,Urban,17,COI,South India,23
0x5a8a,BANGRES03DEL02,21.0,4.8,12.979166,77.640709,13.059166,77.720709,08-03-2022,22:50,0.958333333,Fog,Low,0,Snack,motorcycle,0.0,No,Urban,20,BAN,South India,22
0x2bfc,CHENRES02DEL01,32.0,4.8,13.086438,80.220672,13.196438,80.330672,10-03-2022,19:30,19:35,Fog,Jam,0,Snack,motorcycle,1.0,Yes,Urban,43,CHE,South India,19
0xaddf,CHENRES19DEL02,27.0,4.7,12.986047,80.218114,13.006047,80.238114,07-03-2022,08:25,08:30,Sandstorms,Low,2,Drinks,scooter,0.0,No,Urban,11,CHE,South India,8
0x1de9,CHENRES08DEL03,29.0,4.1,13.022394,80.242439,13.112394,80.332439,04-03-2022,20:45,0.875,Fog,Jam,1,Meal,scooter,1.0,No,Urban,42,CHE,South India,20
0xd88e,KOCRES14DEL02,21.0,4.6,10.027014,76.308053,10.107014,76.388053,12-02-2022,18:15,18:30,Sunny,Medium,2,Meal,scooter,0.0,No,Urban,15,KOC,South India,18
0xa335,CHENRES17DEL01,37.0,4.1,13.045479,80.23311,13.055479,80.24311,01-04-2022,10:20,10:30,Sandstorms,Low,0,Drinks,motorcycle,1.0,No,Urban,28,CHE,South India,10
0x637b,CHENRES03DEL01,30.0,4.5,13.091809,80.219104,13.131809,80.259104,03-03-2022,15:35,15:40,Cloudy,Medium,0,Snack,motorcycle,1.0,No,Urban,27,CHE,South India,15
0x7aeb,HYDRES01DEL01,32.0,4.3,17.410371,78.437225,17.420371,78.447225,11-03-2022,09:30,09:40,Sandstorms,Low,0,Buffet,motorcycle,1.0,No,Urban,32,HYD,South India,9
0x2d3c,CHENRES15DEL01,28.0,4.7,13.026286,80.275235,13.136286,80.385235,04-03-2022,17:35,17:50,Fog,Medium,2,Drinks,motorcycle,1.0,No,Urban,29,CHE,South India,17
0x2252,COIMBRES03DEL01,24.0,4.9,11.025083,77.015393,11.065083,77.055393,15-03-2022,12:20,12:30,Cloudy,High,0,Snack,motorcycle,1.0,No,Urban,25,COI,South India,12
0x14c8,HYDRES14DEL01,28.0,5.0,17.426228,78.407495,17.466228,78.447495,24-03-2022,12:50,13:05,Sunny,High,1,Snack,motorcycle,0.0,No,Urban,11,HYD,South India,12
0xae03,MYSRES19DEL03,26.0,5.0,12.334022,76.618203,12.364022,76.648203,19-03-2022,23:40,23:55,Stormy,Low,1,Drinks,scooter,1.0,No,Urban,16,MYS,South India,23
0x4c6b,BANGRES02DEL01,38.0,4.8,12.970221,77.645396,13.010221,77.685396,03-03-2022,12:45,12:50,Sunny,High,2,Snack,scooter,,No,Urban,24,BAN,South India,12
0x3233,COIMBRES02DEL03,33.0,4.7,11.022477,76.995667,11.082477,77.055667,01-03-2022,23:35,23:50,Windy,Low,1,Buffet,scooter,1.0,No,Urban,22,COI,South India,23
0x5924,HYDRES09DEL01,33.0,4.6,17.431668,78.408321,17.471668,78.448321,28-03-2022,16:40,16:50,Sunny,Medium,2,Meal,electric_scooter,0.0,No,Urban,19,HYD,South India,16
0xbbaf,HYDRES11DEL01,27.0,4.7,17.430448,78.418213,17.540448,78.528213,02-03-2022,22:35,22:40,Stormy,Low,1,Meal,motorcycle,0.0,No,Urban,12,HYD,South India,22
0x2e6a,BANGRES13DEL03,28.0,4.9,12.935662,77.61413,12.995662,77.67413,24-03-2022,22:45,0.958333333,Sunny,Low,1,Meal,scooter,0.0,No,Urban,22,BAN,South India,22
0x912f,BANGRES19DEL03,32.0,4.8,12.914264,77.6784,12.944264,77.7084,05-04-2022,20:10,20:20,Sunny,Jam,2,Meal,scooter,1.0,No,Urban,17,BAN,South India,20
0x90f0,COIMBRES13DEL01,25.0,4.9,11.003669,76.976494,11.043669,77.016494,05-03-2022,16:25,16:35,Fog,Medium,1,Snack,scooter,0.0,No,Urban,11,COI,South India,16
0x61dd,BANGRES06DEL01,23.0,4.9,12.979096,77.640625,12.989096,77.650625,13-03-2022,09:20,09:35,Windy,Low,2,Drinks,scooter,0.0,No,Urban,15,BAN,South India,9
0x9417,BANGRES16DEL03,33.0,4.8,13.029198,77.570997,13.059198,77.600997,11-03-2022,18:15,18:25,Sunny,Medium,2,Buffet,motorcycle,1.0,No,Urban,21,BAN,South India,18
0x6800,HYDRES14DEL01,24.0,5.0,17.426228,78.407495,17.496228,78.477495,25-03-2022,17:50,18:05,Fog,Medium,0,Buffet,motorcycle,1.0,No,Urban,41,HYD,South India,17
0x68c3,CHENRES03DEL03,22.0,4.6,13.091809,80.219104,13.121809,80.249104,17-03-2022,19:20,19:30,Windy,Jam,1,Drinks,scooter,0.0,No,Urban,23,CHE,South India,19
0xa03b,HYDRES06DEL02,28.0,4.8,17.455894,78.375467,17.475894,78.395467,15-03-2022,08:50,09:05,Fog,Low,1,Snack,scooter,1.0,No,Urban,14,HYD,South India,8
0x976d,BANGRES16DEL02,36.0,4.8,13.029198,77.570997,13.159198,77.700997,18-03-2022,23:45,23:50,Windy,Low,0,Drinks,motorcycle,0.0,No,Urban,25,BAN,South India,23
0x1c5f,CHENRES12DEL01,29.0,5.0,12.972793,80.249982,13.082793,80.359982,31-03-2022,20:25,20:30,Sandstorms,Jam,0,Snack,motorcycle,0.0,No,Urban,31,CHE,South India,20
0x8686,COIMBRES03DEL02,35.0,4.0,11.025083,77.015393,11.155083,77.145393,31-03-2022,23:25,23:30,Fog,Low,0,Buffet,motorcycle,2.0,No,Urban,43,COI,South India,23
0x1256,BANGRES01DEL03,25.0,4.7,12.933284,77.615428,12.963284,77.645428,15-03-2022,21:10,21:20,Windy,Jam,2,Snack,scooter,1.0,No,Urban,14,BAN,South India,21
0x63a6,HYDRES09DEL01,36.0,4.6,17.431668,78.408321,17.441668,78.418321,15-03-2022,09:10,09:20,Cloudy,Low,2,Meal,motorcycle,0.0,No,Urban,17,HYD,South India,9
0x3826,CHENRES01DEL02,25.0,4.8,13.005801,80.250744,13.025801,80.270744,15-03-2022,08:40,08:50,Sunny,Low,0,Snack,motorcycle,0.0,No,Urban,10,CHE,South India,8
0x5ee9,COIMBRES20DEL02,37.0,4.7,10.994136,76.963303,11.014136,76.983303,28-03-2022,11:30,11:45,Sunny,High,2,Snack,scooter,1.0,No,Urban,21,COI,South India,11
0x9063,MYSRES19DEL01,38.0,4.8,12.334022,76.618203,12.344022,76.628203,13-03-2022,09:10,09:15,Fog,Low,1,Drinks,motorcycle,1.0,No,Urban,17,MYS,South India,9
0x2fd3,CHENRES15DEL01,34.0,4.6,13.026286,80.275235,13.096286,80.345235,04-03-2022,18:15,18:25,Sunny,Medium,0,Meal,motorcycle,1.0,No,Urban,34,CHE,South India,18
0x6355,MYSRES010DEL02,20.0,4.8,12.321214,76.621094,12.341214,76.641094,17-03-2022,10:35,10:40,Fog,Low,1,Drinks,scooter,0.0,No,Urban,10,MYS,South India,10
0x7baa,CHENRES15DEL02,23.0,4.6,13.026286,80.275235,13.106286,80.355235,14-03-2022,17:55,18:05,Fog,Medium,1,Meal,scooter,0.0,No,Urban,27,CHE,South India,17
0x9b75,COIMBRES17DEL02,31.0,4.6,11.026117,76.944652,11.046117,76.964652,05-03-2022,10:30,10:35,Windy,Low,2,Meal,motorcycle,1.0,No,Urban,29,COI,South India,10
0x7ad2,MYSRES12DEL03,26.0,4.8,12.284747,76.625861,12.344747,76.685861,07-03-2022,17:40,17:50,Sunny,Medium,0,Snack,motorcycle,0.0,No,Urban,15,MYS,South India,17
0x80c,COIMBRES02DEL02,26.0,4.6,11.022477,76.995667,11.042477,77.015667,24-03-2022,08:35,08:45,Fog,Low,1,Buffet,motorcycle,1.0,No,Urban,12,COI,South India,8
0x748e,CHENRES02DEL01,37.0,4.6,13.086438,80.220672,13.096438,80.230672,21-03-2022,11:20,11:30,Fog,High,1,Meal,scooter,1.0,No,Urban,26,CHE,South India,11
0xa1c9,COIMBRES16DEL01,35.0,4.8,11.010375,76.95295,11.020375,76.96295,05-03-2022,08:35,08:40,Sunny,Low,1,Buffet,scooter,1.0,No,Urban,16,COI,South India,8
0x5ab5,COIMBRES010DEL03,24.0,4.4,11.003008,76.97544,11.093008,77.06544,12-03-2022,21:30,21:35,Cloudy,Jam,2,Buffet,scooter,2.0,Yes,Urban,40,COI,South India,21
0xae3b,COIMBRES06DEL01,27.0,5.0,11.021278,76.995017,11.091278,77.065017,06-04-2022,22:10,22:15,Windy,Low,0,Buffet,motorcycle,1.0,No,Urban,23,COI,South India,22
0x8f98,COIMBRES17DEL02,24.0,4.8,11.026117,76.944652,11.106117,77.024652,10-03-2022,18:20,18:25,Sandstorms,Medium,1,Buffet,scooter,0.0,No,Urban,26,COI,South India,18
0x2095,CHENRES010DEL01,21.0,4.8,13.066762,80.251865,13.106762,80.291865,26-03-2022,12:20,12:30,Stormy,High,2,Meal,electric_scooter,0.0,No,Urban,17,CHE,South India,12
0x4da4,BANGRES17DEL03,24.0,4.6,12.972532,77.608179,13.002532,77.638179,03-04-2022,17:35,17:40,Fog,Medium,1,Snack,scooter,0.0,No,Urban,13,BAN,South India,17
0xb04e,HYDRES19DEL01,25.0,5.0,17.458998,78.500366,17.468998,78.510366,03-03-2022,11:15,11:30,Cloudy,High,0,Snack,motorcycle,1.0,No,Urban,26,HYD,South India,11
0xb40e,COIMBRES08DEL01,29.0,4.7,11.001852,76.976268,11.111852,77.086268,02-03-2022,20:35,20:40,Windy,Jam,1,Snack,motorcycle,1.0,No,Urban,24,COI,South India,20
0xc55e,KOCRES01DEL03,27.0,4.6,9.979363,76.285001,10.069363,76.375001,16-02-2022,18:50,19:05,Windy,Medium,0,Snack,motorcycle,1.0,No,Urban,21,KOC,South India,18
0x6814,CHENRES010DEL02,23.0,4.9,13.066762,80.251865,13.116762,80.301865,01-04-2022,17:30,17:40,Sunny,Medium,2,Meal,motorcycle,,No,Urban,13,CHE,South India,17
0x3e56,COIMBRES04DEL03,24.0,4.7,11.024839,77.007003,11.084839,77.067003,26-03-2022,20:15,20:30,Sandstorms,Jam,0,Drinks,motorcycle,0.0,No,Urban,17,COI,South India,20
0x640d,MYSRES09DEL02,20.0,4.8,12.323194,76.630583,12.373194,76.680583,09-03-2022,23:10,23:25,Stormy,Low,2,Snack,scooter,0.0,No,Urban,10,MYS,South India,23
0x65a5,BANGRES11DEL01,39.0,5.0,12.934365,77.616155,12.944365,77.626155,11-03-2022,09:25,09:40,Sunny,Low,2,Snack,scooter,1.0,No,Urban,18,BAN,South India,9
0x14c1,CHENRES03DEL02,23.0,4.7,13.091809,80.219104,13.171809,80.299104,16-03-2022,23:30,23:45,Fog,Low,0,Drinks,motorcycle,1.0,No,Urban,24,CHE,South India,23
0xa70,CHENRES12DEL01,24.0,4.6,12.972793,80.249982,12.982793,80.259982,05-04-2022,11:10,11:15,Cloudy,High,2,Buffet,scooter,1.0,No,Urban,20,CHE,South India,11
0x923d,HYDRES02DEL01,20.0,4.2,17.41233,78.449654,17.48233,78.519654,02-04-2022,17:20,17:25,Sandstorms,Medium,0,Meal,motorcycle,1.0,No,Urban,33,HYD,South India,17
0xbc1d,HYDRES20DEL02,21.0,4.8,17.483216,78.552111,17.503216,78.572111,03-03-2022,11:25,11:40,Sunny,High,1,Drinks,scooter,0.0,No,Urban,12,HYD,South India,11
0x8468,BANGRES11DEL02,24.0,4.5,12.934365,77.616155,12.984365,77.666155,24-03-2022,20:15,20:30,Cloudy,Jam,1,Drinks,scooter,1.0,No,Urban,28,BAN,South India,20
0xdf2a,KOCRES03DEL03,39.0,4.9,10.020683,76.310631,10.080683,76.370631,11-02-2022,19:55,20:05,Sunny,Jam,1,Snack,scooter,1.0,No,Urban,22,KOC,South India,19
0x362f,COIMBRES12DEL01,38.0,4.9,11.000762,76.981876,11.010762,76.991876,15-03-2022,10:10,10:15,Fog,Low,0,Buffet,motorcycle,1.0,No,Urban,28,COI,South India,10
0xbb9b,COIMBRES03DEL01,26.0,4.8,11.025083,77.015393,11.065083,77.055393,19-03-2022,15:20,15:35,Windy,Medium,0,Snack,motorcycle,1.0,No,Urban,24,COI,South India,15
0x78d8,HYDRES010DEL03,36.0,4.5,17.428294,78.404423,17.518294,78.494423,31-03-2022,18:50,18:55,Sunny,Medium,2,Snack,motorcycle,1.0,No,Urban,23,HYD,South India,18
0x285e,CHENRES08DEL03,27.0,4.5,13.022394,80.242439,13.112394,80.332439,16-03-2022,22:15,22:25,Cloudy,Low,2,Meal,scooter,1.0,No,Urban,29,CHE,South India,22
0x2666,MYSRES07DEL03,26.0,4.6,12.325461,76.632278,12.415461,76.722278,06-04-2022,18:40,18:55,Cloudy,Medium,2,Snack,scooter,0.0,No,Urban,25,MYS,South India,18
0x3ef1,BANGRES18DEL02,27.0,4.8,12.913041,77.683237,12.993041,77.763237,27-03-2022,22:40,22:55,Cloudy,Low,1,Drinks,motorcycle,1.0,No,Urban,29,BAN,South India,22
0xbd41,MYSRES04DEL02,24.0,4.8,12.3085,76.665808,12.3585,76.715808,15-03-2022,18:35,18:40,Stormy,Medium,1,Snack,scooter,0.0,No,Urban,25,MYS,South India,18
0x36be,BANGRES09DEL02,35.0,4.6,12.934179,77.615797,12.984179,77.665797,01-03-2022,19:30,19:35,Stormy,Jam,2,Meal,scooter,1.0,No,Urban,26,BAN,South India,19
0x1404,BANGRES11DEL02,37.0,4.7,12.934365,77.616155,12.984365,77.666155,05-04-2022,18:45,18:50,Stormy,Medium,1,Snack,motorcycle,1.0,No,Urban,25,BAN,South India,18
0x1aa0,HYDRES13DEL03,30.0,4.6,17.431477,78.40035,17.461477,78.43035,24-03-2022,1,24:05:00,Fog,Low,2,Buffet,scooter,1.0,No,Urban,19,HYD,South India,1
0xac3,MYSRES07DEL01,30.0,4.6337736972250205,12.325461,76.632278,12.435461,76.742278,29-03-2022,22:35,22:40,Stormy,Low,2,Meal,scooter,0.0,No,Urban,13,MYS,South India,22
0x6251,COIMBRES01DEL03,29.0,4.3,11.016298,76.972076,11.076298,77.032076,05-03-2022,23:50,1,Sandstorms,Low,0,Buffet,motorcycle,0.0,No,Urban,17,COI,South India,23
0x3a82,HYDRES02DEL03,21.0,4.8,17.41233,78.449654,17.44233,78.479654,28-03-2022,22:30,22:35,Windy,Low,1,Snack,motorcycle,0.0,No,Urban,12,HYD,South India,22
0x554a,HYDRES06DEL02,21.0,4.7,17.455894,78.375467,17.505894,78.425467,28-03-2022,23:35,23:45,Windy,Low,1,Buffet,motorcycle,0.0,No,Urban,11,HYD,South India,23
0x7d59,CHENRES04DEL02,30.0,4.7,13.02978,80.208812,13.07978,80.258812,01-04-2022,18:30,18:45,Fog,Medium,2,Buffet,scooter,0.0,No,Urban,18,CHE,South India,18
0x75f2,CHENRES05DEL03,24.0,4.9,13.058616,80.264151,13.148616,80.354151,16-03-2022,22:20,22:25,Sandstorms,Low,2,Buffet,scooter,0.0,,Urban,11,CHE,South India,22
0x2083,BANGRES07DEL03,29.0,4.6,12.978453,77.643685,13.008453,77.673685,30-03-2022,18:15,18:25,Cloudy,Medium,2,Buffet,scooter,0.0,No,Urban,14,BAN,South India,18
0x8bcc,BANGRES07DEL02,20.0,4.8,12.978453,77.643685,12.998453,77.663685,01-04-2022,08:55,09:05,Cloudy,Low,1,Meal,motorcycle,1.0,No,Urban,17,BAN,South India,8
0xb122,CHENRES01DEL02,24.0,4.8,13.005801,80.250744,13.055801,80.300744,01-03-2022,22:35,22:40,Fog,Low,2,Drinks,scooter,0.0,No,Urban,11,CHE,South India,22
0x9b8e,HYDRES12DEL03,25.0,4.8,17.429585,78.392621,17.519585,78.482621,27-03-2022,20:20,20:35,Windy,Jam,1,Drinks,motorcycle,0.0,No,Urban,18,HYD,South India,20
0x6d61,MYSRES14DEL01,34.0,3.5,0.0,0.0,0.07,0.07,18-03-2022,23:20,23:30,Fog,Low,1,Drinks,scooter,0.0,No,Urban,39,MYS,South India,23
0x3f1c,MYSRES010DEL02,32.0,5.0,12.321214,76.621094,12.371214,76.671094,01-03-2022,17:40,17:50,Fog,Medium,1,Buffet,motorcycle,1.0,No,Urban,16,MYS,South India,17
0x3b20,BANGRES010DEL03,20.0,4.9,12.933298,77.614293,12.993298,77.674293,01-04-2022,1,24:15:00,Fog,Low,2,Drinks,scooter,0.0,No,Urban,17,BAN,South India,1
0x4801,HYDRES19DEL02,27.0,4.5,17.458998,78.500366,17.538998,78.580366,25-03-2022,20:45,20:55,Stormy,Jam,1,Meal,motorcycle,0.0,No,Urban,22,HYD,South India,20
0x5ab0,HYDRES18DEL01,24.0,4.6,17.450851,78.379347,17.560851,78.489347,12-03-2022,17:55,18:05,Sunny,Medium,1,Meal,motorcycle,1.0,No,Urban,14,HYD,South India,17
0x36a5,MYSRES13DEL02,24.0,4.8,12.310972,76.659264,12.360972,76.709264,13-03-2022,21:55,22:05,Sunny,Jam,2,Drinks,motorcycle,1.0,No,Urban,13,MYS,South India,21
0x92d8,MYSRES13DEL03,22.0,4.6,12.310972,76.659264,12.340972,76.689264,01-03-2022,18:25,18:40,Stormy,Medium,2,Meal,scooter,1.0,No,Urban,22,MYS,South India,18
0x3352,HYDRES18DEL01,36.0,4.4,17.450851,78.379347,17.520851,78.449347,31-03-2022,21:50,0.916666667,Sunny,Jam,0,Snack,motorcycle,1.0,No,Urban,38,HYD,South India,21
0xb079,CHENRES13DEL03,38.0,4.6,13.027018,80.254791,13.057018,80.284791,03-03-2022,18:35,18:40,Stormy,Medium,2,Drinks,scooter,1.0,No,Urban,28,CHE,South India,18
0x26af,MYSRES05DEL02,28.0,4.9,12.323978,76.627961,12.403978,76.707961,08-03-2022,23:15,23:30,Sandstorms,Low,2,Drinks,motorcycle,1.0,No,Urban,17,MYS,South India,23
0x2d96,HYDRES010DEL02,26.0,4.9,17.428294,78.404423,17.448294,78.424423,13-03-2022,11:50,11:55,Stormy,High,1,Buffet,motorcycle,1.0,No,Urban,21,HYD,South India,11
0x55c4,HYDRES04DEL02,23.0,5.0,17.411028,78.329645,17.461028,78.379645,03-03-2022,22:40,22:55,Sandstorms,Low,2,Meal,scooter,0.0,No,Urban,11,HYD,South India,22
0x5d8b,MYSRES19DEL02,34.0,4.6,12.334022,76.618203,12.354022,76.638203,05-04-2022,09:35,09:50,Stormy,Low,1,Drinks,motorcycle,1.0,No,Urban,24,MYS,South India,9
0x78fb,BANGRES02DEL03,29.0,4.9,12.970221,77.645396,13.030221,77.705396,17-03-2022,22:55,23:05,Sunny,Low,1,Drinks,motorcycle,0.0,No,Urban,24,BAN,South India,22
0x4221,HYDRES06DEL02,35.0,4.5,17.455894,78.375467,17.505894,78.425467,13-03-2022,19:40,19:45,Sunny,Jam,1,Drinks,scooter,1.0,No,Urban,19,HYD,South India,19
0x81b0,BANGRES11DEL03,23.0,4.6,12.934365,77.616155,12.964365,77.646155,15-03-2022,23:10,23:20,Fog,Low,1,Snack,scooter,0.0,No,Urban,18,BAN,South India,23
0x9122,BANGRES08DEL02,21.0,4.9,12.906229,77.596791,12.986229,77.676791,31-03-2022,23:20,23:30,Stormy,Low,1,Drinks,scooter,0.0,No,Urban,18,BAN,South India,23
0x8e41,COIMBRES15DEL02,29.0,4.4,11.006686,76.951736,11.026686,76.971736,28-03-2022,10:35,10:45,Stormy,Low,0,Meal,motorcycle,0.0,No,Urban,20,COI,South India,10
0x3611,CHENRES06DEL02,28.0,4.6,13.054347,80.257221,13.074347,80.277221,11-03-2022,11:15,11:25,Windy,High,2,Drinks,electric_scooter,1.0,No,Urban,27,CHE,South India,11
0x7393,MYSRES20DEL01,27.0,4.8,12.337978,76.616792,12.347978,76.626792,05-03-2022,09:15,09:20,Sunny,Low,1,Drinks,motorcycle,1.0,No,Urban,16,MYS,South India,9
0x5105,COIMBRES08DEL03,22.0,5.0,11.001852,76.976268,11.091852,77.066268,02-04-2022,18:30,18:45,Sunny,Medium,1,Snack,motorcycle,0.0,No,Urban,11,COI,South India,18
0x66c8,BANGRES06DEL02,33.0,4.3,12.979096,77.640625,13.109096,77.770625,04-03-2022,19:55,20:05,Stormy,Jam,1,Buffet,scooter,0.0,No,Urban,43,BAN,South India,19
0xb33d,BANGRES05DEL03,31.0,4.5,12.970324,77.645748,13.000324,77.675748,07-03-2022,21:20,21:35,Sunny,Jam,0,Meal,motorcycle,1.0,No,Urban,25,BAN,South India,21
0xd40,BANGRES06DEL01,23.0,4.5,12.979096,77.640625,13.019096,77.680625,05-03-2022,14:45,0.625,Sandstorms,High,2,Meal,motorcycle,,No,Urban,11,BAN,South India,14
0x9eea,CHENRES010DEL01,29.0,4.9,13.066762,80.251865,13.176762,80.361865,10-03-2022,20:10,20:25,Cloudy,Jam,2,Meal,scooter,2.0,No,Urban,37,CHE,South India,20
0xf0f,CHENRES11DEL02,35.0,4.9,13.064181,80.236442,13.144181,80.316442,06-04-2022,21:50,0.916666667,Sunny,Jam,1,Meal,motorcycle,1.0,No,Urban,15,CHE,South India,21
0x2bbe,COIMBRES14DEL02,30.0,4.9,11.003681,76.975525,11.053681,77.025525,28-03-2022,21:55,22:05,Stormy,Jam,2,Meal,scooter,1.0,No,Urban,32,COI,South India,21
0x2b61,CHENRES08DEL03,36.0,4.7,13.022394,80.242439,13.052394,80.272439,01-04-2022,19:40,19:45,Fog,Jam,2,Buffet,electric_scooter,0.0,No,Urban,30,CHE,South India,19
0xd884,KOCRES19DEL02,23.0,4.4,9.960846,76.293936,10.040846,76.373936,12-02-2022,21:40,21:50,Windy,Jam,0,Drinks,motorcycle,1.0,No,Urban,36,KOC,South India,21
0xa3c0,BANGRES12DEL03,35.0,4.6,12.939496,77.625999,12.969496,77.655999,03-04-2022,19:25,19:30,Sunny,Jam,1,Buffet,motorcycle,1.0,No,Urban,18,BAN,South India,19
0xcd9a,KOCRES14DEL01,21.0,4.6,10.027014,76.308053,10.037014,76.318053,11-02-2022,10:50,11:05,Windy,Low,2,Buffet,electric_scooter,1.0,No,Urban,15,KOC,South India,10
0x98d4,CHENRES18DEL02,21.0,5.0,12.981615,80.231598,13.001615,80.251598,01-03-2022,08:40,08:55,Windy,Low,2,Snack,scooter,1.0,No,Urban,11,CHE,South India,8
0x5336,BANGRES07DEL01,25.0,4.7,12.978453,77.643685,13.018453,77.683685,19-03-2022,12:20,12:25,Sandstorms,High,0,Meal,motorcycle,1.0,No,Urban,29,BAN,South India,12
0xabc9,COIMBRES15DEL03,38.0,4.7,11.006686,76.951736,11.036686,76.981736,13-03-2022,19:25,19:30,Sunny,Jam,1,Buffet,scooter,1.0,No,Urban,16,COI,South India,19
0x1b97,COIMBRES02DEL03,22.0,4.8,11.022477,76.995667,11.112477,77.085667,04-03-2022,17:35,17:50,Sunny,Medium,1,Snack,motorcycle,1.0,No,Urban,10,COI,South India,17
0x4cbf,HYDRES03DEL01,27.0,4.8,17.422819,78.449578,17.532819,78.559578,04-04-2022,23:40,23:45,Stormy,Low,2,Buffet,motorcycle,,No,Urban,15,HYD,South India,23
0x4f8f,MYSRES14DEL01,20.0,4.6,0.0,0.0,0.01,0.01,09-03-2022,11:20,11:30,Windy,High,2,Drinks,electric_scooter,0.0,No,Urban,10,MYS,South India,11
0x7757,COIMBRES08DEL01,24.0,4.6,11.001852,76.976268,11.041852,77.016268,17-03-2022,15:10,15:15,Cloudy,Medium,2,Drinks,scooter,0.0,No,Urban,13,COI,South India,15
0x779e,COIMBRES16DEL02,27.0,4.9,11.010375,76.95295,11.140375,77.08295,23-03-2022,20:20,20:25,Fog,Jam,0,Drinks,motorcycle,1.0,No,Urban,47,COI,South India,20
0x48ec,MYSRES19DEL03,39.0,4.7,12.334022,76.618203,12.424022,76.708203,10-03-2022,22:50,23:05,Windy,Low,0,Buffet,motorcycle,0.0,No,Urban,21,MYS,South India,22
0x49d6,COIMBRES08DEL01,29.0,4.5,11.001852,76.976268,11.011852,76.986268,30-03-2022,09:15,09:25,Windy,Low,2,Buffet,electric_scooter,1.0,No,Urban,13,COI,South India,9
0x2691,HYDRES15DEL01,23.0,4.8,17.45971,78.368855,17.56971,78.478855,06-04-2022,20:45,20:50,Stormy,Jam,2,Meal,scooter,1.0,No,Urban,28,HYD,South India,20
0x827b,MYSRES02DEL02,24.0,4.7,12.304569,76.643622,12.324569,76.663622,26-03-2022,11:25,11:30,Sandstorms,High,2,Snack,electric_scooter,0.0,No,Urban,13,MYS,South India,11
0x99cb,CHENRES12DEL02,24.0,4.6,12.972793,80.249982,13.102793,80.379982,20-03-2022,21:35,21:45,Windy,Jam,2,Meal,electric_scooter,0.0,No,Urban,19,CHE,South India,21
0x168e,CHENRES08DEL02,26.0,3.4,13.022394,80.242439,13.102394,80.322439,04-04-2022,22:35,22:40,Sunny,Low,1,Meal,scooter,2.0,No,Urban,41,CHE,South India,22
0x4cf3,COIMBRES02DEL03,38.0,4.7,11.022477,76.995667,11.052477,77.025667,03-03-2022,20:15,20:20,Stormy,Jam,2,Snack,electric_scooter,1.0,No,Urban,30,COI,South India,20
0x9adb,CHENRES01DEL03,35.0,4.6,13.005801,80.250744,13.065801,80.310744,05-04-2022,20:55,21:10,Fog,Jam,0,Buffet,motorcycle,0.0,No,Urban,32,CHE,South India,20
0x78ca,HYDRES010DEL03,31.0,4.6,17.428294,78.404423,17.458294,78.434423,03-04-2022,20:35,20:50,Windy,Jam,0,Buffet,motorcycle,2.0,No,Urban,42,HYD,South India,20
0x41ed,COIMBRES010DEL02,26.0,4.8,11.003008,76.97544,11.133009,77.10544,16-03-2022,22:25,22:40,Stormy,Low,2,Snack,scooter,0.0,No,Urban,17,COI,South India,22
0x7193,BANGRES20DEL03,35.0,4.7,12.972161,77.596014,13.002161,77.626014,30-03-2022,21:10,21:15,Fog,Jam,0,Buffet,motorcycle,1.0,No,Urban,25,BAN,South India,21
0x970b,MYSRES15DEL03,27.0,4.6,12.352058,76.60665,12.382058,76.63665,05-04-2022,21:50,21:55,Sandstorms,Jam,2,Snack,scooter,1.0,No,Urban,22,MYS,South India,21
0x46fa,CHENRES16DEL02,20.0,4.9,13.049645,80.242268,13.099645,80.292268,03-04-2022,21:30,21:45,Fog,Jam,2,Buffet,motorcycle,0.0,No,Urban,21,CHE,South India,21
0x4d94,HYDRES04DEL02,34.0,4.9,17.411028,78.329645,17.461028,78.379645,13-03-2022,19:15,19:25,Fog,Jam,2,Snack,scooter,1.0,No,Urban,35,HYD,South India,19
0x9214,HYDRES06DEL01,25.0,4.5,17.455894,78.375467,17.495894,78.415467,21-03-2022,15:30,15:40,Sandstorms,Medium,2,Meal,motorcycle,0.0,No,Urban,23,HYD,South India,15
0xe011,KOCRES07DEL01,23.0,5.0,9.985697,76.281128,10.095697,76.391128,12-02-2022,23:50,24:05:00,Sandstorms,Low,2,Meal,motorcycle,0.0,No,Urban,19,KOC,South India,23
0x9b8f,BANGRES01DEL01,26.0,4.6,12.933284,77.615428,13.043284,77.725428,27-03-2022,22:35,22:50,Sunny,Low,2,Snack,motorcycle,0.0,No,Urban,29,BAN,South India,22
0x687e,BANGRES05DEL03,36.0,4.6,12.970324,77.645748,13.000324,77.675748,28-03-2022,22:25,22:35,Fog,Low,2,Meal,electric_scooter,1.0,No,Urban,18,BAN,South India,22
0x1bd6,COIMBRES010DEL02,31.0,4.1,11.003008,76.97544,11.083009,77.05544,04-03-2022,21:30,21:35,Fog,Jam,1,Drinks,scooter,0.0,No,Urban,41,COI,South India,21
0x44ea,MYSRES14DEL03,32.0,4.4,0.0,0.0,0.03,0.03,01-04-2022,23:10,23:20,Sandstorms,Low,0,Buffet,motorcycle,1.0,No,Urban,24,MYS,South India,23
0xa28e,COIMBRES20DEL03,21.0,4.7,10.994136,76.963303,11.054136,77.023303,07-03-2022,19:15,19:20,Sandstorms,Jam,1,Meal,scooter,1.0,No,Urban,25,COI,South India,19
0x200c,BANGRES15DEL03,37.0,4.8,12.975377,77.696664,13.035377,77.756664,03-03-2022,23:50,1,Sandstorms,Low,1,Snack,scooter,1.0,No,Urban,28,BAN,South India,23
0xc777,KOCRES010DEL01,25.0,4.8,10.035573,76.336958,10.045573,76.346958,11-02-2022,10:15,10:25,Cloudy,Low,2,Drinks,motorcycle,1.0,No,Urban,19,KOC,South India,10
0xc591,KOCRES18DEL01,25.0,5.0,9.957144,76.296783,10.027144,76.366783,16-02-2022,23:35,23:40,Windy,Low,2,Snack,scooter,0.0,No,Urban,19,KOC,South India,23
0xba0e,MYSRES19DEL01,21.0,4.6,12.334022,76.618203,12.404022,76.688203,10-03-2022,23:55,24:05:00,Windy,Low,2,Drinks,scooter,0.0,No,Urban,13,MYS,South India,23
0xaa6c,CHENRES19DEL01,33.0,4.2,12.986047,80.218114,12.996047,80.228114,03-04-2022,09:10,09:20,Stormy,Low,0,Drinks,motorcycle,0.0,No,Urban,23,CHE,South India,9
0x5445,MYSRES07DEL01,22.0,4.8,12.325461,76.632278,12.335461,76.642278,21-03-2022,11:35,11:40,Cloudy,High,2,Drinks,scooter,1.0,No,Urban,23,MYS,South India,11
0x8f82,COIMBRES06DEL03,34.0,4.7,11.021278,76.995017,11.051278,77.025017,09-03-2022,21:20,21:35,Sandstorms,Jam,1,Snack,motorcycle,1.0,No,Urban,31,COI,South India,21
0x81de,MYSRES06DEL02,22.0,4.9,12.323994,76.626167,12.343994,76.646167,07-03-2022,08:10,08:25,Windy,Low,1,Snack,scooter,0.0,No,Urban,10,MYS,South India,8
0x386d,HYDRES03DEL02,30.0,4.7,17.422819,78.449578,17.442819,78.469578,19-03-2022,11:25,11:40,Stormy,High,1,Meal,motorcycle,1.0,No,Urban,27,HYD,South India,11
0x652b,COIMBRES010DEL03,22.0,4.7,11.003008,76.97544,11.033008,77.00544,26-03-2022,22:40,22:55,Windy,Low,1,Buffet,scooter,1.0,No,Urban,14,COI,South India,22
0x7ae9,CHENRES13DEL02,22.0,4.8,13.027018,80.254791,13.047018,80.274791,26-03-2022,10:20,10:35,Sunny,Low,2,Buffet,scooter,1.0,No,Urban,17,CHE,South India,10
0x4850,MYSRES06DEL02,26.0,4.6,12.323994,76.626167,12.403994,76.706167,02-04-2022,18:40,18:50,Cloudy,Medium,2,Drinks,electric_scooter,0.0,No,Urban,25,MYS,South India,18
0x3476,COIMBRES14DEL03,33.0,4.8,11.003681,76.975525,11.093681,77.065525,02-03-2022,20:20,20:35,Stormy,Jam,1,Drinks,motorcycle,1.0,No,Urban,29,COI,South India,20
0x8848,HYDRES01DEL02,33.0,4.7,17.410371,78.437225,17.430371,78.457225,11-03-2022,10:45,10:50,Windy,Low,1,Drinks,scooter,0.0,No,Urban,29,HYD,South India,10
0x96b1,BANGRES19DEL02,21.0,4.8,12.914264,77.6784,13.044264,77.8084,04-04-2022,18:30,18:35,Sunny,Medium,2,Meal,motorcycle,1.0,No,Urban,11,BAN,South India,18
0xb28d,BANGRES03DEL01,34.0,4.7,12.979166,77.640709,13.049166,77.710709,20-03-2022,22:40,22:50,Sandstorms,Low,0,Drinks,motorcycle,0.0,No,Urban,23,BAN,South India,22
0x39b4,BANGRES15DEL02,21.0,4.6,12.975377,77.696664,13.055377,77.776664,14-03-2022,20:25,20:40,Stormy,Jam,2,Buffet,scooter,0.0,No,Urban,16,BAN,South India,20
0x1fa7,HYDRES09DEL03,26.0,4.6,17.431668,78.408321,17.461668,78.438321,24-03-2022,17:20,17:35,Fog,Medium,2,Drinks,scooter,1.0,No,Urban,11,HYD,South India,17
0xbdce,BANGRES04DEL03,33.0,3.8,12.98041,77.640489,13.07041,77.730489,18-03-2022,18:45,18:50,Stormy,Medium,1,Meal,motorcycle,2.0,No,Urban,37,BAN,South India,18
0x22d5,COIMBRES01DEL02,30.0,4.4,11.016298,76.972076,11.146298,77.102076,16-03-2022,21:25,21:40,Stormy,Jam,1,Snack,scooter,0.0,No,Urban,32,COI,South India,21
0x8ea7,CHENRES09DEL03,35.0,4.9,13.044694,80.26147,13.104694,80.32147,21-03-2022,23:10,23:25,Sunny,Low,1,Snack,motorcycle,0.0,No,Urban,18,CHE,South India,23
0xb5a3,COIMBRES14DEL02,20.0,5.0,11.003681,76.975525,11.053681,77.025525,01-03-2022,20:10,20:25,Sunny,Jam,2,Meal,electric_scooter,0.0,No,Urban,12,COI,South India,20
0x7cb0,BANGRES05DEL01,36.0,5.0,12.970324,77.645748,13.010324,77.685748,11-03-2022,16:15,16:20,Cloudy,Medium,1,Meal,motorcycle,0.0,No,Urban,17,BAN,South India,16
0x8341,HYDRES010DEL02,21.0,4.9,17.428294,78.404423,17.448294,78.424423,28-03-2022,11:50,0.5,Cloudy,High,2,Snack,electric_scooter,1.0,No,Urban,27,HYD,South India,11
0x1401,HYDRES06DEL03,38.0,4.8,17.455894,78.375467,17.545894,78.465467,06-03-2022,22:15,22:25,Cloudy,Low,0,Drinks,motorcycle,1.0,No,Urban,38,HYD,South India,22
0x5cdd,BANGRES12DEL02,34.0,4.7,12.939496,77.625999,13.019496,77.705999,31-03-2022,23:45,23:50,Windy,Low,2,Drinks,scooter,1.0,No,Urban,15,BAN,South India,23
0xbc70,MYSRES20DEL01,33.0,4.7,12.337978,76.616792,12.407978,76.686792,25-03-2022,23:10,23:20,Stormy,Low,0,Meal,motorcycle,1.0,No,Urban,21,MYS,South India,23
0x3a3a,BANGRES17DEL03,22.0,4.7,12.972532,77.608179,13.002532,77.638179,24-03-2022,22:10,22:15,Sandstorms,Low,1,Drinks,scooter,0.0,No,Urban,10,BAN,South India,22
0xa195,BANGRES15DEL01,38.0,4.9,12.975377,77.696664,13.045377,77.766664,08-03-2022,20:40,20:55,Sunny,Jam,1,Buffet,scooter,1.0,No,Urban,29,BAN,South India,20
0x775c,MYSRES11DEL01,29.0,4.8,12.323225,76.630028,12.363225,76.670028,03-03-2022,13:25,13:35,Windy,High,2,Snack,scooter,0.0,No,Urban,15,MYS,South India,13
0x792d,COIMBRES05DEL02,33.0,4.8,11.022169,76.999594,11.072169,77.049594,03-04-2022,19:50,20:05,Sunny,Jam,1,Snack,motorcycle,1.0,No,Urban,15,COI,South India,19
0x778,CHENRES15DEL02,26.0,4.9,13.026286,80.275235,13.156286,80.405235,31-03-2022,18:20,18:30,Sandstorms,Medium,1,Buffet,motorcycle,0.0,No,Urban,16,CHE,South India,18
0x6cbf,MYSRES13DEL03,25.0,4.5,12.310972,76.659264,12.340972,76.689264,11-03-2022,1,24:15:00,Windy,Low,1,Meal,motorcycle,0.0,No,Urban,10,MYS,South India,1
0x3907,CHENRES17DEL02,29.0,4.8,13.045479,80.23311,13.065479,80.25311,17-03-2022,10:20,10:35,Cloudy,Low,1,Drinks,scooter,0.0,No,Urban,15,CHE,South India,10
0x7c10,COIMBRES09DEL01,38.0,4.2,11.008638,76.984311,11.118638,77.094311,14-03-2022,19:45,0.833333333,Cloudy,Jam,1,Drinks,motorcycle,1.0,No,Urban,41,COI,South India,19
0xc88e,KOCRES010DEL01,30.0,4.8,10.035573,76.336958,10.145573,76.446958,14-02-2022,22:40,22:45,Sunny,Low,1,Drinks,motorcycle,1.0,No,Urban,28,KOC,South India,22
0x88d8,COIMBRES16DEL02,24.0,4.4,11.010375,76.95295,11.090375,77.03295,14-03-2022,19:10,19:15,Cloudy,Jam,1,Snack,motorcycle,1.0,No,Urban,43,COI,South India,19
0x83ff,CHENRES19DEL01,32.0,3.5,12.986047,80.218114,13.096047,80.328114,16-03-2022,21:10,21:20,Sandstorms,Jam,1,Snack,motorcycle,1.0,No,Urban,32,CHE,South India,21
0x2ca1,BANGRES07DEL03,26.0,4.9,12.978453,77.643685,13.038453,77.703685,05-03-2022,1,24:05:00,Fog,Low,2,Buffet,electric_scooter,1.0,No,Urban,14,BAN,South India,1
0x4b11,MYSRES11DEL02,38.0,4.0,12.323225,76.630028,12.373225,76.680028,24-03-2022,21:30,21:45,Sandstorms,Jam,2,Drinks,scooter,1.0,No,Urban,32,MYS,South India,21
0x7c9f,HYDRES19DEL02,32.0,4.1,17.458998,78.500366,17.478998,78.520366,01-04-2022,11:30,11:45,Sandstorms,High,1,Drinks,motorcycle,0.0,No,Urban,34,HYD,South India,11
0x26c8,CHENRES15DEL02,20.0,4.9,13.026286,80.275235,13.076286,80.325235,09-03-2022,22:15,22:30,Windy,Low,1,Snack,motorcycle,0.0,No,Urban,11,CHE,South India,22
0x51d2,CHENRES01DEL02,31.0,4.9,13.005801,80.250744,13.025801,80.270744,05-03-2022,10:15,10:30,Cloudy,Low,1,Buffet,scooter,1.0,No,Urban,19,CHE,South India,10
0x288f,BANGRES16DEL01,25.0,4.8,13.029198,77.570997,13.039198,77.580997,05-03-2022,09:50,09:55,Stormy,Low,2,Drinks,motorcycle,1.0,No,Urban,14,BAN,South India,9
0x48f6,MYSRES19DEL03,23.0,4.7,12.334022,76.618203,12.394022,76.678203,21-03-2022,17:30,17:40,Cloudy,Medium,0,Snack,motorcycle,0.0,No,Urban,24,MYS,South India,17
0x6ab7,BANGRES05DEL03,26.0,5.0,12.970324,77.645748,13.000324,77.675748,17-03-2022,17:30,17:40,Cloudy,Medium,1,Meal,motorcycle,1.0,No,Urban,13,BAN,South India,17
0x54f8,BANGRES20DEL03,31.0,4.8,12.972161,77.596014,13.032161,77.656014,11-03-2022,19:25,19:35,Cloudy,Jam,0,Meal,motorcycle,1.0,No,Urban,26,BAN,South India,19
0x8187,HYDRES03DEL02,39.0,3.5,17.422819,78.449578,17.502819,78.529578,04-04-2022,20:20,20:30,Stormy,Jam,1,Buffet,motorcycle,0.0,No,Urban,33,HYD,South India,20
0xa607,CHENRES010DEL01,28.0,4.8,13.066762,80.251865,13.106762,80.291865,03-03-2022,14:55,15:05,Stormy,High,1,Drinks,scooter,1.0,No,Urban,15,CHE,South India,14
0x43eb,MYSRES17DEL01,30.0,4.6,12.326356,76.619103,12.366356,76.659103,01-04-2022,12:30,12:45,Windy,High,2,Meal,electric_scooter,1.0,No,Urban,29,MYS,South India,12
0x7cfd,MYSRES11DEL02,24.0,4.6,12.323225,76.630028,12.343225,76.650028,03-03-2022,08:55,09:10,Stormy,Low,1,Drinks,motorcycle,0.0,No,Urban,16,MYS,South India,8
0x68be,CHENRES03DEL03,27.0,4.6,13.091809,80.219104,13.181809,80.309104,25-03-2022,17:35,17:45,Cloudy,Medium,0,Drinks,motorcycle,1.0,No,Urban,34,CHE,South India,17
0x82a0,COIMBRES09DEL02,36.0,4.4,11.008638,76.984311,11.088638,77.064311,12-03-2022,18:50,18:55,Sunny,Medium,0,Snack,motorcycle,1.0,No,Urban,33,COI,South India,18
0xdb93,KOCRES06DEL03,22.0,4.8,9.982834,76.283268,10.072834,76.373268,16-02-2022,19:30,19:40,Sunny,Jam,2,Buffet,motorcycle,1.0,No,Urban,24,KOC,South India,19
0x9527,CHENRES02DEL03,37.0,4.2,13.086438,80.220672,13.146439,80.280672,30-03-2022,20:10,20:20,Windy,Jam,2,Drinks,electric_scooter,1.0,No,Urban,32,CHE,South India,20
0x8d0a,MYSRES11DEL02,26.0,4.7,12.323225,76.630028,12.343225,76.650028,15-03-2022,11:25,11:40,Stormy,High,1,Buffet,scooter,0.0,No,Urban,10,MYS,South India,11
0x190e,HYDRES07DEL02,36.0,4.8,17.424114,78.347554,17.554114,78.477554,08-03-2022,22:35,22:40,Stormy,Low,2,Drinks,electric_scooter,0.0,No,Urban,17,HYD,South India,22
0xb58a,MYSRES01DEL01,25.0,4.9,12.311072,76.654878,12.321072,76.664878,03-04-2022,08:30,08:45,Sandstorms,Low,2,Meal,scooter,1.0,No,Urban,17,MYS,South India,8
0x2db0,HYDRES06DEL02,28.0,4.9,17.455894,78.375467,17.505894,78.425467,11-03-2022,18:15,18:20,Stormy,Medium,1,Buffet,scooter,1.0,No,Urban,20,HYD,South India,18
0x2d31,COIMBRES19DEL02,27.0,4.9,11.022298,76.998349,11.102298,77.078349,27-03-2022,17:15,17:25,Sunny,Medium,1,Drinks,scooter,1.0,No,Urban,13,COI,South India,17
0x17f4,HYDRES12DEL01,35.0,4.7,17.429585,78.392621,17.539585,78.502621,08-03-2022,23:35,23:40,Sunny,Low,2,Meal,scooter,1.0,No,Urban,27,HYD,South India,23
0x5681,MYSRES16DEL01,20.0,5.0,12.316967,76.603067,12.326967,76.613067,11-03-2022,09:20,09:30,Cloudy,Low,2,Snack,scooter,1.0,No,Urban,17,MYS,South India,9
0x573c,CHENRES06DEL02,30.0,4.8,13.054347,80.257221,13.104347,80.307221,01-03-2022,22:30,22:35,Sunny,Low,2,Drinks,electric_scooter,0.0,No,Urban,19,CHE,South India,22
0x250f,HYDRES07DEL03,22.0,4.5,17.424114,78.347554,17.484114,78.407554,26-03-2022,23:20,23:25,Sandstorms,Low,0,Drinks,motorcycle,0.0,No,Urban,23,HYD,South India,23
0x7b6d,CHENRES010DEL03,28.0,4.8,13.066762,80.251865,13.156762,80.341865,23-03-2022,18:30,18:40,Sunny,Medium,0,Drinks,motorcycle,0.0,No,Urban,18,CHE,South India,18
0xbfeb,KOCRES12DEL01,29.0,4.3,9.988483,76.295211,9.998483,76.305211,13-02-2022,11:45,11:55,Sunny,High,0,Meal,motorcycle,1.0,Yes,Urban,48,KOC,South India,11
0x88d6,HYDRES06DEL01,26.0,4.5,17.455894,78.375467,17.495894,78.415467,13-03-2022,12:40,12:45,Sunny,High,2,Buffet,electric_scooter,0.0,No,Urban,12,HYD,South India,12
0x3834,MYSRES06DEL02,24.0,4.9,12.323994,76.626167,12.343994,76.646167,17-03-2022,09:30,09:35,Sunny,Low,0,Snack,motorcycle,0.0,No,Urban,14,MYS,South India,9
0x4d30,HYDRES06DEL01,23.0,4.5,17.455894,78.375467,17.465894,78.385467,05-03-2022,08:20,08:30,Stormy,Low,0,Drinks,motorcycle,1.0,No,Urban,29,HYD,South India,8
0xaf9f,BANGRES06DEL03,26.0,4.6,12.979096,77.640625,13.039096,77.700625,24-03-2022,21:30,21:40,Stormy,Jam,1,Drinks,motorcycle,0.0,No,Urban,10,BAN,South India,21
0x58f7,HYDRES07DEL01,22.0,3.3,17.424114,78.347554,17.494114,78.417554,31-03-2022,22:25,22:40,Sunny,Low,2,Meal,electric_scooter,0.0,No,Urban,31,HYD,South India,22
0x33d3,COIMBRES02DEL03,20.0,4.8,11.022477,76.995667,11.112477,77.085667,02-04-2022,23:50,1,Fog,Low,2,Snack,motorcycle,1.0,No,Urban,20,COI,South India,23
0x9123,CHENRES08DEL01,37.0,4.7,13.022394,80.242439,13.132394,80.352439,27-03-2022,22:15,22:20,Windy,Low,1,Drinks,motorcycle,1.0,No,Urban,20,CHE,South India,22
0x6259,COIMBRES12DEL03,24.0,5.0,11.000762,76.981876,11.060762,77.041876,26-03-2022,21:10,21:15,Stormy,Jam,1,Meal,motorcycle,0.0,No,Urban,13,COI,South India,21
0x9914,BANGRES01DEL01,21.0,4.7,12.933284,77.615428,13.043284,77.725428,10-03-2022,18:30,18:35,Cloudy,Medium,2,Snack,scooter,1.0,No,Urban,31,BAN,South India,18
0x4d33,MYSRES06DEL03,27.0,4.8,12.323994,76.626167,12.353994,76.656167,21-03-2022,21:45,21:50,Fog,Jam,2,Buffet,scooter,0.0,No,Urban,24,MYS,South India,21
0x3b52,CHENRES01DEL01,29.0,4.9,13.005801,80.250744,13.015801,80.260744,07-03-2022,11:55,12:10,Sandstorms,High,0,Snack,motorcycle,0.0,No,Urban,21,CHE,South India,11
0x56fa,MYSRES12DEL02,37.0,4.9,12.284747,76.625861,12.304747,76.645861,07-03-2022,08:45,08:55,Fog,Low,0,Snack,motorcycle,1.0,No,Urban,25,MYS,South India,8
0x682e,HYDRES18DEL01,35.0,3.5,17.450851,78.379347,17.560851,78.489347,29-03-2022,17:50,0.75,Stormy,Medium,2,Meal,scooter,1.0,No,Urban,37,HYD,South India,17
0xc047,KOCRES05DEL03,36.0,4.6,-9.970717,76.285447,10.030717,76.345447,13-02-2022,22:20,22:35,Fog,Low,0,Drinks,motorcycle,1.0,No,Urban,29,KOC,South India,22
0x77a0,COIMBRES05DEL01,22.0,4.1,11.022169,76.999594,11.092169,77.069594,29-03-2022,21:35,21:50,Sandstorms,Jam,0,Meal,motorcycle,1.0,No,Urban,33,COI,South India,21
0x3f09,CHENRES12DEL03,25.0,4.5,12.972793,80.249982,13.062793,80.339982,23-03-2022,22:55,0.958333333,Cloudy,Low,0,Buffet,motorcycle,1.0,No,Urban,22,CHE,South India,22
0x83d9,HYDRES010DEL02,32.0,4.7,17.428294,78.404423,17.478294,78.454423,19-03-2022,19:15,19:20,Stormy,Jam,2,Buffet,electric_scooter,1.0,No,Urban,27,HYD,South India,19
0x5c3d,BANGRES09DEL02,29.0,4.8,12.934179,77.615797,13.014179,77.695797,31-03-2022,18:40,18:55,Sandstorms,Medium,1,Buffet,motorcycle,1.0,No,Urban,26,BAN,South India,18
0x6566,HYDRES010DEL02,29.0,4.7,17.428294,78.404423,17.478294,78.454423,07-03-2022,21:15,21:25,Sandstorms,Jam,2,Drinks,motorcycle,0.0,No,Urban,13,HYD,South India,21
0x55fa,COIMBRES19DEL02,22.0,4.8,11.022298,76.998349,11.152298,77.128349,31-03-2022,17:40,17:45,Fog,Medium,2,Buffet,motorcycle,1.0,No,Urban,30,COI,South India,17
0x2546,MYSRES06DEL03,27.0,4.0,12.323994,76.626167,12.383994,76.686167,28-03-2022,22:45,0.958333333,Sandstorms,Low,0,Buffet,motorcycle,1.0,No,Urban,21,MYS,South India,22
0x597a,COIMBRES18DEL01,38.0,4.4,11.02091,76.940432,11.13091,77.050432,10-03-2022,19:40,19:50,Fog,Jam,2,Snack,motorcycle,1.0,No,Urban,35,COI,South India,19
0x1ff9,BANGRES05DEL03,29.0,4.7,12.970324,77.645748,13.000324,77.675748,24-03-2022,20:50,0.875,Sandstorms,Jam,1,Buffet,scooter,1.0,No,Urban,10,BAN,South India,20
0x87f3,BANGRES17DEL01,29.0,4.8,12.972532,77.608179,13.012532,77.648179,26-03-2022,16:15,16:25,Stormy,Medium,0,Buffet,motorcycle,0.0,No,Urban,18,BAN,South India,16
0x9bdc,CHENRES19DEL01,26.0,4.6,12.986047,80.218114,13.096047,80.328114,25-03-2022,17:55,18:05,Sandstorms,Medium,1,Buffet,scooter,0.0,No,Urban,21,CHE,South India,17
0x79e0,BANGRES09DEL02,31.0,4.7,12.934179,77.615797,13.014179,77.695797,18-03-2022,19:40,19:55,Sandstorms,Jam,1,Buffet,motorcycle,0.0,No,Urban,25,BAN,South India,19
0x909e,COIMBRES17DEL02,22.0,4.9,11.026117,76.944652,11.106117,77.024652,02-04-2022,22:35,22:50,Stormy,Low,2,Meal,scooter,0.0,No,Urban,13,COI,South India,22
0x87d5,MYSRES13DEL03,20.0,4.7,12.310972,76.659264,12.340972,76.689264,30-03-2022,20:35,20:40,Sunny,Jam,1,Drinks,motorcycle,0.0,No,Urban,17,MYS,South India,20
0x8a78,MYSRES01DEL01,21.0,4.5,12.311072,76.654878,12.421072,76.764878,20-03-2022,22:20,22:25,Sunny,Low,2,Drinks,scooter,0.0,No,Urban,30,MYS,South India,22
0xaaf7,COIMBRES07DEL01,31.0,4.6,10.96185,76.971082,11.00185,77.011082,07-03-2022,16:15,16:30,Fog,Medium,1,Buffet,motorcycle,0.0,No,Urban,19,COI,South India,16
0x3a90,BANGRES12DEL01,31.0,4.7,12.939496,77.625999,12.949496,77.635999,01-04-2022,11:15,11:25,Cloudy,High,2,Snack,motorcycle,1.0,No,Urban,27,BAN,South India,11
0xadc0,CHENRES17DEL03,21.0,4.8,13.045479,80.23311,13.105479,80.29311,15-03-2022,20:30,20:40,Windy,Jam,0,Buffet,motorcycle,2.0,No,Urban,35,CHE,South India,20
0xbc2f,CHENRES17DEL02,21.0,4.8,13.045479,80.23311,13.125479,80.31311,20-03-2022,18:20,18:30,Sunny,Medium,2,Meal,scooter,1.0,No,Urban,13,CHE,South India,18
0x15a9,CHENRES06DEL02,38.0,5.0,13.054347,80.257221,13.074347,80.277221,03-04-2022,10:55,11:05,Sunny,Low,2,Buffet,scooter,0.0,No,Urban,16,CHE,South India,10
0x7e46,COIMBRES02DEL01,34.0,4.8,11.022477,76.995667,11.032477,77.005667,28-03-2022,10:55,0.458333333,Windy,Low,2,Buffet,scooter,1.0,No,Urban,27,COI,South India,10
0x9a91,BANGRES18DEL02,38.0,4.7,12.913041,77.683237,13.043041,77.813237,18-03-2022,22:35,22:50,Sandstorms,Low,1,Drinks,motorcycle,0.0,No,Urban,16,BAN,South India,22
0x7774,MYSRES08DEL01,24.0,4.2,12.297954,76.665169,12.367954,76.735169,02-04-2022,18:15,18:30,Fog,Medium,1,Meal,motorcycle,1.0,No,Urban,33,MYS,South India,18
0xd8c5,KOCRES12DEL02,36.0,4.8,9.988483,76.295211,10.008483,76.315211,11-02-2022,08:15,08:20,Sunny,Low,1,Meal,motorcycle,1.0,No,Urban,11,KOC,South India,8
0x31d2,HYDRES07DEL01,37.0,5.0,17.424114,78.347554,17.464114,78.387554,11-03-2022,15:55,0.666666667,Stormy,Medium,0,Drinks,motorcycle,1.0,No,Urban,25,HYD,South India,15
0x5cdb,HYDRES010DEL01,23.0,4.6,17.428294,78.404423,17.468294,78.444423,28-03-2022,14:25,14:35,Fog,High,1,Meal,scooter,0.0,No,Urban,26,HYD,South India,14
0x99d2,COIMBRES05DEL02,22.0,4.6,11.022169,76.999594,11.152169,77.129594,23-03-2022,19:55,0.833333333,Sandstorms,Jam,1,Buffet,scooter,1.0,No,Urban,23,COI,South India,19
0xa45a,BANGRES08DEL01,34.0,4.8,12.906229,77.596791,12.976229,77.666791,06-04-2022,22:15,22:20,Stormy,Low,1,Snack,motorcycle,1.0,No,Urban,29,BAN,South India,22
0xb3e3,BANGRES06DEL02,27.0,4.8,12.979096,77.640625,13.029096,77.690625,17-03-2022,20:50,21:05,Cloudy,Jam,0,Buffet,motorcycle,1.0,No,Urban,29,BAN,South India,20
0x6ab5,COIMBRES02DEL03,28.0,4.7,11.022477,76.995667,11.112477,77.085667,12-03-2022,20:45,20:55,Windy,Jam,1,Snack,scooter,1.0,No,Urban,27,COI,South India,20
0xcc25,KOCRES20DEL02,37.0,4.8,9.979186,76.317361,10.109186,76.447361,18-02-2022,19:30,19:40,Cloudy,Jam,0,Snack,motorcycle,0.0,No,Urban,46,KOC,South India,19
0x9754,MYSRES20DEL02,23.0,4.6,12.337978,76.616792,12.357978,76.636792,30-03-2022,09:20,09:35,Fog,Low,2,Meal,electric_scooter,1.0,No,Urban,18,MYS,South India,9
0x4bd8,CHENRES02DEL02,38.0,4.7,13.086438,80.220672,13.136439,80.270672,17-03-2022,17:55,0.75,Windy,Medium,1,Buffet,scooter,1.0,No,Urban,26,CHE,South India,17
0xa34f,COIMBRES02DEL03,30.0,4.7,11.022477,76.995667,11.082477,77.055667,03-04-2022,17:15,17:20,Stormy,Medium,1,Drinks,scooter,1.0,No,Urban,28,COI,South India,17
0x65e9,MYSRES13DEL02,27.0,4.2,12.310972,76.659264,12.330972,76.679264,11-03-2022,11:10,11:15,Windy,High,0,Snack,motorcycle,1.0,No,Urban,35,MYS,South India,11
0x7a9e,MYSRES13DEL02,32.0,4.6,12.310972,76.659264,12.390972,76.739264,27-03-2022,18:50,0.791666667,Cloudy,Medium,0,Buffet,motorcycle,1.0,No,Urban,42,MYS,South India,18
0x8c6e,HYDRES19DEL01,27.0,4.3,17.458998,78.500366,17.468998,78.510366,17-03-2022,08:25,08:40,Stormy,Low,0,Drinks,motorcycle,1.0,No,Urban,15,HYD,South India,8
0x82c1,CHENRES01DEL01,24.0,4.7,13.005801,80.250744,13.075801,80.320744,06-04-2022,20:25,20:35,Sunny,Jam,2,Snack,motorcycle,0.0,No,Urban,19,CHE,South India,20
0xdb32,KOCRES19DEL02,37.0,4.7,9.960846,76.293936,10.010846,76.343936,13-02-2022,18:20,18:35,Windy,Medium,1,Snack,motorcycle,1.0,No,Urban,30,KOC,South India,18
0x6a37,CHENRES13DEL01,22.0,4.7,13.027018,80.254791,13.097018,80.324791,20-03-2022,23:45,1,Cloudy,Low,0,Drinks,motorcycle,0.0,No,Urban,20,CHE,South India,23
0x9e5c,CHENRES010DEL01,29.0,4.4,13.066762,80.251865,13.076762,80.261865,01-03-2022,08:25,08:30,Sandstorms,Low,0,Snack,motorcycle,0.0,No,Urban,15,CHE,South India,8
0x4c45,MYSRES05DEL02,37.0,4.9,12.323978,76.627961,12.373978,76.677961,01-04-2022,18:10,18:15,Cloudy,Medium,2,Snack,scooter,0.0,No,Urban,15,MYS,South India,18
0x3828,HYDRES12DEL03,39.0,4.5,17.429585,78.392621,17.489585,78.452621,21-03-2022,17:45,17:50,Stormy,Medium,1,Drinks,scooter,1.0,No,Urban,30,HYD,South India,17
0x9f46,CHENRES11DEL03,27.0,5.0,13.064181,80.236442,13.154181,80.326442,31-03-2022,21:10,21:25,Windy,Jam,1,Drinks,scooter,0.0,No,Urban,18,CHE,South India,21
0x858f,MYSRES06DEL02,22.0,4.8,12.323994,76.626167,12.373994,76.676167,30-03-2022,22:20,22:30,Sandstorms,Low,2,Meal,motorcycle,0.0,,Urban,10,MYS,South India,22
0x1e20,COIMBRES18DEL03,23.0,5.0,11.02091,76.940432,11.05091,76.970432,26-03-2022,18:10,18:20,Stormy,Medium,2,Meal,scooter,1.0,No,Urban,23,COI,South India,18
0xbe49,HYDRES03DEL02,31.0,4.1,17.422819,78.449578,17.502819,78.529578,29-03-2022,19:55,0.833333333,Sandstorms,Jam,1,Meal,scooter,1.0,No,Urban,42,HYD,South India,19
0x8afe,COIMBRES12DEL01,39.0,4.1,11.000762,76.981876,11.040762,77.021876,05-04-2022,14:10,14:15,Windy,High,0,Buffet,motorcycle,1.0,No,Urban,40,COI,South India,14
0x434d,CHENRES15DEL02,31.0,4.9,13.026286,80.275235,13.046286,80.295235,28-03-2022,08:30,08:35,Cloudy,Low,0,Drinks,motorcycle,0.0,No,Urban,24,CHE,South India,8
0x9da5,BANGRES04DEL01,29.0,4.9,12.98041,77.640489,13.09041,77.750489,02-04-2022,19:50,19:55,Sunny,Jam,1,Snack,motorcycle,1.0,No,Urban,12,BAN,South India,19
0x41de,MYSRES18DEL02,24.0,4.6,12.337928,76.617889,12.387928,76.667889,26-03-2022,18:20,18:25,Cloudy,Medium,2,Meal,motorcycle,1.0,No,Urban,15,MYS,South India,18
0x88f5,HYDRES07DEL01,20.0,4.8,17.424114,78.347554,17.494114,78.417554,14-03-2022,19:15,19:25,Fog,Jam,0,Snack,motorcycle,1.0,Yes,Urban,49,HYD,South India,19
0x825e,HYDRES09DEL01,29.0,4.8,17.431668,78.408321,17.501668,78.478321,12-03-2022,20:10,20:20,Cloudy,Jam,2,Drinks,scooter,1.0,No,Urban,38,HYD,South India,20
0xa8cd,BANGRES08DEL03,32.0,4.8,12.906229,77.596791,12.936229,77.626791,21-03-2022,20:35,20:50,Windy,Jam,1,Meal,motorcycle,1.0,No,Urban,31,BAN,South India,20
0x1bd4,COIMBRES18DEL03,35.0,4.7,11.02091,76.940432,11.11091,77.030432,06-03-2022,20:55,0.875,Sunny,Jam,0,Buffet,motorcycle,3.0,No,Urban,44,COI,South India,20
0xb200,CHENRES16DEL01,20.0,4.7,13.049645,80.242268,13.159645,80.352268,02-03-2022,22:30,22:40,Stormy,Low,1,Buffet,motorcycle,1.0,No,Urban,16,CHE,South India,22
0x641a,MYSRES06DEL02,24.0,4.8,12.323994,76.626167,12.343994,76.646167,09-03-2022,10:40,10:55,Stormy,Low,2,Snack,scooter,1.0,No,Urban,17,MYS,South India,10
0x2d3b,HYDRES20DEL01,38.0,4.7,17.483216,78.552111,17.493216,78.562111,05-04-2022,10:30,10:40,Fog,Low,1,Snack,scooter,0.0,No,Urban,15,HYD,South India,10
0x66bb,HYDRES07DEL02,35.0,4.6,17.424114,78.347554,17.444114,78.367554,26-03-2022,11:10,11:20,Cloudy,High,0,Snack,motorcycle,0.0,No,Urban,28,HYD,South India,11
0x9e97,COIMBRES02DEL03,25.0,4.7,11.022477,76.995667,11.082477,77.055667,07-03-2022,18:55,19:05,Sandstorms,Medium,0,Drinks,motorcycle,0.0,No,Urban,12,COI,South India,18
0xd29e,KOCRES08DEL02,36.0,4.0,9.985497,76.276999,10.065497,76.356999,12-02-2022,23:30,23:45,Fog,Low,0,Buffet,motorcycle,1.0,No,Urban,37,KOC,South India,23
0x4112,MYSRES03DEL01,24.0,4.8,12.299524,76.64262,12.409524,76.75262,16-03-2022,22:30,22:45,Stormy,Low,1,Snack,motorcycle,1.0,No,Urban,16,MYS,South India,22
0xb5ea,MYSRES20DEL01,28.0,4.6,12.337978,76.616792,12.447978,76.726792,10-03-2022,20:10,20:15,Sandstorms,Jam,2,Snack,motorcycle,1.0,No,Urban,22,MYS,South India,20
0x2a81,BANGRES12DEL02,25.0,4.7,12.939496,77.625999,13.069496,77.755999,23-03-2022,21:45,21:55,Sunny,Jam,2,Meal,motorcycle,0.0,No,Urban,21,BAN,South India,21
0x9c54,CHENRES13DEL03,23.0,4.7,13.027018,80.254791,13.057018,80.284791,09-03-2022,19:30,19:40,Fog,Jam,2,Snack,scooter,0.0,No,Urban,28,CHE,South India,19
0xa02f,HYDRES13DEL01,27.0,4.6,17.431477,78.40035,17.471477,78.44035,01-03-2022,14:25,14:30,Sunny,High,2,Buffet,scooter,0.0,No,Urban,18,HYD,South India,14
0x1811,COIMBRES010DEL01,22.0,4.6,11.003008,76.97544,11.043008,77.01544,17-03-2022,13:35,13:50,Windy,High,1,Snack,scooter,1.0,No,Urban,17,COI,South India,13
0x19c7,COIMBRES20DEL03,26.0,4.8,10.994136,76.963303,11.054136,77.023303,03-03-2022,18:45,18:55,Fog,Medium,2,Buffet,scooter,0.0,No,Urban,19,COI,South India,18
0xbedb,MYSRES14DEL03,28.0,4.7,0.0,0.0,0.06,0.06,24-03-2022,1,24:15:00,Fog,Low,1,Drinks,scooter,0.0,No,Urban,10,MYS,South India,1
0x2d0f,MYSRES03DEL02,30.0,4.8,12.299524,76.64262,12.319524,76.66262,11-03-2022,09:55,0.416666667,Fog,Low,2,Buffet,scooter,1.0,No,Urban,19,MYS,South India,9
0x6159,HYDRES12DEL02,37.0,4.7,17.429585,78.392621,17.559585,78.522621,31-03-2022,17:35,17:45,Sunny,Medium,1,Buffet,scooter,,No,Urban,24,HYD,South India,17
0x1a7d,HYDRES20DEL02,21.0,5.0,17.483216,78.552111,17.503216,78.572111,03-04-2022,10:15,10:20,Sunny,Low,0,Buffet,motorcycle,1.0,No,Urban,13,HYD,South India,10
0x5704,CHENRES02DEL01,20.0,4.8,13.086438,80.220672,13.096438,80.230672,17-03-2022,09:25,09:30,Windy,Low,2,Snack,scooter,0.0,No,Urban,14,CHE,South India,9
0x91b0,BANGRES08DEL01,22.0,4.6,12.906229,77.596791,13.016229,77.706791,06-04-2022,20:10,20:15,Sandstorms,Jam,0,Buffet,motorcycle,1.0,No,Urban,39,BAN,South India,20
0x764e,CHENRES010DEL02,21.0,4.9,13.066762,80.251865,13.196762,80.381865,04-04-2022,23:55,24:10:00,Stormy,Low,2,Snack,electric_scooter,0.0,No,Urban,12,CHE,South India,23
0x64a1,BANGRES11DEL01,24.0,4.5,12.934365,77.616155,12.944365,77.626155,24-03-2022,08:30,08:45,Fog,Low,2,Meal,electric_scooter,0.0,No,Urban,15,BAN,South India,8
0x63e3,COIMBRES12DEL03,21.0,5.0,11.000762,76.981876,11.090762,77.071876,29-03-2022,17:15,17:25,Fog,Medium,1,Drinks,motorcycle,1.0,No,Urban,27,COI,South India,17
0x883b,COIMBRES20DEL02,31.0,4.6,10.994136,76.963303,11.044136,77.013303,26-03-2022,17:30,17:45,Cloudy,Medium,1,Buffet,motorcycle,0.0,No,Urban,16,COI,South India,17
0x3439,CHENRES12DEL01,35.0,4.8,12.972793,80.249982,12.982793,80.259982,28-03-2022,09:10,09:20,Fog,Low,1,Buffet,motorcycle,,No,Urban,17,CHE,South India,9
0x2eed,BANGRES11DEL03,25.0,4.9,12.934365,77.616155,12.964365,77.646155,07-03-2022,21:20,21:25,Sunny,Jam,1,Drinks,motorcycle,1.0,No,Urban,19,BAN,South India,21
0x79f7,BANGRES12DEL01,28.0,4.9,12.939496,77.625999,12.949496,77.635999,30-03-2022,09:45,09:55,Fog,Low,2,Buffet,motorcycle,1.0,No,Urban,10,BAN,South India,9
0xb010,CHENRES02DEL01,33.0,4.9,13.086438,80.220672,13.096438,80.230672,13-03-2022,11:40,11:45,Windy,High,0,Snack,motorcycle,0.0,No,Urban,30,CHE,South India,11
0x112e,COIMBRES14DEL01,37.0,4.9,11.003681,76.975525,11.013681,76.985525,03-03-2022,09:20,09:30,Fog,Low,1,Buffet,scooter,1.0,No,Urban,16,COI,South India,9
0xa474,BANGRES14DEL02,21.0,4.3,12.949934,77.699386,13.029934,77.779386,06-04-2022,18:55,19:05,Sandstorms,Medium,0,Snack,motorcycle,1.0,No,Urban,32,BAN,South India,18
0x31eb,CHENRES010DEL02,25.0,4.9,13.066762,80.251865,13.116762,80.301865,15-03-2022,22:40,22:50,Fog,Low,1,Meal,motorcycle,0.0,No,Urban,14,CHE,South India,22
0x64e4,CHENRES12DEL01,26.0,4.9,12.972793,80.249982,12.982793,80.259982,13-03-2022,09:55,0.416666667,Sandstorms,Low,2,Meal,motorcycle,1.0,No,Urban,16,CHE,South India,9
0x1246,BANGRES14DEL01,24.0,4.9,12.949934,77.699386,13.019934,77.769386,04-03-2022,17:55,18:10,Windy,Medium,0,Snack,motorcycle,1.0,No,Urban,23,BAN,South India,17
0xac4e,HYDRES04DEL03,23.0,5.0,17.411028,78.329645,17.441028,78.359645,28-03-2022,21:30,21:35,Windy,Jam,0,Buffet,motorcycle,0.0,No,Urban,20,HYD,South India,21
0xb899,CHENRES15DEL02,31.0,4.8,13.026286,80.275235,13.046286,80.295235,03-04-2022,09:15,09:30,Stormy,Low,2,Meal,motorcycle,1.0,No,Urban,27,CHE,South India,9
0x5be8,BANGRES010DEL03,25.0,4.6,12.933298,77.614293,12.993298,77.674293,13-03-2022,22:30,22:35,Windy,Low,1,Buffet,scooter,0.0,No,Urban,19,BAN,South India,22
0x9f2f,MYSRES16DEL01,25.0,4.5,12.316967,76.603067,12.386967,76.673067,04-04-2022,21:15,21:25,Stormy,Jam,1,Snack,scooter,1.0,No,Urban,26,MYS,South India,21
0x9edd,BANGRES16DEL02,21.0,4.5,13.029198,77.570997,13.079198,77.620997,17-03-2022,19:20,19:30,Sunny,Jam,2,Buffet,motorcycle,0.0,No,Urban,10,BAN,South India,19
0x1123,MYSRES12DEL03,39.0,4.8,12.284747,76.625861,12.374747,76.715861,12-03-2022,17:15,17:25,Sunny,Medium,1,Drinks,motorcycle,1.0,No,Urban,22,MYS,South India,17
0x23c5,CHENRES02DEL03,38.0,4.6,13.086438,80.220672,13.146439,80.280672,01-04-2022,23:40,23:50,Stormy,Low,2,Snack,electric_scooter,0.0,No,Urban,24,CHE,South India,23
0x39c8,MYSRES09DEL01,32.0,4.1,12.323194,76.630583,12.393194,76.700583,04-03-2022,18:40,18:55,Cloudy,Medium,2,Meal,scooter,1.0,No,Urban,40,MYS,South India,18
0x76cd,CHENRES05DEL02,32.0,4.8,13.058616,80.264151,13.108616,80.314151,05-04-2022,19:30,19:40,Stormy,Jam,2,Drinks,scooter,0.0,No,Urban,28,CHE,South India,19
0xbdb8,COIMBRES19DEL01,39.0,4.8,11.022298,76.998349,11.032298,77.008349,05-04-2022,08:55,09:10,Sunny,Low,2,Drinks,electric_scooter,0.0,No,Urban,10,COI,South India,8
0x33e0,CHENRES01DEL02,35.0,5.0,13.005801,80.250744,13.085801,80.330744,06-03-2022,23:20,23:25,Sunny,Low,2,Snack,scooter,1.0,No,Urban,20,CHE,South India,23
0x1b9c,BANGRES17DEL03,21.0,4.5,12.972532,77.608179,13.032532,77.668179,05-03-2022,20:15,20:30,Windy,Jam,2,Meal,scooter,0.0,No,Urban,14,BAN,South India,20
0x43f8,HYDRES02DEL02,39.0,4.2,17.41233,78.449654,17.49233,78.529654,25-03-2022,21:40,21:55,Cloudy,Jam,1,Drinks,scooter,0.0,No,Urban,48,HYD,South India,21
0x7d65,BANGRES03DEL02,37.0,4.7,12.979166,77.640709,12.999166,77.660709,24-03-2022,10:30,10:45,Stormy,Low,2,Buffet,motorcycle,1.0,No,Urban,23,BAN,South India,10
0x2d8b,COIMBRES04DEL03,35.0,5.0,11.024839,77.007003,11.114839,77.097003,06-04-2022,18:20,18:25,Fog,Medium,2,Meal,scooter,1.0,No,Urban,32,COI,South India,18
0x7456,BANGRES18DEL02,28.0,4.6,12.913041,77.683237,13.043041,77.813237,04-03-2022,23:20,23:25,Sandstorms,Low,1,Snack,scooter,1.0,No,Urban,15,BAN,South India,23
0x4daf,COIMBRES06DEL02,21.0,4.9,11.021278,76.995017,11.071278,77.045017,21-03-2022,21:15,21:25,Windy,Jam,1,Snack,scooter,0.0,No,Urban,19,COI,South India,21
0xa6d7,COIMBRES01DEL02,24.0,4.9,11.016298,76.972076,11.036298,76.992076,26-03-2022,11:10,11:20,Sandstorms,High,0,Meal,motorcycle,0.0,No,Urban,22,COI,South India,11
0x7fa,COIMBRES06DEL03,29.0,4.9,11.021278,76.995017,11.081278,77.055017,15-03-2022,17:30,17:45,Cloudy,Medium,2,Drinks,scooter,0.0,No,Urban,18,COI,South India,17
0xc3ce,KOCRES07DEL03,20.0,4.9,9.985697,76.281128,10.045697,76.341128,15-02-2022,19:25,19:30,Sunny,Jam,2,Meal,scooter,0.0,No,Urban,11,KOC,South India,19
0x3cfd,COIMBRES18DEL03,39.0,4.6,11.02091,76.940432,11.08091,77.000432,21-03-2022,23:45,23:50,Sunny,Low,0,Drinks,motorcycle,1.0,No,Urban,23,COI,South India,23
0xd4bd,KOCRES02DEL02,25.0,4.9,10.028047,76.310019,10.158047,76.440019,12-02-2022,17:25,17:35,Sandstorms,Medium,0,Drinks,motorcycle,1.0,No,Urban,36,KOC,South India,17
0x1c70,CHENRES08DEL03,28.0,4.9,13.022394,80.242439,13.112394,80.332439,23-03-2022,17:15,17:20,Sunny,Medium,2,Drinks,scooter,1.0,No,Urban,18,CHE,South India,17
0x6bcc,HYDRES14DEL02,31.0,4.6,17.426228,78.407495,17.556228,78.537495,27-03-2022,19:35,19:50,Sunny,Jam,2,Snack,scooter,1.0,No,Urban,19,HYD,South India,19
0xbe03,COIMBRES01DEL01,20.0,4.1,11.016298,76.972076,11.086298,77.042076,06-04-2022,19:15,19:20,Fog,Jam,2,Drinks,motorcycle,1.0,No,Urban,42,COI,South India,19
0x4cd1,MYSRES05DEL02,23.0,4.7,12.323978,76.627961,12.343978,76.647961,15-03-2022,10:55,11:10,Fog,Low,0,Drinks,motorcycle,0.0,No,Urban,22,MYS,South India,10
0x9232,HYDRES010DEL02,23.0,4.9,17.428294,78.404423,17.478294,78.454423,26-03-2022,17:15,17:25,Sandstorms,Medium,0,Buffet,motorcycle,0.0,No,Urban,21,HYD,South India,17
0xbaa3,HYDRES17DEL01,24.0,4.8,17.451976,78.385883,17.461976,78.395883,11-03-2022,08:30,08:35,Cloudy,Low,2,Snack,electric_scooter,0.0,No,Urban,10,HYD,South India,8
0x60a4,CHENRES07DEL02,39.0,4.6,13.081878,80.248519,13.131878,80.298519,13-03-2022,20:55,21:10,Sandstorms,Jam,2,Buffet,motorcycle,0.0,No,Urban,26,CHE,South India,20
0x5369,COIMBRES15DEL02,25.0,4.9,11.006686,76.951736,11.086686,77.031736,20-03-2022,18:40,18:45,Stormy,Medium,2,Snack,scooter,0.0,No,Urban,22,COI,South India,18
0x9f5c,HYDRES04DEL03,22.0,4.8,17.411028,78.329645,17.471028,78.389645,15-03-2022,17:20,17:25,Sandstorms,Medium,2,Snack,scooter,1.0,No,Urban,28,HYD,South India,17
0x6c78,BANGRES07DEL01,24.0,4.9,12.978453,77.643685,12.988453,77.653685,01-04-2022,10:10,10:15,Sunny,Low,2,Snack,scooter,0.0,No,Urban,22,BAN,South India,10
0x21fc,BANGRES03DEL02,34.0,5.0,12.979166,77.640709,12.999166,77.660709,21-03-2022,11:20,11:35,Stormy,High,1,Snack,motorcycle,1.0,No,Urban,31,BAN,South India,11
0x1242,MYSRES09DEL01,36.0,4.8,12.323194,76.630583,12.433194,76.740583,16-03-2022,22:10,22:20,Stormy,Low,2,Buffet,scooter,1.0,No,Urban,17,MYS,South India,22
0x9271,COIMBRES20DEL01,38.0,4.9,10.994136,76.963303,11.004136,76.973303,21-03-2022,08:30,08:40,Sunny,Low,1,Buffet,motorcycle,1.0,No,Urban,17,COI,South India,8
0x5e0a,BANGRES03DEL01,29.0,4.9,12.979166,77.640709,13.089166,77.750709,08-03-2022,19:20,19:25,Stormy,Jam,2,Buffet,scooter,0.0,No,Urban,16,BAN,South India,19
0xa60b,MYSRES20DEL02,29.0,5.0,12.337978,76.616792,12.467978,76.746792,08-03-2022,22:15,22:25,Sunny,Low,0,Meal,motorcycle,1.0,No,Urban,23,MYS,South India,22
0x9e4f,HYDRES010DEL01,38.0,4.6,17.428294,78.404423,17.538294,78.514423,20-03-2022,23:25,23:40,Windy,Low,0,Meal,motorcycle,1.0,No,Urban,28,HYD,South India,23
0x357e,HYDRES20DEL03,36.0,4.7,17.483216,78.552111,17.543216,78.612111,13-03-2022,17:25,17:35,Fog,Medium,2,Drinks,scooter,0.0,No,Urban,19,HYD,South India,17
0x4dfe,COIMBRES06DEL01,27.0,4.3,11.021278,76.995017,11.091278,77.065017,14-03-2022,19:55,20:05,Fog,Jam,2,Meal,motorcycle,1.0,No,Urban,33,COI,South India,19
0xb100,BANGRES010DEL03,23.0,2.5,12.933298,77.614293,13.023298,77.704293,16-03-2022,23:25,23:35,Sunny,Low,2,Buffet,scooter,1.0,No,Urban,36,BAN,South India,23
0x71f2,CHENRES06DEL03,24.0,4.9,13.054347,80.257221,13.144347,80.347221,04-03-2022,18:10,18:20,Stormy,Medium,0,Drinks,motorcycle,0.0,No,Urban,38,CHE,South India,18
0x2aba,COIMBRES010DEL02,31.0,5.0,11.003008,76.97544,11.053009,77.02544,05-04-2022,20:25,20:35,Fog,Jam,2,Meal,scooter,1.0,No,Urban,33,COI,South India,20
0x9f0b,BANGRES04DEL01,28.0,4.6,12.98041,77.640489,13.09041,77.750489,12-03-2022,18:50,18:55,Windy,Medium,2,Drinks,motorcycle,1.0,No,Urban,18,BAN,South India,18
0x2e0a,BANGRES16DEL01,29.0,4.9,13.029198,77.570997,13.039198,77.580997,26-03-2022,08:15,08:30,Sunny,Low,0,Buffet,motorcycle,1.0,No,Urban,12,BAN,South India,8
0x59c9,MYSRES04DEL01,31.0,4.7,12.3085,76.665808,12.3785,76.735808,12-03-2022,21:10,21:15,Fog,Jam,0,Meal,motorcycle,1.0,No,Urban,46,MYS,South India,21
0x1fb1,MYSRES06DEL02,29.0,5.0,12.323994,76.626167,12.453994,76.756167,27-03-2022,22:25,22:30,Fog,Low,1,Drinks,motorcycle,1.0,No,Urban,23,MYS,South India,22
0x7b43,CHENRES11DEL01,23.0,4.6,13.064181,80.236442,13.074181,80.246442,26-03-2022,10:30,10:35,Stormy,Low,2,Snack,electric_scooter,0.0,No,Urban,14,CHE,South India,10
0xa86f,CHENRES19DEL01,27.0,4.9,12.986047,80.218114,13.026047,80.258114,24-03-2022,16:15,16:25,Sunny,Medium,1,Buffet,scooter,1.0,No,Urban,17,CHE,South India,16
0x8a7c,COIMBRES06DEL03,30.0,4.6,11.021278,76.995017,11.051278,77.025017,01-04-2022,18:25,18:30,Fog,Medium,1,Drinks,motorcycle,1.0,No,Urban,19,COI,South India,18
0x704c,BANGRES18DEL02,29.0,4.9,12.913041,77.683237,13.043041,77.813237,06-03-2022,22:55,0.958333333,Windy,Low,2,Drinks,electric_scooter,0.0,No,Urban,10,BAN,South India,22
0xdbd9,KOCRES20DEL02,23.0,4.6,9.979186,76.317361,9.999186,76.337361,13-02-2022,09:55,10:05,Stormy,Low,1,Drinks,motorcycle,1.0,No,Urban,19,KOC,South India,9
0x4fbb,MYSRES15DEL01,28.0,4.8,12.352058,76.60665,12.392058,76.64665,26-03-2022,14:20,14:35,Sandstorms,High,1,Drinks,scooter,0.0,No,Urban,16,MYS,South India,14
0x2b3e,MYSRES19DEL02,26.0,4.5,12.334022,76.618203,12.384022,76.668203,03-03-2022,19:10,19:25,Sandstorms,Jam,2,Drinks,motorcycle,1.0,No,Urban,14,MYS,South India,19
0x9e28,BANGRES11DEL01,20.0,4.7,12.934365,77.616155,12.974365,77.656155,21-03-2022,16:30,16:45,Stormy,Medium,2,Meal,electric_scooter,1.0,No,Urban,26,BAN,South India,16
0x996a,HYDRES12DEL03,25.0,4.8,17.429585,78.392621,17.489585,78.452621,05-03-2022,21:35,21:45,Sandstorms,Jam,1,Drinks,scooter,0.0,No,Urban,26,HYD,South India,21
0xb009,HYDRES04DEL03,34.0,4.7,17.411028,78.329645,17.501028,78.419645,06-03-2022,22:50,0.958333333,Sandstorms,Low,1,Snack,scooter,1.0,No,Urban,24,HYD,South India,22
0x8c1f,BANGRES07DEL01,27.0,4.8,12.978453,77.643685,13.088453,77.753685,31-03-2022,21:40,21:45,Sunny,Jam,1,Meal,scooter,1.0,No,Urban,20,BAN,South India,21
0x8074,MYSRES01DEL02,39.0,5.0,12.311072,76.654878,12.361072,76.704878,15-03-2022,23:30,23:35,Sunny,Low,2,Buffet,scooter,0.0,,Urban,11,MYS,South India,23
0x123b,CHENRES13DEL01,30.0,3.6,13.027018,80.254791,13.137018,80.364791,18-03-2022,19:20,19:25,Stormy,Jam,1,Drinks,scooter,1.0,No,Urban,38,CHE,South India,19
0x2fe7,HYDRES06DEL01,22.0,4.7,17.455894,78.375467,17.465894,78.385467,28-03-2022,08:45,08:50,Cloudy,Low,2,Drinks,electric_scooter,0.0,No,Urban,15,HYD,South India,8
0x1517,BANGRES17DEL03,23.0,4.7,12.972532,77.608179,13.032532,77.668179,01-03-2022,22:25,22:30,Cloudy,Low,1,Drinks,motorcycle,0.0,No,Urban,12,BAN,South India,22
0xb6f9,CHENRES06DEL01,37.0,4.7,13.054347,80.257221,13.164347,80.367221,18-03-2022,23:10,23:25,Sunny,Low,2,Snack,scooter,1.0,No,Urban,22,CHE,South India,23
0xb3a,CHENRES18DEL01,38.0,4.8,12.981615,80.231598,12.991615,80.241598,13-03-2022,10:30,10:40,Windy,Low,1,Drinks,scooter,0.0,No,Urban,21,CHE,South India,10
0x765f,BANGRES010DEL03,25.0,4.9,12.933298,77.614293,12.993298,77.674293,01-03-2022,21:55,22:10,Stormy,Jam,2,Buffet,scooter,1.0,No,Urban,26,BAN,South India,21
0x9a1b,COIMBRES03DEL01,36.0,5.0,11.025083,77.015393,11.095083,77.085393,06-04-2022,20:45,20:55,Stormy,Jam,1,Drinks,motorcycle,1.0,No,Urban,25,COI,South India,20
0x79ac,CHENRES17DEL02,29.0,4.6,13.045479,80.23311,13.175479,80.36311,04-03-2022,19:35,19:45,Sunny,Jam,0,Buffet,motorcycle,0.0,No,Urban,15,CHE,South India,19
0xc779,KOCRES07DEL03,21.0,4.6,9.985697,76.281128,10.075697,76.371128,16-02-2022,23:20,23:30,Windy,Low,2,Snack,scooter,0.0,No,Urban,11,KOC,South India,23
0x85d0,BANGRES19DEL03,25.0,4.6,12.914264,77.6784,12.944264,77.7084,24-03-2022,23:10,23:20,Cloudy,Low,1,Snack,scooter,0.0,No,Urban,19,BAN,South India,23
0x17ce,CHENRES06DEL03,22.0,4.8,13.054347,80.257221,13.084347,80.287221,30-03-2022,21:35,21:40,Windy,Jam,2,Drinks,electric_scooter,1.0,No,Urban,27,CHE,South India,21
0x9508,BANGRES09DEL03,31.0,4.9,12.934179,77.615797,13.024179,77.705797,04-03-2022,17:25,17:35,Cloudy,Medium,0,Drinks,motorcycle,2.0,No,Urban,42,BAN,South India,17
0xdc14,KOCRES12DEL02,20.0,4.0,9.988483,76.295211,10.038483,76.345211,15-02-2022,20:20,20:30,Stormy,Jam,0,Buffet,motorcycle,1.0,No,Urban,31,KOC,South India,20
0x8b18,HYDRES08DEL03,28.0,4.8,17.438263,78.397865,17.468263,78.427865,01-03-2022,17:35,17:50,Cloudy,Medium,2,Buffet,scooter,0.0,No,Urban,14,HYD,South India,17
0x65c8,HYDRES04DEL02,28.0,4.6,17.411028,78.329645,17.431028,78.349645,19-03-2022,10:10,10:25,Sunny,Low,0,Meal,motorcycle,0.0,No,Urban,17,HYD,South India,10
0x7c5d,MYSRES15DEL03,28.0,4.9,12.352058,76.60665,12.412058,76.66665,13-03-2022,19:10,19:20,Stormy,Jam,1,Drinks,motorcycle,1.0,No,Urban,22,MYS,South India,19
0x4597,COIMBRES20DEL03,25.0,4.9,10.994136,76.963303,11.024136,76.993303,21-03-2022,20:35,20:50,Windy,Jam,1,Meal,scooter,1.0,No,Urban,10,COI,South India,20
0x4713,CHENRES13DEL01,26.0,4.7,13.027018,80.254791,13.097018,80.324791,31-03-2022,21:25,21:35,Cloudy,Jam,0,Snack,motorcycle,1.0,Yes,Urban,48,CHE,South India,21
0x978f,HYDRES16DEL01,39.0,4.6,17.440827,78.393391,17.480827,78.433391,01-03-2022,15:50,0.666666667,Fog,Medium,2,Buffet,motorcycle,1.0,No,Urban,16,HYD,South India,15
0x3327,HYDRES13DEL02,33.0,4.7,17.431477,78.40035,17.561477,78.53035,02-03-2022,20:20,20:30,Sunny,Jam,1,Buffet,motorcycle,1.0,No,Urban,26,HYD,South India,20
0x2fc0,MYSRES17DEL03,21.0,4.5,12.326356,76.619103,12.416356,76.709103,06-04-2022,23:55,24:05:00,Stormy,Low,2,Buffet,scooter,0.0,No,Urban,12,MYS,South India,23
0x52fa,CHENRES07DEL03,26.0,4.9,13.081878,80.248519,13.171878,80.338519,16-03-2022,20:35,20:40,Fog,Jam,0,Drinks,motorcycle,0.0,No,Urban,35,CHE,South India,20
0x5acf,COIMBRES04DEL03,20.0,4.7,11.024839,77.007003,11.114839,77.097003,10-03-2022,18:15,18:20,Stormy,Medium,2,Drinks,scooter,0.0,No,Urban,29,COI,South India,18
0x2046,BANGRES010DEL02,23.0,4.8,12.933298,77.614293,12.953298,77.634293,03-04-2022,08:20,08:25,Cloudy,Low,2,Snack,scooter,1.0,No,Urban,18,BAN,South India,8
0x5ef9,MYSRES20DEL02,22.0,5.0,12.337978,76.616792,12.417978,76.696792,18-03-2022,18:10,18:25,Windy,Medium,1,Buffet,motorcycle,0.0,No,Urban,16,MYS,South India,18
0xd031,KOCRES03DEL03,33.0,4.6,10.020683,76.310631,10.080683,76.370631,13-02-2022,17:30,17:40,Sunny,Medium,1,Buffet,motorcycle,1.0,No,Urban,17,KOC,South India,17
0xb9fa,BANGRES06DEL01,27.0,5.0,12.979096,77.640625,12.989096,77.650625,15-03-2022,10:15,10:25,Cloudy,Low,2,Snack,scooter,,No,Urban,10,BAN,South India,10
0x7418,BANGRES13DEL01,20.0,4.6,12.935662,77.61413,12.975662,77.65413,03-03-2022,12:45,0.541666667,Sandstorms,High,0,Drinks,motorcycle,0.0,No,Urban,22,BAN,South India,12
0x9f52,CHENRES18DEL01,34.0,4.3,12.981615,80.231598,13.051615,80.301598,10-03-2022,23:55,1,Fog,Low,0,Meal,motorcycle,2.0,No,Urban,38,CHE,South India,23
0x4bc9,BANGRES13DEL01,23.0,4.7,12.935662,77.61413,13.005662,77.68413,14-03-2022,23:40,23:50,Sandstorms,Low,0,Drinks,motorcycle,1.0,No,Urban,19,BAN,South India,23
0x92ae,HYDRES010DEL01,33.0,4.9,17.428294,78.404423,17.468294,78.444423,26-03-2022,15:20,15:35,Fog,Medium,1,Snack,motorcycle,1.0,No,Urban,18,HYD,South India,15
0x513a,CHENRES20DEL02,31.0,4.8,12.975996,80.221898,12.995996,80.241898,03-03-2022,11:55,12:05,Cloudy,High,2,Buffet,electric_scooter,1.0,No,Urban,26,CHE,South India,11
0x86bf,MYSRES11DEL01,34.0,4.6,12.323225,76.630028,12.363225,76.670028,09-03-2022,13:20,13:25,Windy,High,1,Snack,scooter,1.0,No,Urban,34,MYS,South India,13
0x4072,HYDRES07DEL02,38.0,5.0,17.424114,78.347554,17.444114,78.367554,13-03-2022,08:25,08:30,Sunny,Low,1,Snack,motorcycle,1.0,No,Urban,12,HYD,South India,8
0x4054,COIMBRES08DEL01,21.0,4.8,11.001852,76.976268,11.011852,76.986268,05-04-2022,08:45,08:55,Sunny,Low,1,Snack,motorcycle,1.0,No,Urban,19,COI,South India,8
0x6a95,BANGRES11DEL02,35.0,4.4,12.934365,77.616155,12.954365,77.636155,09-03-2022,08:15,08:20,Windy,Low,0,Buffet,motorcycle,1.0,No,Urban,25,BAN,South India,8
0xb46e,MYSRES11DEL01,21.0,5.0,12.323225,76.630028,12.333225,76.640028,09-03-2022,08:10,08:25,Sandstorms,Low,2,Snack,scooter,1.0,No,Urban,18,MYS,South India,8
0x7db2,HYDRES06DEL01,33.0,3.0,17.455894,78.375467,17.565894,78.485467,12-03-2022,22:35,22:45,Sunny,Low,0,Buffet,motorcycle,2.0,No,Urban,34,HYD,South India,22
0x6fd9,CHENRES06DEL02,23.0,4.8,13.054347,80.257221,13.074347,80.277221,17-03-2022,09:55,0.416666667,Sandstorms,Low,2,Buffet,motorcycle,0.0,No,Urban,12,CHE,South India,9
0x9836,BANGRES11DEL03,38.0,5.0,12.934365,77.616155,12.994365,77.676155,24-03-2022,21:10,21:20,Sandstorms,Jam,2,Buffet,motorcycle,1.0,No,Urban,26,BAN,South India,21
0x66f3,BANGRES20DEL02,37.0,4.9,12.972161,77.596014,13.052161,77.676014,31-03-2022,23:50,1,Sandstorms,Low,2,Snack,electric_scooter,1.0,No,Urban,15,BAN,South India,23
0x7e6b,CHENRES15DEL01,33.0,4.9,13.026286,80.275235,13.096286,80.345235,02-03-2022,20:55,21:10,Cloudy,Jam,2,Drinks,scooter,2.0,No,Urban,41,CHE,South India,20
0x20ac,BANGRES19DEL03,39.0,4.2,12.914264,77.6784,12.974264,77.7384,09-03-2022,17:30,17:35,Windy,Medium,2,Snack,scooter,2.0,No,Urban,34,BAN,South India,17
0x77bd,BANGRES13DEL02,38.0,4.7,12.935662,77.61413,13.065662,77.74413,08-03-2022,18:45,0.791666667,Windy,Medium,2,Meal,electric_scooter,0.0,No,Urban,22,BAN,South India,18
0x9108,BANGRES15DEL01,37.0,4.9,12.975377,77.696664,13.085377,77.806664,06-04-2022,23:40,23:50,Fog,Low,1,Drinks,motorcycle,1.0,No,Urban,29,BAN,South India,23
0xa6cc,COIMBRES20DEL01,21.0,5.0,10.994136,76.963303,11.034136,77.003303,05-03-2022,16:40,16:50,Sunny,Medium,0,Snack,motorcycle,0.0,No,Urban,15,COI,South India,16
0x2fa4,CHENRES20DEL01,26.0,4.5,12.975996,80.221898,13.015996,80.261898,03-04-2022,12:45,12:55,Stormy,High,1,Drinks,motorcycle,1.0,No,Urban,12,CHE,South India,12
0x3187,COIMBRES04DEL01,32.0,4.7,11.024839,77.007003,11.034839,77.017003,24-03-2022,11:15,11:25,Windy,High,1,Meal,scooter,1.0,No,Urban,32,COI,South India,11
0xb96,CHENRES18DEL01,24.0,4.9,12.981615,80.231598,13.051615,80.301598,31-03-2022,20:25,20:35,Stormy,Jam,1,Drinks,scooter,1.0,No,Urban,24,CHE,South India,20
0x19dd,HYDRES11DEL03,28.0,4.6,17.430448,78.418213,17.490448,78.478213,03-03-2022,17:40,17:50,Stormy,Medium,2,Meal,motorcycle,0.0,No,Urban,27,HYD,South India,17
0x7844,HYDRES06DEL02,26.0,4.9,17.455894,78.375467,17.505894,78.425467,07-03-2022,19:15,19:25,Windy,Jam,1,Meal,scooter,1.0,No,Urban,11,HYD,South India,19
0x1df9,CHENRES20DEL03,28.0,4.7,12.975996,80.221898,13.035996,80.281898,11-03-2022,19:15,19:20,Sunny,Jam,1,Meal,motorcycle,1.0,No,Urban,17,CHE,South India,19
0x4435,COIMBRES13DEL03,34.0,4.1,11.003669,76.976494,11.063669,77.036494,07-03-2022,22:30,22:40,Windy,Low,0,Buffet,motorcycle,0.0,No,Urban,25,COI,South India,22
0x101d,HYDRES02DEL01,29.0,4.2,17.41233,78.449654,17.42233,78.459654,30-03-2022,10:30,10:35,Sandstorms,Low,0,Buffet,motorcycle,1.0,No,Urban,26,HYD,South India,10
0xbaef,CHENRES11DEL03,29.0,4.9,13.064181,80.236442,13.124181,80.296442,01-03-2022,23:15,23:20,Sandstorms,Low,2,Drinks,scooter,1.0,No,Urban,10,CHE,South India,23
0x90b3,MYSRES13DEL01,21.0,4.7,12.310972,76.659264,12.320972,76.669264,26-03-2022,10:45,10:55,Stormy,Low,1,Drinks,scooter,0.0,No,Urban,19,MYS,South India,10
0x48f9,HYDRES11DEL02,27.0,5.0,17.430448,78.418213,17.450448,78.438213,24-03-2022,08:40,08:50,Sunny,Low,1,Snack,scooter,0.0,No,Urban,21,HYD,South India,8
0x100f,CHENRES09DEL02,35.0,4.9,13.044694,80.26147,13.124694,80.34147,08-03-2022,22:20,22:35,Sunny,Low,0,Buffet,motorcycle,1.0,No,Urban,30,CHE,South India,22
0x35e2,HYDRES08DEL03,28.0,4.6,17.438263,78.397865,17.528263,78.487865,02-04-2022,20:50,21:05,Sandstorms,Jam,0,Meal,motorcycle,0.0,No,Urban,26,HYD,South India,20
0x448e,CHENRES19DEL01,31.0,5.0,12.986047,80.218114,12.996047,80.228114,21-03-2022,11:10,11:25,Fog,High,1,Buffet,motorcycle,1.0,No,Urban,36,CHE,South India,11
0x43e8,COIMBRES04DEL02,23.0,4.3,11.024839,77.007003,11.154839,77.137003,12-03-2022,18:30,18:40,Sandstorms,Medium,0,Buffet,motorcycle,1.0,No,Urban,37,COI,South India,18
0xaa95,COIMBRES05DEL03,33.0,4.6,11.022169,76.999594,11.112169,77.089594,10-03-2022,19:10,19:20,Cloudy,Jam,1,Meal,motorcycle,1.0,No,Urban,40,COI,South India,19
0xc4b8,KOCRES01DEL01,30.0,4.8,9.979363,76.285001,10.019363,76.325001,11-02-2022,16:10,16:15,Fog,Medium,0,Snack,motorcycle,1.0,No,Urban,27,KOC,South India,16
0x270f,MYSRES20DEL01,35.0,4.7,12.337978,76.616792,12.347978,76.626792,01-03-2022,08:20,08:25,Cloudy,Low,2,Buffet,scooter,,No,Urban,16,MYS,South India,8
0xd3be,KOCRES16DEL01,35.0,4.6,10.003064,76.307589,10.113064,76.417589,12-02-2022,18:15,18:25,Stormy,Medium,0,Buffet,motorcycle,2.0,No,Urban,43,KOC,South India,18
0x78f5,COIMBRES20DEL02,31.0,3.8,10.994136,76.963303,11.124136,77.093303,02-03-2022,20:40,20:50,Windy,Jam,2,Drinks,electric_scooter,1.0,No,Urban,41,COI,South India,20
0x7d4e,HYDRES19DEL02,31.0,4.9,17.458998,78.500366,17.508998,78.550366,13-03-2022,17:50,17:55,Cloudy,Medium,0,Drinks,motorcycle,1.0,No,Urban,27,HYD,South India,17
0xa945,HYDRES02DEL02,24.0,4.7,17.41233,78.449654,17.49233,78.529654,04-03-2022,20:10,20:25,Windy,Jam,1,Drinks,scooter,1.0,No,Urban,21,HYD,South India,20
0xae80,COIMBRES01DEL02,31.0,4.8,11.016298,76.972076,11.066298,77.022076,21-03-2022,21:15,21:20,Sunny,Jam,1,Snack,motorcycle,0.0,No,Urban,19,COI,South India,21
0x43a8,MYSRES16DEL02,26.0,4.8,12.316967,76.603067,12.336967,76.623067,01-04-2022,09:45,09:50,Cloudy,Low,2,Buffet,scooter,1.0,No,Urban,16,MYS,South India,9
0x767b,HYDRES01DEL03,26.0,4.7,17.410371,78.437225,17.470371,78.497225,11-03-2022,21:30,21:45,Cloudy,Jam,2,Meal,electric_scooter,0.0,No,Urban,22,HYD,South India,21
0x1b21,BANGRES06DEL01,31.0,4.8,12.979096,77.640625,13.049096,77.710625,18-03-2022,18:20,18:35,Fog,Medium,2,Snack,motorcycle,1.0,No,Urban,42,BAN,South India,18
0x7306,MYSRES09DEL02,23.0,4.9,12.323194,76.630583,12.343194,76.650583,15-03-2022,10:55,0.458333333,Cloudy,Low,0,Snack,motorcycle,1.0,No,Urban,21,MYS,South India,10
0xa726,CHENRES02DEL01,33.0,4.9,13.086438,80.220672,13.126439,80.260672,05-04-2022,15:35,15:45,Sunny,Medium,1,Drinks,scooter,1.0,No,Urban,21,CHE,South India,15
0x1e73,CHENRES07DEL02,32.0,4.6,13.081878,80.248519,13.211878,80.378519,31-03-2022,22:20,22:30,Sunny,Low,2,Buffet,electric_scooter,1.0,No,Urban,18,CHE,South India,22
0xa1ce,CHENRES15DEL03,22.0,4.8,13.026286,80.275235,13.056286,80.305235,03-03-2022,18:50,18:55,Sunny,Medium,1,Snack,scooter,0.0,No,Urban,11,CHE,South India,18
0x9174,COIMBRES11DEL02,20.0,4.8,11.001753,76.986241,11.081753,77.066241,02-03-2022,17:10,17:15,Sunny,Medium,1,Snack,scooter,1.0,No,Urban,16,COI,South India,17
0x27c9,CHENRES20DEL03,22.0,4.8,12.975996,80.221898,13.005996,80.251898,28-03-2022,17:45,0.75,Fog,Medium,0,Snack,motorcycle,1.0,No,Urban,22,CHE,South India,17
0x3e89,MYSRES04DEL01,24.0,4.5,12.3085,76.665808,12.3485,76.705808,19-03-2022,15:10,15:20,Sunny,Medium,2,Buffet,scooter,0.0,No,Urban,11,MYS,South India,15
0x1f4d,MYSRES09DEL01,27.0,4.9,12.323194,76.630583,12.333194,76.640583,28-03-2022,08:55,09:10,Cloudy,Low,0,Snack,motorcycle,1.0,No,Urban,19,MYS,South India,8
0x9e6c,HYDRES07DEL03,27.0,4.9,17.424114,78.347554,17.484114,78.407554,01-03-2022,19:40,19:55,Fog,Jam,2,Buffet,scooter,1.0,No,Urban,31,HYD,South India,19
0xcf0b,KOCRES02DEL01,34.0,3.9,10.028047,76.310019,10.098047,76.380019,14-02-2022,21:50,22:05,Windy,Jam,1,Buffet,scooter,1.0,No,Urban,36,KOC,South India,21
0x4270,HYDRES09DEL01,30.0,4.6337736972250205,17.431668,78.408321,17.501668,78.478321,18-03-2022,18:15,18:20,Sandstorms,Medium,1,Buffet,scooter,1.0,No,Urban,19,HYD,South India,18
0x9da2,CHENRES010DEL01,23.0,4.7,13.066762,80.251865,13.076762,80.261865,03-03-2022,10:55,11:05,Fog,Low,1,Meal,motorcycle,1.0,No,Urban,12,CHE,South India,10
0x9a4f,MYSRES08DEL02,34.0,4.6,12.297954,76.665169,12.317954,76.685169,30-03-2022,09:30,09:35,Cloudy,Low,0,Meal,motorcycle,1.0,No,Urban,26,MYS,South India,9
0xa67c,BANGRES11DEL01,29.0,4.6,12.934365,77.616155,13.004365,77.686155,06-03-2022,17:25,17:35,Stormy,Medium,2,Meal,scooter,1.0,No,Urban,18,BAN,South India,17
0x2b0f,MYSRES07DEL02,26.0,4.8,12.325461,76.632278,12.345461,76.652278,05-04-2022,09:10,09:25,Windy,Low,1,Meal,scooter,0.0,No,Urban,15,MYS,South India,9
0x882b,CHENRES13DEL03,37.0,4.9,13.027018,80.254791,13.057018,80.284791,05-04-2022,19:10,19:25,Stormy,Jam,2,Buffet,scooter,1.0,No,Urban,31,CHE,South India,19
0x2836,CHENRES18DEL01,34.0,4.9,12.981615,80.231598,13.021615,80.271598,15-03-2022,16:55,17:05,Sandstorms,Medium,0,Drinks,motorcycle,0.0,No,Urban,26,CHE,South India,16
0x57db,COIMBRES14DEL03,23.0,5.0,11.003681,76.975525,11.093681,77.065525,16-03-2022,23:10,23:15,Windy,Low,2,Buffet,electric_scooter,0.0,No,Urban,17,COI,South India,23
0x6983,COIMBRES14DEL02,31.0,4.7,11.003681,76.975525,11.053681,77.025525,11-03-2022,21:50,0.916666667,Stormy,Jam,1,Drinks,scooter,1.0,No,Urban,28,COI,South India,21
0x8bc4,HYDRES09DEL02,35.0,4.6,17.431668,78.408321,17.561668,78.538321,27-03-2022,19:40,19:50,Cloudy,Jam,0,Buffet,motorcycle,0.0,No,Urban,49,HYD,South India,19
0xdb4,HYDRES09DEL01,27.0,4.6,17.431668,78.408321,17.471668,78.448321,26-03-2022,12:30,12:35,Sunny,High,2,Buffet,motorcycle,0.0,No,Urban,19,HYD,South India,12
0x663c,CHENRES16DEL03,34.0,4.9,13.049645,80.242268,13.079645,80.272268,21-03-2022,23:10,23:15,Sunny,Low,1,Snack,scooter,1.0,No,Urban,17,CHE,South India,23
0x396c,CHENRES05DEL01,36.0,4.2,13.058616,80.264151,13.168616,80.374151,31-03-2022,17:50,18:05,Windy,Medium,1,Drinks,scooter,1.0,No,Urban,36,CHE,South India,17
0x1960,BANGRES20DEL02,33.0,4.9,12.972161,77.596014,13.022161,77.646014,21-03-2022,21:10,21:20,Fog,Jam,0,Buffet,motorcycle,1.0,No,Urban,27,BAN,South India,21
0x720e,BANGRES010DEL01,22.0,4.9,12.933298,77.614293,12.973298,77.654293,30-03-2022,12:15,12:25,Windy,High,1,Buffet,motorcycle,1.0,No,Urban,11,BAN,South India,12
0x91a3,CHENRES18DEL01,21.0,4.8,12.981615,80.231598,13.091615,80.341598,18-03-2022,18:45,0.791666667,Windy,Medium,0,Drinks,motorcycle,1.0,No,Urban,29,CHE,South India,18
0x5964,COIMBRES010DEL02,27.0,4.8,11.003008,76.97544,11.083009,77.05544,06-04-2022,17:10,17:20,Sunny,Medium,2,Drinks,electric_scooter,0.0,No,Urban,14,COI,South India,17
0x6890,MYSRES03DEL03,38.0,4.8,12.299524,76.64262,12.389524,76.73262,12-03-2022,23:50,24:05:00,Sandstorms,Low,2,Drinks,motorcycle,0.0,No,Urban,21,MYS,South India,23
0x1fc1,CHENRES20DEL03,25.0,3.1,12.975996,80.221898,13.065996,80.311898,10-03-2022,1,24:05:00,Sunny,Low,1,Drinks,motorcycle,1.0,No,Urban,42,CHE,South India,1
0x3e2c,CHENRES20DEL01,33.0,4.6,12.975996,80.221898,13.015996,80.261898,01-04-2022,14:35,14:40,Sunny,High,1,Meal,motorcycle,1.0,No,Urban,23,CHE,South India,14
0x348b,CHENRES16DEL03,27.0,4.3,13.049645,80.242268,13.079645,80.272268,01-04-2022,22:10,22:15,Stormy,Low,0,Buffet,motorcycle,1.0,No,Urban,24,CHE,South India,22
0x6fa4,COIMBRES15DEL01,23.0,2.7,11.006686,76.951736,11.116686,77.061736,10-03-2022,1,24:10:00,Sunny,Low,2,Drinks,scooter,1.0,No,Urban,37,COI,South India,1
0x7204,COIMBRES03DEL03,25.0,4.6,11.025083,77.015393,11.115083,77.105393,14-03-2022,22:40,22:55,Sandstorms,Low,2,Buffet,motorcycle,1.0,No,Urban,14,COI,South India,22
0x79f2,CHENRES14DEL03,27.0,4.9,13.026279,80.174568,13.056279,80.204568,17-03-2022,17:20,17:25,Sunny,Medium,0,Meal,motorcycle,1.0,No,Urban,20,CHE,South India,17
0x3815,CHENRES08DEL03,23.0,4.6,13.022394,80.242439,13.052394,80.272439,01-03-2022,21:20,21:30,Sunny,Jam,2,Snack,scooter,0.0,No,Urban,17,CHE,South India,21
0x599a,MYSRES11DEL02,24.0,4.8,12.323225,76.630028,12.453225,76.760028,12-03-2022,23:40,23:45,Windy,Low,2,Meal,scooter,0.0,No,Urban,11,MYS,South India,23
0x4218,HYDRES05DEL02,34.0,4.6,17.433809,78.386744,17.453809,78.406744,26-03-2022,08:50,09:05,Cloudy,Low,0,Snack,motorcycle,1.0,No,Urban,26,HYD,South India,8
0x5be4,BANGRES15DEL02,29.0,4.7,12.975377,77.696664,13.105377,77.826664,04-03-2022,23:50,1,Sandstorms,Low,2,Drinks,scooter,1.0,No,Urban,10,BAN,South India,23
0xd396,KOCRES15DEL03,33.0,4.7,10.027364,76.308258,10.087364,76.368258,17-02-2022,22:35,22:50,Fog,Low,2,Meal,motorcycle,0.0,No,Urban,15,KOC,South India,22
0x7bad,COIMBRES14DEL03,33.0,3.6,11.003681,76.975525,11.093681,77.065525,04-04-2022,18:40,18:50,Sandstorms,Medium,2,Buffet,motorcycle,1.0,No,Urban,34,COI,South India,18
0x54ed,CHENRES03DEL02,27.0,4.7,13.091809,80.219104,13.171809,80.299104,18-03-2022,18:15,18:25,Cloudy,Medium,2,Drinks,electric_scooter,1.0,No,Urban,25,CHE,South India,18
0x457f,CHENRES01DEL01,29.0,4.3,13.005801,80.250744,13.015801,80.260744,03-04-2022,10:55,11:05,Stormy,Low,0,Meal,motorcycle,1.0,No,Urban,26,CHE,South India,10
0xa206,COIMBRES06DEL02,34.0,4.7,11.021278,76.995017,11.101278,77.075017,04-03-2022,21:35,21:40,Sunny,Jam,2,Meal,scooter,1.0,No,Urban,19,COI,South India,21
0xbfd7,KOCRES18DEL03,21.0,4.6,9.957144,76.296783,10.017144,76.356783,15-02-2022,17:55,0.75,Cloudy,Medium,2,Meal,scooter,0.0,No,Urban,19,KOC,South India,17
0x9582,CHENRES010DEL01,36.0,4.7,13.066762,80.251865,13.176762,80.361865,04-03-2022,17:45,17:55,Cloudy,Medium,1,Meal,scooter,1.0,No,Urban,39,CHE,South India,17
0xa8aa,CHENRES11DEL01,35.0,4.0,13.064181,80.236442,13.104181,80.276442,05-04-2022,16:30,16:40,Stormy,Medium,1,Buffet,motorcycle,1.0,No,Urban,32,CHE,South India,16
0x247a,BANGRES15DEL02,27.0,4.6,12.975377,77.696664,13.105377,77.826664,27-03-2022,20:45,0.875,Sandstorms,Jam,2,Drinks,electric_scooter,0.0,No,Urban,17,BAN,South India,20
0x1b8b,BANGRES01DEL01,25.0,5.0,12.933284,77.615428,13.003284,77.685428,14-03-2022,23:40,23:45,Fog,Low,0,Meal,motorcycle,1.0,No,Urban,23,BAN,South India,23
0x662e,COIMBRES06DEL02,33.0,4.6,11.021278,76.995017,11.151278,77.125017,08-03-2022,22:55,23:10,Sunny,Low,2,Snack,motorcycle,1.0,No,Urban,20,COI,South India,22
0x31e6,HYDRES01DEL02,29.0,4.5,17.410371,78.437225,17.460371,78.487225,30-03-2022,23:15,23:30,Sunny,Low,0,Snack,motorcycle,,No,Urban,11,HYD,South India,23
0x6fdc,CHENRES17DEL02,25.0,4.6,13.045479,80.23311,13.095479,80.28311,21-03-2022,19:45,0.833333333,Sunny,Jam,2,Meal,electric_scooter,1.0,No,Urban,16,CHE,South India,19
0xc965,KOCRES12DEL01,35.0,3.6,9.988483,76.295211,10.098483,76.405211,12-02-2022,20:15,20:30,Sandstorms,Jam,2,Drinks,scooter,1.0,No,Urban,31,KOC,South India,20
0xf45,BANGRES12DEL01,22.0,4.7,12.939496,77.625999,12.949496,77.635999,05-04-2022,10:35,10:50,Sunny,Low,0,Meal,motorcycle,0.0,No,Urban,11,BAN,South India,10
0x1842,MYSRES06DEL02,29.0,4.7,12.323994,76.626167,12.373994,76.676167,21-03-2022,21:55,22:10,Sandstorms,Jam,1,Meal,motorcycle,1.0,No,Urban,26,MYS,South India,21
0x60e9,BANGRES09DEL01,25.0,4.7,12.934179,77.615797,12.944179,77.625797,13-03-2022,09:35,09:40,Fog,Low,1,Drinks,motorcycle,1.0,No,Urban,11,BAN,South India,9
0x4f49,BANGRES09DEL01,25.0,4.2,12.934179,77.615797,13.004179,77.685797,14-03-2022,20:10,20:15,Cloudy,Jam,1,Buffet,scooter,2.0,No,Urban,43,BAN,South India,20
0x3c2a,BANGRES15DEL03,23.0,5.0,12.975377,77.696664,13.035377,77.756664,11-03-2022,23:50,1,Stormy,Low,1,Meal,motorcycle,1.0,No,Urban,19,BAN,South India,23
0x8897,CHENRES06DEL01,23.0,4.7,13.054347,80.257221,13.064347,80.267221,21-03-2022,09:10,09:20,Cloudy,Low,0,Drinks,motorcycle,1.0,No,Urban,20,CHE,South India,9
0xa825,BANGRES12DEL02,25.0,5.0,12.939496,77.625999,13.019496,77.705999,08-03-2022,23:50,24:05:00,Sunny,Low,2,Meal,electric_scooter,0.0,No,Urban,27,BAN,South India,23
0x9609,BANGRES17DEL01,23.0,4.7,12.972532,77.608179,13.012532,77.648179,09-03-2022,13:30,13:35,Stormy,High,1,Snack,motorcycle,0.0,No,Urban,24,BAN,South India,13
0x5cb4,HYDRES010DEL03,23.0,5.0,17.428294,78.404423,17.488294,78.464423,07-03-2022,17:55,18:05,Fog,Medium,2,Drinks,scooter,1.0,No,Urban,18,HYD,South India,17
0xb5e1,CHENRES17DEL02,37.0,3.7,13.045479,80.23311,13.175479,80.36311,02-03-2022,22:50,23:05,Cloudy,Low,1,Meal,scooter,1.0,No,Urban,31,CHE,South India,22
0x8336,HYDRES20DEL01,36.0,4.7,17.483216,78.552111,17.493216,78.562111,11-03-2022,08:50,09:05,Sunny,Low,0,Meal,motorcycle,1.0,No,Urban,25,HYD,South India,8
0x2188,MYSRES13DEL02,38.0,4.6,12.310972,76.659264,12.390972,76.739264,16-03-2022,22:10,22:20,Stormy,Low,1,Buffet,motorcycle,0.0,No,Urban,18,MYS,South India,22
0xb2d8,BANGRES02DEL03,29.0,4.8,12.970221,77.645396,13.030221,77.705396,24-03-2022,23:40,23:50,Sunny,Low,0,Drinks,motorcycle,0.0,,Urban,10,BAN,South India,23
0xa9eb,CHENRES13DEL02,39.0,3.6,13.027018,80.254791,13.107018,80.334791,02-03-2022,20:45,20:55,Stormy,Jam,1,Snack,scooter,1.0,No,Urban,34,CHE,South India,20
0x1645,MYSRES15DEL01,20.0,4.9,12.352058,76.60665,12.462058,76.71665,12-03-2022,17:10,17:20,Sunny,Medium,2,Buffet,scooter,1.0,No,Urban,18,MYS,South India,17
0x5488,COIMBRES08DEL03,33.0,4.9,11.001852,76.976268,11.091852,77.066268,25-03-2022,22:10,22:20,Sandstorms,Low,1,Buffet,motorcycle,1.0,No,Urban,24,COI,South India,22
0x8381,CHENRES08DEL02,28.0,4.7,13.022394,80.242439,13.102394,80.322439,31-03-2022,22:15,22:30,Windy,Low,0,Snack,motorcycle,0.0,No,Urban,16,CHE,South India,22
0x5282,BANGRES13DEL02,34.0,4.9,12.935662,77.61413,12.955662,77.63413,17-03-2022,10:35,10:45,Windy,Low,1,Meal,scooter,1.0,No,Urban,21,BAN,South India,10
0x892a,COIMBRES08DEL02,25.0,4.9,11.001852,76.976268,11.081852,77.056268,08-03-2022,22:10,22:25,Fog,Low,2,Buffet,electric_scooter,1.0,No,Urban,20,COI,South India,22
0x35ba,COIMBRES02DEL03,22.0,5.0,11.022477,76.995667,11.082477,77.055667,05-03-2022,21:15,21:25,Fog,Jam,2,Buffet,electric_scooter,1.0,No,Urban,21,COI,South India,21
0x4af5,BANGRES15DEL02,39.0,4.8,12.975377,77.696664,13.025377,77.746664,05-03-2022,19:35,19:50,Windy,Jam,1,Snack,motorcycle,0.0,No,Urban,31,BAN,South India,19
0x8664,BANGRES02DEL01,34.0,4.7,12.970221,77.645396,13.080221,77.755396,02-03-2022,19:25,19:30,Fog,Jam,0,Snack,motorcycle,2.0,Yes,Urban,40,BAN,South India,19
0x9355,HYDRES08DEL03,26.0,4.3,17.438263,78.397865,17.498263,78.457865,15-03-2022,20:35,20:45,Sunny,Jam,0,Snack,motorcycle,0.0,No,Urban,48,HYD,South India,20
0x3739,MYSRES06DEL03,21.0,4.7,12.323994,76.626167,12.413994,76.716167,06-03-2022,20:45,20:55,Sandstorms,Jam,1,Buffet,scooter,0.0,No,Urban,15,MYS,South India,20
0x94cf,HYDRES20DEL02,33.0,4.8,17.483216,78.552111,17.533216,78.602111,07-03-2022,22:15,22:30,Sunny,Low,2,Snack,scooter,1.0,No,Urban,17,HYD,South India,22
0x4b9b,BANGRES08DEL01,39.0,4.6,12.906229,77.596791,12.946229,77.636791,01-03-2022,13:50,13:55,Windy,High,2,Snack,scooter,1.0,No,Urban,25,BAN,South India,13
0x3a41,CHENRES15DEL01,36.0,4.4,13.026286,80.275235,13.066286,80.315235,19-03-2022,14:50,0.625,Stormy,High,0,Snack,motorcycle,,No,Urban,37,CHE,South India,14
0x5696,MYSRES11DEL02,27.0,4.7,12.323225,76.630028,12.453225,76.760028,08-03-2022,21:40,21:55,Sandstorms,Jam,1,Buffet,motorcycle,1.0,No,Urban,18,MYS,South India,21
0x67c1,CHENRES07DEL01,21.0,4.6,13.081878,80.248519,13.121878,80.288519,28-03-2022,13:10,13:20,Sandstorms,High,1,Drinks,scooter,0.0,No,Urban,13,CHE,South India,13
0xd5e3,KOCRES19DEL02,26.0,4.3,9.960846,76.293936,9.980846,76.313936,17-02-2022,08:25,08:40,Stormy,Low,0,Drinks,motorcycle,0.0,No,Urban,17,KOC,South India,8
0xc6f,COIMBRES19DEL03,27.0,4.6,11.022298,76.998349,11.112298,77.088349,12-03-2022,22:45,22:50,Sunny,Low,0,Snack,motorcycle,1.0,No,Urban,21,COI,South India,22
0x4563,HYDRES13DEL01,25.0,5.0,17.431477,78.40035,17.471477,78.44035,28-03-2022,12:25,12:30,Stormy,High,1,Snack,scooter,0.0,No,Urban,20,HYD,South India,12
0x2345,HYDRES06DEL03,30.0,4.6337736972250205,17.455894,78.375467,17.545894,78.465467,10-03-2022,21:30,21:45,Fog,Jam,1,Meal,motorcycle,1.0,No,Urban,44,HYD,South India,21
0xc065,KOCRES010DEL01,21.0,4.8,-10.035573,76.336958,10.105573,76.406958,12-02-2022,19:30,19:35,Sunny,Jam,2,Buffet,motorcycle,1.0,No,Urban,23,KOC,South India,19
0xa2cc,COIMBRES15DEL03,22.0,4.9,11.006686,76.951736,11.066686,77.011736,24-03-2022,19:20,19:30,Stormy,Jam,1,Snack,motorcycle,1.0,No,Urban,15,COI,South India,19
0x2128,MYSRES05DEL01,26.0,4.6,12.323978,76.627961,12.333978,76.637961,15-03-2022,10:45,0.458333333,Sandstorms,Low,2,Buffet,scooter,0.0,No,Urban,17,MYS,South India,10
0x3a1b,COIMBRES04DEL01,39.0,4.1,11.024839,77.007003,11.094839,77.077003,08-03-2022,18:25,18:35,Stormy,Medium,0,Snack,motorcycle,0.0,No,Urban,37,COI,South India,18
0x1405,MYSRES01DEL02,38.0,3.6,12.311072,76.654878,12.391072,76.734878,27-03-2022,20:55,0.875,Stormy,Jam,2,Buffet,motorcycle,1.0,No,Urban,31,MYS,South India,20
0xecc,HYDRES07DEL01,30.0,4.9,17.424114,78.347554,17.494114,78.417554,10-03-2022,22:40,22:55,Cloudy,Low,0,Buffet,motorcycle,1.0,No,Urban,39,HYD,South India,22
0x4d8f,COIMBRES02DEL01,32.0,4.8,11.022477,76.995667,11.092477,77.065667,20-03-2022,22:20,22:35,Fog,Low,0,Meal,motorcycle,0.0,No,Urban,40,COI,South India,22
0x6046,MYSRES03DEL02,21.0,4.9,12.299524,76.64262,12.319524,76.66262,03-03-2022,09:40,09:50,Cloudy,Low,0,Meal,motorcycle,,No,Urban,16,MYS,South India,9
0xa50b,HYDRES11DEL03,32.0,4.5,17.430448,78.418213,17.520448,78.508213,04-04-2022,20:35,20:45,Sunny,Jam,2,Snack,motorcycle,1.0,No,Urban,19,HYD,South India,20
0x67f9,CHENRES08DEL02,28.0,4.6,13.022394,80.242439,13.102394,80.322439,02-04-2022,20:45,20:50,Windy,Jam,2,Drinks,scooter,1.0,No,Urban,16,CHE,South India,20
0x367f,COIMBRES07DEL02,23.0,5.0,10.96185,76.971082,11.01185,77.021082,26-03-2022,22:35,22:45,Sunny,Low,2,Meal,scooter,1.0,No,Urban,24,COI,South India,22
0x5542,BANGRES14DEL02,20.0,4.8,12.949934,77.699386,12.969934,77.719386,24-03-2022,09:15,09:25,Cloudy,Low,0,Buffet,motorcycle,0.0,No,Urban,21,BAN,South India,9
0x172f,MYSRES16DEL01,29.0,4.6,12.316967,76.603067,12.356967,76.643067,01-04-2022,15:25,15:40,Sunny,Medium,1,Drinks,motorcycle,0.0,No,Urban,11,MYS,South India,15
0xb5ae,BANGRES16DEL02,34.0,4.6,13.029198,77.570997,13.079198,77.620997,11-03-2022,18:20,18:35,Fog,Medium,2,Meal,motorcycle,0.0,No,Urban,17,BAN,South India,18
0x378a,MYSRES20DEL02,24.0,4.3,12.337978,76.616792,12.357978,76.636792,07-03-2022,10:15,10:30,Sandstorms,Low,0,Meal,motorcycle,1.0,No,Urban,22,MYS,South India,10
0x35c4,BANGRES13DEL01,30.0,4.5,12.935662,77.61413,12.945662,77.62413,09-03-2022,11:20,11:25,Cloudy,High,0,Meal,motorcycle,1.0,No,Urban,29,BAN,South India,11
0x3d16,BANGRES08DEL02,27.0,4.6,12.906229,77.596791,12.956229,77.646791,07-03-2022,22:40,22:45,Windy,Low,2,Drinks,electric_scooter,1.0,No,Urban,19,BAN,South India,22
0xac49,CHENRES03DEL02,30.0,5.0,13.091809,80.219104,13.221809,80.349104,16-03-2022,23:10,23:25,Sandstorms,Low,2,Buffet,scooter,1.0,No,Urban,28,CHE,South India,23
0x95c6,COIMBRES03DEL03,32.0,4.6,11.025083,77.015393,11.055083,77.045393,01-03-2022,18:55,19:10,Sandstorms,Medium,0,Drinks,motorcycle,1.0,No,Urban,27,COI,South India,18
0x5d4f,HYDRES19DEL01,24.0,4.3,17.458998,78.500366,17.528998,78.570366,04-04-2022,20:50,0.875,Fog,Jam,1,Buffet,scooter,0.0,No,Urban,33,HYD,South India,20
0x9132,MYSRES04DEL03,24.0,5.0,12.3085,76.665808,12.3685,76.725808,03-03-2022,21:20,21:35,Windy,Jam,0,Snack,motorcycle,,No,Urban,17,MYS,South India,21
0xa287,MYSRES14DEL03,31.0,5.0,0.0,0.0,0.06,0.06,07-03-2022,19:40,19:55,Cloudy,Jam,1,Drinks,motorcycle,2.0,No,Urban,35,MYS,South India,19
0x4e19,HYDRES11DEL02,37.0,4.8,17.430448,78.418213,17.480448,78.468213,19-03-2022,20:50,21:05,Sunny,Jam,1,Drinks,scooter,0.0,No,Urban,18,HYD,South India,20
0x37bf,HYDRES04DEL02,26.0,4.7,17.411028,78.329645,17.461028,78.379645,30-03-2022,23:40,23:50,Sunny,Low,0,Buffet,motorcycle,1.0,No,Urban,16,HYD,South India,23
0x33d4,COIMBRES19DEL03,30.0,4.3,11.022298,76.998349,11.052298,77.028349,24-03-2022,23:20,23:30,Sandstorms,Low,0,Buffet,motorcycle,1.0,No,Urban,29,COI,South India,23
0x70dd,COIMBRES08DEL02,32.0,4.3,11.001852,76.976268,11.051852,77.026268,05-04-2022,22:20,22:25,Windy,Low,0,Buffet,motorcycle,1.0,No,Urban,25,COI,South India,22
0x6ba9,MYSRES12DEL01,38.0,4.7,12.284747,76.625861,12.324747,76.665861,01-04-2022,13:35,13:40,Stormy,High,2,Meal,scooter,1.0,No,Urban,26,MYS,South India,13
0x54b7,HYDRES01DEL03,28.0,4.6,17.410371,78.437225,17.440371,78.467225,21-03-2022,22:10,22:15,Sandstorms,Low,2,Buffet,scooter,0.0,No,Urban,10,HYD,South India,22
0x5c9c,HYDRES02DEL02,20.0,4.5,17.41233,78.449654,17.49233,78.529654,10-03-2022,18:50,0.791666667,Cloudy,Medium,0,Meal,motorcycle,1.0,No,Urban,38,HYD,South India,18
0xa996,MYSRES02DEL01,20.0,5.0,12.304569,76.643622,12.344569,76.683622,09-03-2022,14:35,14:45,Stormy,High,2,Buffet,electric_scooter,1.0,No,Urban,24,MYS,South India,14
0x6d25,BANGRES12DEL03,31.0,4.7,12.939496,77.625999,12.999496,77.685999,03-04-2022,18:45,18:50,Cloudy,Medium,1,Snack,scooter,1.0,No,Urban,17,BAN,South India,18
0x200a,MYSRES010DEL02,26.0,4.9,12.321214,76.621094,12.451214,76.751094,10-03-2022,22:55,23:05,Windy,Low,1,Drinks,motorcycle,1.0,No,Urban,13,MYS,South India,22
0x8bd6,MYSRES14DEL02,23.0,4.5,0.0,0.0,0.13,0.13,29-03-2022,20:30,20:45,Sandstorms,Jam,2,Snack,electric_scooter,0.0,No,Urban,25,MYS,South India,20
0x62d8,CHENRES14DEL02,39.0,4.6,13.026279,80.174568,13.076279,80.224568,05-04-2022,22:35,22:40,Fog,Low,0,Meal,motorcycle,,No,Urban,25,CHE,South India,22
0x8fdf,HYDRES02DEL02,37.0,4.1,17.41233,78.449654,17.43233,78.469654,11-03-2022,11:35,11:45,Cloudy,High,2,Buffet,electric_scooter,1.0,No,Urban,36,HYD,South India,11
0x4e47,CHENRES09DEL03,26.0,4.9,13.044694,80.26147,13.104694,80.32147,11-03-2022,20:10,20:15,Sunny,Jam,1,Snack,motorcycle,1.0,No,Urban,18,CHE,South India,20
0x1814,COIMBRES14DEL01,20.0,5.0,11.003681,76.975525,11.073681,77.045525,10-03-2022,18:10,18:15,Sunny,Medium,1,Drinks,scooter,0.0,No,Urban,11,COI,South India,18
0xa292,BANGRES13DEL01,38.0,4.3,12.935662,77.61413,13.005662,77.68413,06-03-2022,19:50,20:05,Stormy,Jam,0,Drinks,motorcycle,1.0,No,Urban,36,BAN,South India,19
0x58f1,BANGRES07DEL03,28.0,4.8,12.978453,77.643685,13.008453,77.673685,01-03-2022,21:45,0.916666667,Sandstorms,Jam,1,Drinks,scooter,1.0,No,Urban,15,BAN,South India,21
0x325b,COIMBRES02DEL01,24.0,4.5,11.022477,76.995667,11.062477,77.035667,19-03-2022,14:30,14:35,Stormy,High,2,Meal,electric_scooter,0.0,No,Urban,28,COI,South India,14
0xc8ad,KOCRES06DEL03,26.0,4.6,9.982834,76.283268,10.042834,76.343268,11-02-2022,20:50,0.875,Stormy,Jam,1,Buffet,motorcycle,0.0,No,Urban,21,KOC,South India,20
0x3612,BANGRES06DEL01,28.0,4.7,12.979096,77.640625,13.019096,77.680625,03-03-2022,15:35,15:40,Sunny,Medium,2,Snack,electric_scooter,1.0,No,Urban,15,BAN,South India,15
0xb6b1,COIMBRES04DEL01,30.0,5.0,11.024839,77.007003,11.064839,77.047003,01-03-2022,13:55,0.583333333,Sunny,High,0,Snack,motorcycle,0.0,No,Urban,21,COI,South India,13
0x741f,CHENRES03DEL03,23.0,4.9,13.091809,80.219104,13.151809,80.279104,13-03-2022,17:55,18:10,Stormy,Medium,0,Snack,motorcycle,0.0,No,Urban,12,CHE,South India,17
0xbc4e,COIMBRES20DEL03,36.0,4.3,10.994136,76.963303,11.024136,76.993303,05-04-2022,23:35,23:50,Stormy,Low,0,Drinks,motorcycle,1.0,No,Urban,26,COI,South India,23
0x8922,MYSRES07DEL02,39.0,4.9,12.325461,76.632278,12.405461,76.712278,20-03-2022,21:20,21:30,Sandstorms,Jam,0,Drinks,motorcycle,1.0,No,Urban,36,MYS,South India,21
0x87fc,CHENRES15DEL01,24.0,4.5,13.026286,80.275235,13.036286,80.285235,15-03-2022,11:30,11:45,Sunny,High,2,Snack,electric_scooter,0.0,No,Urban,10,CHE,South India,11
0x7c29,BANGRES01DEL02,34.0,4.7,12.933284,77.615428,13.013284,77.695428,20-03-2022,20:40,20:45,Windy,Jam,0,Buffet,motorcycle,1.0,No,Urban,50,BAN,South India,20
0x7d33,COIMBRES11DEL01,34.0,4.4,11.001753,76.986241,11.011753,76.996241,17-03-2022,10:35,10:50,Stormy,Low,0,Buffet,motorcycle,0.0,No,Urban,22,COI,South India,10
0x28c2,CHENRES20DEL03,23.0,4.8,12.975996,80.221898,13.035996,80.281898,19-03-2022,18:35,18:40,Fog,Medium,0,Buffet,motorcycle,1.0,No,Urban,29,CHE,South India,18
0x5c4d,HYDRES07DEL01,21.0,4.8,17.424114,78.347554,17.534114,78.457554,25-03-2022,17:35,17:45,Sunny,Medium,1,Drinks,scooter,1.0,No,Urban,12,HYD,South India,17
0xa4d1,HYDRES02DEL02,24.0,4.6,17.41233,78.449654,17.43233,78.469654,15-03-2022,09:20,09:35,Cloudy,Low,2,Buffet,scooter,1.0,No,Urban,11,HYD,South India,9
0x250d,BANGRES14DEL02,28.0,4.5,12.949934,77.699386,12.999934,77.749386,01-03-2022,21:10,21:15,Sunny,Jam,1,Snack,scooter,0.0,No,Urban,19,BAN,South India,21
0x4513,BANGRES19DEL03,22.0,3.6,12.914264,77.6784,12.974264,77.7384,15-03-2022,19:15,19:30,Sunny,Jam,0,Buffet,motorcycle,1.0,No,Urban,40,BAN,South India,19
0x7cea,BANGRES08DEL03,32.0,5.0,12.906229,77.596791,12.996229,77.686791,04-04-2022,17:50,17:55,Sandstorms,Medium,0,Snack,motorcycle,0.0,No,Urban,32,BAN,South India,17
0x6b99,COIMBRES04DEL03,27.0,5.0,11.024839,77.007003,11.084839,77.067003,15-03-2022,20:30,20:35,Sunny,Jam,1,Snack,scooter,0.0,No,Urban,12,COI,South India,20
0x1fa2,MYSRES13DEL02,28.0,4.9,12.310972,76.659264,12.390972,76.739264,23-03-2022,17:10,17:25,Sunny,Medium,2,Snack,scooter,1.0,No,Urban,11,MYS,South India,17
0x1000,HYDRES03DEL02,30.0,5.0,17.422819,78.449578,17.502819,78.529578,06-03-2022,22:55,23:10,Sunny,Low,1,Snack,scooter,1.0,No,Urban,24,HYD,South India,22
0x47c4,CHENRES13DEL02,29.0,4.7,13.027018,80.254791,13.047018,80.274791,05-04-2022,11:40,11:50,Fog,High,0,Meal,motorcycle,1.0,No,Urban,29,CHE,South India,11
0x5bfa,CHENRES03DEL02,24.0,4.9,13.091809,80.219104,13.111809,80.239104,01-03-2022,10:55,0.458333333,Windy,Low,1,Meal,scooter,0.0,No,Urban,10,CHE,South India,10
0x2145,CHENRES09DEL02,30.0,4.9,13.044694,80.26147,13.094694,80.31147,24-03-2022,23:50,1,Sunny,Low,1,Snack,motorcycle,0.0,No,Urban,12,CHE,South India,23
0x2809,COIMBRES11DEL03,36.0,4.5,11.001753,76.986241,11.061753,77.046241,30-03-2022,18:40,18:50,Windy,Medium,0,Snack,motorcycle,1.0,No,Urban,25,COI,South India,18
0x398a,BANGRES03DEL01,25.0,4.7,12.979166,77.640709,13.089166,77.750709,14-03-2022,19:25,19:30,Sandstorms,Jam,2,Meal,electric_scooter,0.0,No,Urban,15,BAN,South India,19
0xb804,BANGRES11DEL01,22.0,5.0,12.934365,77.616155,12.974365,77.656155,15-03-2022,14:20,14:25,Windy,High,2,Meal,electric_scooter,0.0,No,Urban,10,BAN,South India,14
0x7fd2,BANGRES07DEL01,33.0,4.6,12.978453,77.643685,12.988453,77.653685,11-03-2022,08:55,09:05,Cloudy,Low,1,Snack,motorcycle,0.0,No,Urban,15,BAN,South India,8
0x60ea,HYDRES16DEL01,31.0,5.0,17.440827,78.393391,17.510827,78.463391,14-03-2022,18:55,19:10,Windy,Medium,2,Snack,scooter,1.0,No,Urban,26,HYD,South India,18
0x99a7,BANGRES19DEL01,23.0,4.8,12.914264,77.6784,12.924264,77.6884,07-03-2022,10:20,10:35,Stormy,Low,2,Buffet,scooter,0.0,No,Urban,13,BAN,South India,10
0x1038,MYSRES13DEL03,25.0,4.6,12.310972,76.659264,12.400972,76.749264,25-03-2022,22:45,22:50,Sunny,Low,0,Snack,motorcycle,1.0,No,Urban,21,MYS,South India,22
0x8ee2,HYDRES11DEL01,21.0,4.8,17.430448,78.418213,17.440448,78.428213,11-03-2022,09:30,09:45,Fog,Low,1,Snack,scooter,0.0,No,Urban,13,HYD,South India,9
0x8761,HYDRES15DEL01,28.0,4.2,17.45971,78.368855,17.52971,78.438855,20-03-2022,19:30,19:45,Windy,Jam,0,Snack,motorcycle,1.0,No,Urban,38,HYD,South India,19
0xbde,HYDRES14DEL01,30.0,4.6337736972250205,17.426228,78.407495,17.466228,78.447495,26-03-2022,13:55,0.583333333,Cloudy,High,2,Meal,motorcycle,1.0,No,Urban,24,HYD,South India,13
0x14cb,MYSRES01DEL02,31.0,4.6,12.311072,76.654878,12.361072,76.704878,05-03-2022,1,24:15:00,Stormy,Low,2,Drinks,scooter,1.0,No,Urban,29,MYS,South India,1
0x3b9e,COIMBRES12DEL02,22.0,4.7,11.000762,76.981876,11.130762,77.111876,16-03-2022,17:45,17:55,Windy,Medium,0,Drinks,motorcycle,1.0,No,Urban,27,COI,South India,17
0x923a,COIMBRES12DEL02,26.0,5.0,11.000762,76.981876,11.130762,77.111876,27-03-2022,23:35,23:40,Cloudy,Low,1,Snack,scooter,1.0,No,Urban,21,COI,South India,23
0x639d,BANGRES20DEL02,25.0,3.4,12.972161,77.596014,13.052161,77.676014,02-03-2022,22:55,0.958333333,Sunny,Low,2,Meal,scooter,1.0,No,Urban,34,BAN,South India,22
0x38a3,MYSRES18DEL02,25.0,4.6,12.337928,76.617889,12.357928,76.637889,03-04-2022,08:15,08:25,Windy,Low,1,Meal,motorcycle,1.0,No,Urban,15,MYS,South India,8
0x409f,HYDRES04DEL01,35.0,4.8,17.411028,78.329645,17.451028,78.369645,05-04-2022,15:40,15:55,Stormy,Medium,1,Snack,motorcycle,0.0,No,Urban,28,HYD,South India,15
0x61af,BANGRES06DEL01,39.0,4.2,12.979096,77.640625,12.989096,77.650625,07-03-2022,09:10,09:15,Sandstorms,Low,0,Buffet,motorcycle,1.0,No,Urban,23,BAN,South India,9
0xcceb,KOCRES02DEL01,26.0,4.7,10.028047,76.310019,10.138047,76.420019,14-02-2022,23:20,23:25,Cloudy,Low,0,Snack,motorcycle,0.0,No,Urban,21,KOC,South India,23
0x5a51,BANGRES09DEL03,35.0,4.8,12.934179,77.615797,12.964179,77.645797,01-04-2022,18:45,0.791666667,Cloudy,Medium,1,Snack,motorcycle,0.0,No,Urban,19,BAN,South India,18
0x9a14,CHENRES20DEL02,39.0,4.6,12.975996,80.221898,13.025996,80.271898,26-03-2022,20:50,0.875,Sandstorms,Jam,1,Buffet,motorcycle,0.0,No,Urban,27,CHE,South India,20
0x62d6,HYDRES08DEL01,30.0,4.5,17.438263,78.397865,17.448263,78.407865,11-03-2022,10:30,10:35,Cloudy,Low,2,Meal,scooter,1.0,No,Urban,17,HYD,South India,10
0x6ebd,CHENRES03DEL02,22.0,4.9,13.091809,80.219104,13.141809,80.269104,17-03-2022,17:40,17:45,Fog,Medium,1,Drinks,scooter,0.0,No,Urban,12,CHE,South India,17
0x2a25,MYSRES17DEL02,28.0,5.0,12.326356,76.619103,12.376356,76.669103,05-04-2022,21:55,22:10,Cloudy,Jam,0,Snack,motorcycle,0.0,No,Urban,20,MYS,South India,21
0xbcc6,MYSRES15DEL03,32.0,4.6,12.352058,76.60665,12.412058,76.66665,01-03-2022,21:20,21:25,Fog,Jam,0,Drinks,motorcycle,1.0,No,Urban,27,MYS,South India,21
0x23b7,BANGRES18DEL03,38.0,4.9,12.913041,77.683237,12.973041,77.743237,05-03-2022,23:40,23:55,Sandstorms,Low,2,Meal,motorcycle,1.0,No,Urban,26,BAN,South India,23
0x8bfe,MYSRES17DEL01,33.0,4.9,12.326356,76.619103,12.336356,76.629103,17-03-2022,09:25,09:35,Fog,Low,2,Meal,motorcycle,0.0,No,Urban,16,MYS,South India,9
0xa769,HYDRES06DEL03,34.0,4.8,17.455894,78.375467,17.485894,78.405467,24-03-2022,22:50,23:05,Stormy,Low,1,Drinks,motorcycle,1.0,No,Urban,28,HYD,South India,22
0x3414,MYSRES19DEL03,23.0,4.7,12.334022,76.618203,12.424022,76.708203,20-03-2022,23:30,23:40,Stormy,Low,1,Meal,motorcycle,1.0,No,Urban,16,MYS,South India,23
0x86f0,CHENRES01DEL01,22.0,4.9,13.005801,80.250744,13.045801,80.290744,03-04-2022,16:15,16:30,Fog,Medium,1,Buffet,scooter,1.0,No,Urban,19,CHE,South India,16
0x9f64,MYSRES12DEL03,21.0,4.6,12.284747,76.625861,12.344747,76.685861,21-03-2022,17:25,17:40,Sunny,Medium,0,Buffet,motorcycle,0.0,No,Urban,16,MYS,South India,17
0x6142,CHENRES19DEL03,31.0,4.8,12.986047,80.218114,13.046047,80.278114,15-03-2022,22:25,22:35,Windy,Low,2,Meal,scooter,1.0,No,Urban,21,CHE,South India,22
0xb320,BANGRES16DEL02,24.0,4.8,13.029198,77.570997,13.049198,77.590997,15-03-2022,09:10,09:20,Sunny,Low,0,Meal,motorcycle,1.0,No,Urban,15,BAN,South India,9
0xae24,CHENRES13DEL01,30.0,4.8,13.027018,80.254791,13.067018,80.294791,11-03-2022,12:55,13:05,Fog,High,0,Meal,motorcycle,1.0,No,Urban,28,CHE,South India,12
0x15b2,HYDRES16DEL01,25.0,4.6,17.440827,78.393391,17.550827,78.503391,10-03-2022,19:35,19:40,Sandstorms,Jam,2,Snack,scooter,1.0,No,Urban,23,HYD,South India,19
0x7ad,CHENRES13DEL01,29.0,4.6,13.027018,80.254791,13.137018,80.364791,31-03-2022,17:20,17:25,Sunny,Medium,0,Drinks,motorcycle,0.0,No,Urban,25,CHE,South India,17
0x5a8f,BANGRES16DEL03,27.0,4.5,13.029198,77.570997,13.119198,77.660997,14-03-2022,19:45,19:50,Windy,Jam,2,Meal,scooter,1.0,No,Urban,15,BAN,South India,19
0x87da,MYSRES06DEL01,22.0,4.7,12.323994,76.626167,12.333994,76.636167,30-03-2022,08:35,08:45,Cloudy,Low,1,Buffet,motorcycle,0.0,No,Urban,11,MYS,South India,8
0x6832,MYSRES20DEL03,32.0,3.9,12.337978,76.616792,12.427978,76.706792,18-03-2022,20:40,20:45,Stormy,Jam,1,Drinks,motorcycle,1.0,No,Urban,31,MYS,South India,20
0xb106,MYSRES20DEL03,30.0,4.6,12.337978,76.616792,12.397978,76.676792,24-03-2022,17:55,0.75,Stormy,Medium,1,Snack,scooter,0.0,No,Urban,25,MYS,South India,17
0xb85f,BANGRES18DEL02,21.0,5.0,12.913041,77.683237,12.933041,77.703237,03-04-2022,09:55,10:05,Fog,Low,1,Buffet,motorcycle,0.0,No,Urban,13,BAN,South India,9
0xb864,MYSRES09DEL01,21.0,5.0,12.323194,76.630583,12.433194,76.740583,14-03-2022,20:15,20:25,Cloudy,Jam,0,Drinks,motorcycle,1.0,No,Urban,45,MYS,South India,20
0x1f32,BANGRES04DEL02,29.0,4.9,12.98041,77.640489,13.00041,77.660489,13-03-2022,09:35,09:45,Windy,Low,1,Meal,scooter,0.0,No,Urban,16,BAN,South India,9
0x359b,HYDRES010DEL03,37.0,4.1,17.428294,78.404423,17.458294,78.434423,19-03-2022,18:55,19:05,Sandstorms,Medium,1,Buffet,motorcycle,0.0,No,Urban,32,HYD,South India,18
0x2ac0,CHENRES13DEL01,31.0,4.8,13.027018,80.254791,13.137018,80.364791,10-03-2022,21:15,21:30,Fog,Jam,1,Snack,scooter,1.0,No,Urban,38,CHE,South India,21
0x142b,COIMBRES03DEL01,39.0,4.7,11.025083,77.015393,11.095083,77.085393,25-03-2022,17:10,17:20,Fog,Medium,0,Meal,motorcycle,1.0,No,Urban,40,COI,South India,17
0xd6ad,KOCRES02DEL01,25.0,4.6,10.028047,76.310019,10.038047,76.320019,13-02-2022,08:45,08:55,Cloudy,Low,1,Buffet,scooter,0.0,No,Urban,12,KOC,South India,8
0xbfb0,KOCRES20DEL02,34.0,4.9,9.979186,76.317361,10.029186,76.367361,17-02-2022,18:10,18:20,Fog,Medium,2,Buffet,electric_scooter,0.0,No,Urban,15,KOC,South India,18
0x77ea,MYSRES13DEL02,33.0,4.9,12.310972,76.659264,12.330972,76.679264,17-03-2022,11:55,12:05,Sunny,High,1,Buffet,motorcycle,1.0,No,Urban,16,MYS,South India,11
0xa837,HYDRES08DEL02,30.0,4.7,17.438263,78.397865,17.488263,78.447865,26-03-2022,22:15,22:25,Sandstorms,Low,2,Buffet,scooter,1.0,No,Urban,20,HYD,South India,22
0x30dc,HYDRES19DEL01,23.0,4.6,17.458998,78.500366,17.498998,78.540366,03-03-2022,15:25,15:30,Cloudy,Medium,2,Meal,electric_scooter,0.0,No,Urban,11,HYD,South India,15
0xa95d,BANGRES09DEL01,21.0,4.7,12.934179,77.615797,13.044179,77.725797,23-03-2022,20:30,20:40,Stormy,Jam,2,Meal,electric_scooter,0.0,No,Urban,21,BAN,South India,20
0x6c41,MYSRES05DEL02,22.0,5.0,12.323978,76.627961,12.403978,76.707961,12-03-2022,23:55,24:10:00,Cloudy,Low,2,Buffet,electric_scooter,1.0,No,Urban,29,MYS,South India,23
0x2383,HYDRES04DEL03,30.0,5.0,17.411028,78.329645,17.471028,78.389645,05-04-2022,19:50,19:55,Cloudy,Jam,2,Meal,scooter,1.0,No,Urban,32,HYD,South India,19
0x8d87,HYDRES12DEL02,26.0,4.6,17.429585,78.392621,17.449585,78.412621,01-04-2022,09:30,09:40,Fog,Low,2,Drinks,electric_scooter,1.0,No,Urban,12,HYD,South India,9
0x6bdb,MYSRES06DEL01,26.0,4.5,12.323994,76.626167,12.433994,76.736167,02-04-2022,17:55,0.75,Sunny,Medium,1,Meal,scooter,1.0,No,Urban,15,MYS,South India,17
0x3c0f,CHENRES18DEL01,34.0,4.1,12.981615,80.231598,13.021615,80.271598,09-03-2022,16:25,16:30,Windy,Medium,1,Meal,motorcycle,1.0,No,Urban,33,CHE,South India,16
0x6241,CHENRES08DEL02,32.0,4.3,13.022394,80.242439,13.042394,80.262439,03-03-2022,08:20,08:30,Stormy,Low,0,Snack,motorcycle,1.0,No,Urban,20,CHE,South India,8
0x2494,BANGRES17DEL01,22.0,4.3,12.972532,77.608179,13.082532,77.718179,14-03-2022,20:50,0.875,Windy,Jam,0,Snack,motorcycle,0.0,No,Urban,31,BAN,South India,20
0x57d2,BANGRES03DEL02,31.0,5.0,12.979166,77.640709,13.109166,77.770709,04-03-2022,23:55,1,Stormy,Low,1,Drinks,motorcycle,1.0,No,Urban,22,BAN,South India,23
0xcc07,KOCRES11DEL02,24.0,4.9,10.006881,76.345397,10.086881,76.425397,16-02-2022,18:55,19:05,Sunny,Medium,0,Buffet,motorcycle,1.0,No,Urban,20,KOC,South India,18
0x47c3,HYDRES14DEL03,20.0,4.4,17.426228,78.407495,17.486228,78.467495,13-03-2022,23:40,23:55,Windy,Low,0,Drinks,motorcycle,1.0,No,Urban,28,HYD,South India,23
0x9512,HYDRES09DEL02,21.0,4.5,17.431668,78.408321,17.451668,78.428321,17-03-2022,11:55,12:10,Stormy,High,2,Drinks,motorcycle,0.0,No,Urban,14,HYD,South India,11
0xc1b,BANGRES04DEL01,27.0,4.6,12.98041,77.640489,12.99041,77.650489,11-03-2022,11:15,11:25,Sunny,High,2,Snack,electric_scooter,0.0,No,Urban,16,BAN,South India,11
0x61d8,COIMBRES18DEL01,38.0,4.6,11.02091,76.940432,11.13091,77.050432,06-04-2022,21:20,21:30,Windy,Jam,0,Buffet,motorcycle,2.0,Yes,Urban,45,COI,South India,21
0x6ebf,COIMBRES09DEL03,22.0,4.5,11.008638,76.984311,11.098638,77.074311,02-04-2022,22:40,22:45,Stormy,Low,1,Snack,motorcycle,0.0,No,Urban,15,COI,South India,22
0x38e7,MYSRES16DEL01,25.0,4.8,12.316967,76.603067,12.426967,76.713067,31-03-2022,20:35,20:40,Sunny,Jam,0,Drinks,motorcycle,0.0,No,Urban,16,MYS,South India,20
0xb6c7,BANGRES02DEL02,34.0,4.8,12.970221,77.645396,13.050221,77.725396,14-03-2022,19:30,19:35,Stormy,Jam,0,Snack,motorcycle,1.0,No,Urban,38,BAN,South India,19
0x55d2,COIMBRES18DEL01,38.0,4.4,11.02091,76.940432,11.03091,76.950432,21-03-2022,08:10,08:25,Windy,Low,0,Drinks,motorcycle,0.0,No,Urban,23,COI,South India,8
0x5614,CHENRES04DEL03,23.0,4.8,13.02978,80.208812,13.05978,80.238812,21-03-2022,20:55,21:05,Sandstorms,Jam,0,Meal,motorcycle,0.0,No,Urban,16,CHE,South India,20
0xa0eb,BANGRES05DEL01,22.0,4.8,12.970324,77.645748,12.980324,77.655748,09-03-2022,10:30,10:35,Stormy,Low,1,Buffet,motorcycle,1.0,,Urban,14,BAN,South India,10
0x97cb,BANGRES07DEL02,32.0,4.5,12.978453,77.643685,12.998453,77.663685,03-04-2022,09:10,09:15,Sandstorms,Low,0,Buffet,motorcycle,1.0,No,Urban,27,BAN,South India,9
0xd7f,HYDRES19DEL03,35.0,4.9,17.458998,78.500366,17.488998,78.530366,28-03-2022,18:10,18:20,Sunny,Medium,0,Meal,motorcycle,1.0,No,Urban,23,HYD,South India,18
0x1be9,COIMBRES06DEL03,22.0,4.7,11.021278,76.995017,11.051278,77.025017,24-03-2022,20:30,20:45,Sandstorms,Jam,1,Snack,scooter,,No,Urban,21,COI,South India,20
0x95c4,COIMBRES16DEL01,35.0,4.4,11.010375,76.95295,11.020375,76.96295,28-03-2022,11:25,11:30,Stormy,High,2,Meal,scooter,2.0,No,Urban,33,COI,South India,11
0x82a6,CHENRES15DEL02,32.0,5.0,13.026286,80.275235,13.106286,80.355235,31-03-2022,17:20,17:25,Cloudy,Medium,2,Meal,electric_scooter,1.0,No,Urban,38,CHE,South India,17
0x7889,HYDRES06DEL01,38.0,4.0,17.455894,78.375467,17.565894,78.485467,10-03-2022,21:20,21:30,Windy,Jam,0,Snack,motorcycle,1.0,No,Urban,43,HYD,South India,21
0xb251,CHENRES010DEL01,25.0,4.9,13.066762,80.251865,13.136762,80.321865,14-03-2022,21:55,22:10,Cloudy,Jam,1,Drinks,motorcycle,1.0,No,Urban,43,CHE,South India,21
0x7dcb,MYSRES18DEL03,38.0,4.7,12.337928,76.617889,12.397928,76.677889,26-03-2022,23:25,23:40,Fog,Low,1,Snack,motorcycle,1.0,No,Urban,17,MYS,South India,23
0xa44f,CHENRES09DEL03,26.0,4.8,13.044694,80.26147,13.134694,80.35147,16-03-2022,18:50,18:55,Stormy,Medium,1,Buffet,motorcycle,1.0,No,Urban,23,CHE,South India,18
0x6019,CHENRES18DEL02,26.0,4.8,12.981615,80.231598,13.061615,80.311598,31-03-2022,17:55,18:05,Cloudy,Medium,2,Meal,motorcycle,1.0,No,Urban,26,CHE,South India,17
0x2c2d,MYSRES02DEL02,38.0,4.9,12.304569,76.643622,12.324569,76.663622,19-03-2022,09:40,09:50,Sunny,Low,0,Drinks,motorcycle,1.0,No,Urban,23,MYS,South India,9
0x4ee5,MYSRES20DEL01,36.0,4.7,12.337978,76.616792,12.407978,76.686792,31-03-2022,23:20,23:35,Sunny,Low,0,Drinks,motorcycle,1.0,No,Urban,27,MYS,South India,23
0x4f60,HYDRES15DEL02,29.0,4.8,17.45971,78.368855,17.47971,78.388855,03-04-2022,10:55,11:05,Cloudy,Low,1,Meal,scooter,1.0,No,Urban,19,HYD,South India,10
0x95b0,CHENRES02DEL01,37.0,4.7,13.086438,80.220672,13.096438,80.230672,01-04-2022,10:50,11:05,Cloudy,Low,0,Buffet,motorcycle,1.0,No,Urban,26,CHE,South India,10
0x5918,MYSRES09DEL01,29.0,4.8,12.323194,76.630583,12.433194,76.740583,27-03-2022,18:35,18:45,Windy,Medium,1,Drinks,motorcycle,1.0,No,Urban,25,MYS,South India,18
0xad85,BANGRES08DEL03,24.0,5.0,12.906229,77.596791,12.936229,77.626791,03-03-2022,17:20,17:25,Sandstorms,Medium,0,Meal,motorcycle,0.0,,Urban,10,BAN,South India,17
0x9316,COIMBRES15DEL02,26.0,4.7,11.006686,76.951736,11.026686,76.971736,11-03-2022,08:40,08:50,Sunny,Low,0,Buffet,motorcycle,1.0,No,Urban,14,COI,South India,8
0x38b0,MYSRES14DEL02,27.0,4.5,0.0,0.0,0.13,0.13,02-03-2022,19:25,19:30,Windy,Jam,0,Drinks,motorcycle,1.0,No,Urban,28,MYS,South India,19
0x304d,MYSRES18DEL02,20.0,4.9,12.337928,76.617889,12.467928,76.747889,02-04-2022,17:50,18:05,Cloudy,Medium,0,Snack,motorcycle,1.0,No,Urban,30,MYS,South India,17
0x557b,CHENRES03DEL01,27.0,4.2,13.091809,80.219104,13.101809,80.229104,01-03-2022,09:30,09:35,Sandstorms,Low,0,Snack,motorcycle,0.0,No,Urban,29,CHE,South India,9
0x671f,HYDRES04DEL02,24.0,4.5,17.411028,78.329645,17.491028,78.409645,16-03-2022,20:30,20:35,Sunny,Jam,1,Drinks,motorcycle,1.0,No,Urban,24,HYD,South India,20
0x4dd8,MYSRES09DEL01,20.0,4.6,12.323194,76.630583,12.363194,76.670583,30-03-2022,12:20,12:25,Windy,High,1,Snack,scooter,0.0,No,Urban,12,MYS,South India,12
0x60fa,HYDRES16DEL01,28.0,4.0,17.440827,78.393391,17.510827,78.463391,04-03-2022,21:25,21:40,Cloudy,Jam,1,Buffet,scooter,1.0,No,Urban,31,HYD,South India,21
0xc79,MYSRES04DEL03,33.0,4.6,12.3085,76.665808,12.3385,76.695808,01-03-2022,22:15,22:25,Windy,Low,1,Meal,scooter,1.0,No,Urban,24,MYS,South India,22
0x45c6,BANGRES02DEL03,22.0,4.7,12.970221,77.645396,13.030221,77.705396,13-03-2022,19:45,19:50,Windy,Jam,2,Snack,scooter,1.0,No,Urban,10,BAN,South India,19
0x6693,COIMBRES07DEL01,27.0,4.4,10.96185,76.971082,11.03185,77.041082,18-03-2022,19:50,0.833333333,Cloudy,Jam,2,Buffet,electric_scooter,1.0,No,Urban,40,COI,South India,19
0xb7c,MYSRES06DEL03,34.0,4.5,12.323994,76.626167,12.413994,76.716167,18-03-2022,18:10,18:25,Stormy,Medium,2,Drinks,scooter,1.0,No,Urban,36,MYS,South India,18
0x72d0,COIMBRES18DEL02,28.0,4.9,11.02091,76.940432,11.04091,76.960432,11-03-2022,10:45,10:55,Sandstorms,Low,2,Meal,motorcycle,0.0,No,Urban,12,COI,South India,10
0x3246,BANGRES11DEL02,36.0,4.5,12.934365,77.616155,12.954365,77.636155,13-03-2022,09:20,09:35,Fog,Low,0,Snack,motorcycle,1.0,No,Urban,26,BAN,South India,9
0x80f,MYSRES07DEL02,36.0,4.3,12.325461,76.632278,12.345461,76.652278,30-03-2022,09:50,10:05,Sandstorms,Low,0,Drinks,motorcycle,1.0,No,Urban,26,MYS,South India,9
0x6825,COIMBRES12DEL01,39.0,4.5,11.000762,76.981876,11.110762,77.091876,23-03-2022,21:20,21:35,Windy,Jam,1,Drinks,motorcycle,1.0,No,Urban,26,COI,South India,21
0x6842,MYSRES03DEL02,20.0,5.0,12.299524,76.64262,12.349524,76.69262,21-03-2022,22:35,22:40,Sunny,Low,1,Drinks,scooter,1.0,No,Urban,21,MYS,South India,22
0x3690,HYDRES06DEL03,36.0,4.6,17.455894,78.375467,17.545894,78.465467,18-03-2022,22:55,23:10,Stormy,Low,2,Buffet,motorcycle,1.0,No,Urban,26,HYD,South India,22
0x144e,BANGRES16DEL02,38.0,4.7,13.029198,77.570997,13.159198,77.700997,02-03-2022,1,24:15:00,Cloudy,Low,2,Drinks,motorcycle,1.0,No,Urban,28,BAN,South India,1
0x2f52,BANGRES18DEL01,35.0,4.3,12.913041,77.683237,12.923041,77.693237,01-04-2022,09:40,09:50,Stormy,Low,0,Buffet,motorcycle,1.0,No,Urban,29,BAN,South India,9
0x7395,HYDRES09DEL01,39.0,4.6,17.431668,78.408321,17.471668,78.448321,17-03-2022,13:50,13:55,Sunny,High,2,Snack,motorcycle,1.0,No,Urban,23,HYD,South India,13
0xbc6e,CHENRES01DEL02,20.0,4.7,13.005801,80.250744,13.025801,80.270744,01-04-2022,09:20,09:25,Stormy,Low,1,Snack,motorcycle,1.0,No,Urban,15,CHE,South India,9
0x483a,BANGRES01DEL03,35.0,4.5,12.933284,77.615428,12.993284,77.675428,05-03-2022,22:55,23:05,Fog,Low,1,Buffet,scooter,0.0,No,Urban,18,BAN,South India,22
0x1832,MYSRES11DEL02,20.0,4.6,12.323225,76.630028,12.343225,76.650028,07-03-2022,10:20,10:30,Fog,Low,1,Meal,scooter,1.0,No,Urban,10,MYS,South India,10
0x5e63,BANGRES010DEL01,32.0,4.6,12.933298,77.614293,12.943298,77.624293,21-03-2022,09:35,09:50,Fog,Low,1,Drinks,motorcycle,0.0,No,Urban,15,BAN,South India,9
0x9f2,HYDRES010DEL02,38.0,4.7,17.428294,78.404423,17.508294,78.484423,27-03-2022,18:35,18:45,Fog,Medium,1,Buffet,motorcycle,1.0,No,Urban,43,HYD,South India,18
0x16ca,HYDRES20DEL03,30.0,4.6337736972250205,17.483216,78.552111,17.543216,78.612111,05-03-2022,17:35,17:45,Windy,Medium,2,Buffet,motorcycle,1.0,No,Urban,27,HYD,South India,17
0x9b5c,BANGRES12DEL03,22.0,4.8,12.939496,77.625999,12.999496,77.685999,07-03-2022,20:25,20:40,Fog,Jam,1,Drinks,motorcycle,1.0,No,Urban,30,BAN,South India,20
0x8d9d,CHENRES19DEL02,24.0,4.6,12.986047,80.218114,13.066047,80.298114,23-03-2022,17:55,18:05,Sandstorms,Medium,0,Buffet,motorcycle,1.0,No,Urban,33,CHE,South India,17
0x7808,MYSRES05DEL03,24.0,4.9,12.323978,76.627961,12.353978,76.657961,01-03-2022,23:25,23:35,Cloudy,Low,1,Snack,scooter,0.0,No,Urban,11,MYS,South India,23
0x8d56,COIMBRES07DEL02,20.0,4.9,10.96185,76.971082,11.01185,77.021082,11-03-2022,22:10,22:20,Sandstorms,Low,2,Snack,motorcycle,0.0,No,Urban,16,COI,South India,22
0xb793,CHENRES15DEL03,21.0,4.8,13.026286,80.275235,13.086286,80.335235,13-03-2022,23:45,1,Sunny,Low,0,Snack,motorcycle,0.0,No,Urban,12,CHE,South India,23
0xa6ce,MYSRES01DEL02,23.0,5.0,12.311072,76.654878,12.441072,76.784878,14-03-2022,21:25,21:40,Sunny,Jam,2,Meal,motorcycle,1.0,No,Urban,24,MYS,South India,21
0x597e,CHENRES01DEL01,28.0,4.5,13.005801,80.250744,13.045801,80.290744,13-03-2022,16:30,16:35,Windy,Medium,1,Meal,motorcycle,1.0,No,Urban,21,CHE,South India,16
0xba51,COIMBRES16DEL03,31.0,4.7,11.010375,76.95295,11.040375,76.98295,03-04-2022,20:15,20:30,Stormy,Jam,1,Drinks,scooter,1.0,No,Urban,25,COI,South India,20
0x8a61,CHENRES18DEL01,20.0,4.5,12.981615,80.231598,13.051615,80.301598,29-03-2022,18:45,0.791666667,Cloudy,Medium,1,Snack,scooter,1.0,No,Urban,28,CHE,South India,18
0x26d0,BANGRES08DEL01,35.0,4.5,12.906229,77.596791,12.946229,77.636791,09-03-2022,14:50,0.625,Cloudy,High,2,Drinks,scooter,1.0,No,Urban,26,BAN,South India,14
0x8e6f,BANGRES17DEL01,29.0,4.8,12.972532,77.608179,13.042532,77.678179,20-03-2022,21:10,21:20,Windy,Jam,1,Buffet,motorcycle,0.0,No,Urban,18,BAN,South India,21
0xbb73,HYDRES06DEL01,26.0,5.0,17.455894,78.375467,17.465894,78.385467,24-03-2022,10:55,11:10,Cloudy,Low,1,Snack,motorcycle,0.0,No,Urban,14,HYD,South India,10
0x81cb,MYSRES17DEL02,27.0,4.7,12.326356,76.619103,12.376356,76.669103,03-03-2022,18:15,18:25,Stormy,Medium,2,Snack,motorcycle,1.0,No,Urban,22,MYS,South India,18
0xa0e2,BANGRES20DEL01,35.0,4.3,12.972161,77.596014,13.012161,77.636014,26-03-2022,15:10,15:20,Sandstorms,Medium,1,Snack,scooter,1.0,No,Urban,34,BAN,South India,15
0xb950,MYSRES01DEL03,28.0,4.7,12.311072,76.654878,12.371072,76.714878,24-03-2022,17:20,17:30,Stormy,Medium,0,Buffet,motorcycle,0.0,No,Urban,10,MYS,South India,17
0xb3cb,BANGRES010DEL01,23.0,5.0,12.933298,77.614293,13.003298,77.684293,02-03-2022,18:30,18:35,Windy,Medium,2,Snack,scooter,1.0,No,Urban,18,BAN,South India,18
0xa5d8,HYDRES01DEL02,36.0,4.9,17.410371,78.437225,17.460371,78.487225,24-03-2022,21:50,21:55,Sunny,Jam,0,Meal,motorcycle,1.0,No,Urban,27,HYD,South India,21
0x53b8,BANGRES12DEL02,29.0,4.2,12.939496,77.625999,12.959496,77.645999,19-03-2022,09:15,09:20,Windy,Low,0,Meal,motorcycle,1.0,No,Urban,28,BAN,South India,9
0xb47d,MYSRES18DEL01,39.0,4.6,12.337928,76.617889,12.347928,76.627889,01-03-2022,08:55,0.375,Windy,Low,1,Meal,scooter,0.0,No,Urban,26,MYS,South India,8
0x8671,COIMBRES04DEL01,26.0,4.6,11.024839,77.007003,11.034839,77.017003,13-03-2022,10:35,10:40,Sunny,Low,0,Meal,motorcycle,0.0,No,Urban,16,COI,South India,10
0xbcb1,MYSRES07DEL01,22.0,4.8,12.325461,76.632278,12.435461,76.742278,02-04-2022,19:35,19:45,Sunny,Jam,2,Drinks,electric_scooter,0.0,No,Urban,10,MYS,South India,19
0xbd73,HYDRES18DEL03,23.0,4.7,17.450851,78.379347,17.540851,78.469347,27-03-2022,19:35,19:40,Windy,Jam,2,Drinks,scooter,1.0,No,Urban,29,HYD,South India,19
0xbdcb,HYDRES13DEL01,39.0,5.0,17.431477,78.40035,17.471477,78.44035,24-03-2022,15:10,15:20,Sandstorms,Medium,2,Meal,scooter,1.0,No,Urban,30,HYD,South India,15
0x3783,BANGRES09DEL02,28.0,5.0,12.934179,77.615797,12.954179,77.635797,07-03-2022,11:40,11:50,Sandstorms,High,1,Meal,motorcycle,1.0,No,Urban,28,BAN,South India,11
0x48bb,CHENRES02DEL02,27.0,4.7,13.086438,80.220672,13.106438,80.240672,13-03-2022,08:10,08:20,Windy,Low,2,Meal,motorcycle,1.0,No,Urban,13,CHE,South India,8
0x130d,COIMBRES09DEL01,35.0,5.0,11.008638,76.984311,11.018638,76.994311,30-03-2022,10:10,10:20,Fog,Low,1,Drinks,motorcycle,1.0,No,Urban,19,COI,South India,10
0x766c,MYSRES03DEL03,37.0,5.0,12.299524,76.64262,12.329524,76.67262,01-03-2022,17:35,17:40,Cloudy,Medium,1,Snack,motorcycle,1.0,No,Urban,16,MYS,South India,17
0x7187,COIMBRES01DEL03,28.0,4.7,11.016298,76.972076,11.046298,77.002076,03-03-2022,23:30,23:35,Cloudy,Low,0,Meal,motorcycle,0.0,No,Urban,23,COI,South India,23
0x9a2a,COIMBRES04DEL02,39.0,4.9,11.024839,77.007003,11.104839,77.087003,02-04-2022,22:45,22:50,Windy,Low,1,Buffet,motorcycle,0.0,No,Urban,26,COI,South India,22
0x30ea,BANGRES07DEL01,28.0,5.0,12.978453,77.643685,13.088453,77.753685,02-03-2022,17:50,17:55,Windy,Medium,2,Buffet,electric_scooter,1.0,No,Urban,17,BAN,South India,17
0x458d,BANGRES14DEL01,26.0,4.9,12.949934,77.699386,12.959934,77.709386,03-04-2022,11:15,11:20,Sunny,High,1,Drinks,scooter,0.0,No,Urban,17,BAN,South India,11
0x6f61,CHENRES17DEL03,30.0,4.3,13.045479,80.23311,13.135479,80.32311,23-03-2022,18:50,0.791666667,Windy,Medium,1,Snack,scooter,2.0,No,Urban,34,CHE,South India,18
0x10cd,CHENRES13DEL03,21.0,4.7,13.027018,80.254791,13.087018,80.314791,30-03-2022,23:20,23:35,Windy,Low,1,Snack,motorcycle,0.0,No,Urban,17,CHE,South India,23
0x9cd5,BANGRES01DEL02,29.0,4.7,12.933284,77.615428,12.953284,77.635428,05-04-2022,08:45,0.375,Fog,Low,2,Meal,scooter,1.0,No,Urban,19,BAN,South India,8
0x1715,CHENRES04DEL01,27.0,4.6,13.02978,80.208812,13.03978,80.218812,24-03-2022,10:55,11:05,Cloudy,Low,1,Drinks,motorcycle,0.0,No,Urban,11,CHE,South India,10
0x3fb5,BANGRES04DEL01,33.0,4.7,12.98041,77.640489,13.05041,77.710489,14-03-2022,17:55,18:05,Windy,Medium,2,Buffet,motorcycle,1.0,No,Urban,28,BAN,South India,17
0x4bcc,MYSRES06DEL03,23.0,4.9,12.323994,76.626167,12.353994,76.656167,17-03-2022,21:20,21:30,Fog,Jam,2,Meal,scooter,1.0,No,Urban,27,MYS,South India,21
0x63b9,MYSRES07DEL02,38.0,3.5,12.325461,76.632278,12.405461,76.712278,31-03-2022,21:50,21:55,Stormy,Jam,1,Meal,scooter,1.0,No,Urban,44,MYS,South India,21
0x78af,COIMBRES12DEL03,24.0,4.9,11.000762,76.981876,11.060762,77.041876,09-03-2022,17:10,17:15,Windy,Medium,2,Drinks,scooter,1.0,No,Urban,22,COI,South India,17
0x2af1,HYDRES15DEL01,23.0,4.9,17.45971,78.368855,17.46971,78.378855,19-03-2022,09:15,09:30,Stormy,Low,1,Meal,motorcycle,1.0,No,Urban,11,HYD,South India,9
0x5522,MYSRES03DEL01,34.0,4.8,12.299524,76.64262,12.309524,76.65262,03-04-2022,09:50,09:55,Sunny,Low,0,Drinks,motorcycle,1.0,No,Urban,27,MYS,South India,9
0xacc7,HYDRES01DEL03,23.0,4.5,17.410371,78.437225,17.440371,78.467225,01-04-2022,19:35,19:50,Sunny,Jam,2,Snack,scooter,1.0,No,Urban,15,HYD,South India,19
0xbbc7,BANGRES08DEL03,33.0,4.6,12.906229,77.596791,12.996229,77.686791,08-03-2022,18:35,18:45,Fog,Medium,2,Meal,electric_scooter,1.0,No,Urban,37,BAN,South India,18
0x7dbc,HYDRES11DEL03,29.0,4.8,17.430448,78.418213,17.460448,78.448213,13-03-2022,18:10,18:20,Fog,Medium,1,Meal,scooter,0.0,No,Urban,18,HYD,South India,18
0x6289,HYDRES12DEL03,21.0,4.6,17.429585,78.392621,17.459585,78.422621,30-03-2022,20:35,20:40,Windy,Jam,0,Buffet,motorcycle,1.0,No,Urban,29,HYD,South India,20
0x723b,CHENRES20DEL01,24.0,4.5,12.975996,80.221898,13.085996,80.331898,04-03-2022,18:15,18:20,Fog,Medium,2,Drinks,motorcycle,1.0,No,Urban,27,CHE,South India,18
0x6910,MYSRES01DEL02,25.0,4.7,12.311072,76.654878,12.361072,76.704878,26-03-2022,21:30,21:35,Stormy,Jam,1,Meal,motorcycle,0.0,No,Urban,10,MYS,South India,21
0x687a,CHENRES13DEL01,29.0,4.9,13.027018,80.254791,13.037018,80.264791,24-03-2022,10:35,10:40,Windy,Low,2,Buffet,motorcycle,1.0,No,Urban,17,CHE,South India,10
0x3452,HYDRES17DEL03,20.0,4.7,17.451976,78.385883,17.511976,78.445883,03-03-2022,21:55,22:10,Sandstorms,Jam,2,Meal,scooter,1.0,No,Urban,18,HYD,South India,21
0x336c,CHENRES18DEL01,22.0,4.7,12.981615,80.231598,13.051615,80.301598,06-03-2022,18:10,18:25,Stormy,Medium,1,Snack,motorcycle,1.0,No,Urban,18,CHE,South India,18
0xb4b1,HYDRES04DEL02,32.0,4.2,17.411028,78.329645,17.431028,78.349645,05-03-2022,10:55,0.458333333,Stormy,Low,0,Buffet,motorcycle,0.0,No,Urban,23,HYD,South India,10
0x3211,MYSRES07DEL02,20.0,4.7,12.325461,76.632278,12.405461,76.712278,29-03-2022,23:30,23:35,Sandstorms,Low,1,Snack,scooter,0.0,No,Urban,18,MYS,South India,23
0x888a,BANGRES11DEL03,24.0,4.9,12.934365,77.616155,12.964365,77.646155,01-03-2022,22:25,22:30,Sandstorms,Low,2,Buffet,scooter,0.0,No,Urban,10,BAN,South India,22
0x9ebb,COIMBRES06DEL02,29.0,4.9,11.021278,76.995017,11.101278,77.075017,29-03-2022,22:50,23:05,Cloudy,Low,0,Snack,motorcycle,0.0,No,Urban,21,COI,South India,22
0x9a62,MYSRES18DEL02,21.0,4.9,12.337928,76.617889,12.417928,76.697889,20-03-2022,23:35,23:40,Windy,Low,2,Drinks,scooter,,No,Urban,11,MYS,South India,23
0xaffc,COIMBRES07DEL03,20.0,4.6,10.96185,76.971082,11.05185,77.061082,14-03-2022,20:55,21:05,Sandstorms,Jam,1,Snack,scooter,0.0,No,Urban,16,COI,South India,20
0x14c5,BANGRES05DEL02,33.0,4.9,12.970324,77.645748,13.020324,77.695748,09-03-2022,17:35,17:40,Fog,Medium,2,Snack,scooter,1.0,No,Urban,16,BAN,South India,17
0x4dc8,MYSRES13DEL02,28.0,4.9,12.310972,76.659264,12.440972,76.789264,04-03-2022,18:10,18:25,Sandstorms,Medium,2,Buffet,scooter,0.0,No,Urban,29,MYS,South India,18
0x42cb,CHENRES08DEL01,27.0,4.8,13.022394,80.242439,13.092394,80.312439,02-04-2022,23:40,23:50,Stormy,Low,1,Buffet,motorcycle,0.0,No,Urban,11,CHE,South India,23
0x7515,MYSRES15DEL02,24.0,4.8,12.352058,76.60665,12.402058,76.65665,21-03-2022,23:20,23:30,Fog,Low,2,Buffet,scooter,1.0,No,Urban,18,MYS,South India,23
0x5e4a,HYDRES01DEL01,21.0,4.7,17.410371,78.437225,17.450371,78.477225,03-03-2022,15:40,15:55,Fog,Medium,0,Meal,motorcycle,0.0,No,Urban,25,HYD,South India,15
0xdb0f,KOCRES13DEL03,27.0,4.8,9.991703,76.293136,10.051703,76.353136,17-02-2022,20:50,20:55,Sunny,Jam,1,Snack,motorcycle,1.0,No,Urban,11,KOC,South India,20
0x47cf,BANGRES16DEL01,36.0,5.0,13.029198,77.570997,13.069198,77.610997,21-03-2022,13:25,13:35,Windy,High,0,Meal,motorcycle,0.0,No,Urban,49,BAN,South India,13
0x1653,COIMBRES16DEL03,28.0,4.7,11.010375,76.95295,11.070375,77.01295,03-04-2022,21:55,0.916666667,Windy,Jam,1,Buffet,motorcycle,1.0,No,Urban,28,COI,South India,21
0x74ad,BANGRES01DEL02,27.0,4.8,12.933284,77.615428,13.013284,77.695428,04-03-2022,17:40,17:50,Windy,Medium,1,Drinks,scooter,0.0,No,Urban,16,BAN,South India,17
0x8f3a,COIMBRES02DEL02,33.0,4.1,11.022477,76.995667,11.072477,77.045667,13-03-2022,20:10,20:20,Fog,Jam,2,Meal,electric_scooter,1.0,No,Urban,39,COI,South India,20
0x4b75,BANGRES03DEL01,34.0,4.8,12.979166,77.640709,12.989166,77.650709,24-03-2022,10:25,10:30,Sandstorms,Low,2,Drinks,electric_scooter,0.0,No,Urban,23,BAN,South India,10
0x43e9,COIMBRES05DEL01,20.0,4.2,11.022169,76.999594,11.032169,77.009594,15-03-2022,08:45,0.375,Stormy,Low,0,Drinks,motorcycle,1.0,No,Urban,28,COI,South India,8
0x80c5,BANGRES20DEL03,21.0,4.8,12.972161,77.596014,13.062161,77.686014,02-03-2022,21:15,21:30,Stormy,Jam,2,Buffet,motorcycle,1.0,No,Urban,17,BAN,South India,21
0x64ee,CHENRES06DEL02,29.0,4.8,13.054347,80.257221,13.104347,80.307221,24-03-2022,20:10,20:15,Windy,Jam,1,Drinks,scooter,1.0,No,Urban,29,CHE,South India,20
0xae0e,CHENRES16DEL02,30.0,4.2,13.049645,80.242268,13.179645,80.372268,31-03-2022,19:45,19:55,Sandstorms,Jam,2,Buffet,scooter,1.0,No,Urban,43,CHE,South India,19
0x6a47,MYSRES19DEL01,20.0,4.7,12.334022,76.618203,12.374022,76.658203,07-03-2022,14:45,14:55,Windy,High,2,Drinks,scooter,0.0,No,Urban,13,MYS,South India,14
0x55f5,MYSRES07DEL02,24.0,4.9,12.325461,76.632278,12.455461,76.762278,16-03-2022,17:30,17:35,Fog,Medium,1,Drinks,scooter,1.0,No,Urban,26,MYS,South India,17
0x510e,CHENRES07DEL03,25.0,4.6,13.081878,80.248519,13.111878,80.278519,13-03-2022,22:45,22:50,Cloudy,Low,0,Snack,motorcycle,0.0,No,Urban,17,CHE,South India,22
0x79ca,MYSRES04DEL02,22.0,4.5,12.3085,76.665808,12.3585,76.715808,03-03-2022,21:35,21:45,Sandstorms,Jam,2,Meal,motorcycle,0.0,No,Urban,21,MYS,South India,21
0x7fe6,MYSRES04DEL01,24.0,4.7,12.3085,76.665808,12.3485,76.705808,21-03-2022,16:45,0.708333333,Sunny,Medium,1,Snack,scooter,1.0,No,Urban,14,MYS,South India,16
0x6a8e,COIMBRES06DEL02,23.0,4.6,11.021278,76.995017,11.071278,77.045017,07-03-2022,21:25,21:30,Windy,Jam,1,Snack,scooter,,No,Urban,14,COI,South India,21
0xb5d0,COIMBRES20DEL01,25.0,4.7,10.994136,76.963303,11.034136,77.003303,03-03-2022,14:40,14:55,Fog,High,1,Buffet,motorcycle,0.0,No,Urban,25,COI,South India,14
0x51cd,MYSRES04DEL03,28.0,4.7,12.3085,76.665808,12.3685,76.725808,05-04-2022,22:20,22:25,Windy,Low,2,Drinks,motorcycle,0.0,No,Urban,12,MYS,South India,22
0x768e,MYSRES08DEL02,30.0,4.8,12.297954,76.665169,12.377954,76.745169,06-03-2022,20:15,20:20,Sunny,Jam,0,Buffet,motorcycle,1.0,No,Urban,28,MYS,South India,20
0x4fe1,HYDRES09DEL01,22.0,4.5,17.431668,78.408321,17.441668,78.418321,28-03-2022,10:15,10:25,Fog,Low,2,Snack,scooter,0.0,No,Urban,18,HYD,South India,10
0x6e0b,HYDRES01DEL01,27.0,4.5,17.410371,78.437225,17.520371,78.547225,02-03-2022,22:50,22:55,Sandstorms,Low,0,Drinks,motorcycle,1.0,No,Urban,18,HYD,South India,22
0x29ac,COIMBRES02DEL01,29.0,4.4,11.022477,76.995667,11.092477,77.065667,25-03-2022,21:40,21:55,Fog,Jam,2,Drinks,electric_scooter,2.0,No,Urban,38,COI,South India,21
0x47d2,MYSRES09DEL03,26.0,4.6,12.323194,76.630583,12.353194,76.660583,15-03-2022,22:35,22:40,Cloudy,Low,0,Drinks,motorcycle,0.0,No,Urban,20,MYS,South India,22
0x8fd3,HYDRES17DEL01,22.0,5.0,17.451976,78.385883,17.561976,78.495883,10-03-2022,21:55,22:10,Cloudy,Jam,1,Drinks,motorcycle,0.0,No,Urban,35,HYD,South India,21
0x94e1,COIMBRES01DEL02,23.0,4.7,11.016298,76.972076,11.036298,76.992076,01-03-2022,10:25,10:40,Sunny,Low,1,Snack,scooter,0.0,No,Urban,15,COI,South India,10
0x372f,COIMBRES05DEL03,38.0,4.5,11.022169,76.999594,11.052169,77.029594,13-03-2022,23:25,23:40,Cloudy,Low,2,Buffet,electric_scooter,0.0,No,Urban,15,COI,South India,23
0xa3f9,BANGRES17DEL03,32.0,4.1,12.972532,77.608179,13.032532,77.668179,21-03-2022,19:45,19:55,Windy,Jam,0,Drinks,motorcycle,0.0,No,Urban,31,BAN,South India,19
0x449c,MYSRES14DEL02,36.0,4.6,0.0,0.0,0.13,0.13,27-03-2022,17:25,17:30,Stormy,Medium,0,Drinks,motorcycle,1.0,No,Urban,31,MYS,South India,17
0xa2ed,BANGRES09DEL01,38.0,4.9,12.934179,77.615797,12.944179,77.625797,03-03-2022,10:35,10:45,Sandstorms,Low,2,Snack,motorcycle,1.0,No,Urban,20,BAN,South India,10
0x69ea,HYDRES18DEL02,24.0,4.9,17.450851,78.379347,17.470851,78.399347,13-03-2022,09:20,09:30,Windy,Low,2,Snack,scooter,1.0,No,Urban,11,HYD,South India,9
0xcb00,KOCRES010DEL02,36.0,4.7,10.035573,76.336958,10.055573,76.356958,15-02-2022,09:55,10:10,Sunny,Low,2,Snack,scooter,0.0,No,Urban,11,KOC,South India,9
0xae88,HYDRES01DEL01,26.0,4.8,17.410371,78.437225,17.480371,78.507225,29-03-2022,17:25,17:35,Sunny,Medium,2,Snack,motorcycle,0.0,No,Urban,10,HYD,South India,17
0x23c6,MYSRES15DEL01,26.0,4.6,12.352058,76.60665,12.362058,76.61665,09-03-2022,08:45,08:55,Cloudy,Low,1,Snack,scooter,0.0,No,Urban,16,MYS,South India,8
0xd519,KOCRES20DEL01,21.0,4.6,9.979186,76.317361,10.019186,76.357361,17-02-2022,13:45,0.583333333,Sandstorms,High,2,Buffet,scooter,1.0,No,Urban,22,KOC,South India,13
0x2dfd,CHENRES12DEL03,29.0,4.6,12.972793,80.249982,13.002793,80.279982,30-03-2022,19:35,19:50,Windy,Jam,0,Drinks,motorcycle,0.0,No,Urban,23,CHE,South India,19
0x8177,COIMBRES12DEL03,26.0,4.7,11.000762,76.981876,11.090762,77.071876,02-04-2022,23:45,1,Sandstorms,Low,0,Drinks,motorcycle,1.0,No,Urban,15,COI,South India,23
0x2267,HYDRES01DEL01,20.0,4.5,17.410371,78.437225,17.420371,78.447225,21-03-2022,10:45,10:55,Sandstorms,Low,2,Meal,scooter,1.0,No,Urban,11,HYD,South India,10
0xd10e,KOCRES03DEL02,37.0,3.6,10.020683,76.310631,10.150683,76.440631,14-02-2022,21:35,21:50,Windy,Jam,1,Drinks,motorcycle,0.0,No,Urban,33,KOC,South India,21
0x25ce,HYDRES05DEL03,26.0,4.7,17.433809,78.386744,17.493809,78.446744,07-03-2022,23:10,23:20,Fog,Low,0,Snack,motorcycle,1.0,No,Urban,22,HYD,South India,23
0xa4f6,BANGRES17DEL01,29.0,4.8,12.972532,77.608179,13.042532,77.678179,25-03-2022,22:35,22:40,Fog,Low,0,Snack,motorcycle,0.0,No,Urban,20,BAN,South India,22
0x3bc5,COIMBRES09DEL02,34.0,4.6,11.008638,76.984311,11.058638,77.034311,19-03-2022,21:45,21:50,Cloudy,Jam,0,Snack,motorcycle,1.0,No,Urban,28,COI,South India,21
0x719d,CHENRES15DEL02,37.0,4.8,13.026286,80.275235,13.046286,80.295235,17-03-2022,11:15,11:20,Windy,High,1,Buffet,motorcycle,1.0,No,Urban,30,CHE,South India,11
0x97bf,HYDRES03DEL03,20.0,4.8,17.422819,78.449578,17.452819,78.479578,17-03-2022,23:30,23:40,Sunny,Low,0,Meal,motorcycle,1.0,No,Urban,13,HYD,South India,23
0x353a,COIMBRES05DEL03,21.0,4.7,11.022169,76.999594,11.052169,77.029594,21-03-2022,20:25,20:35,Cloudy,Jam,1,Drinks,motorcycle,1.0,No,Urban,29,COI,South India,20
0x2a50,MYSRES09DEL02,26.0,4.8,12.323194,76.630583,12.403194,76.710583,16-03-2022,21:25,21:30,Cloudy,Jam,0,Drinks,motorcycle,0.0,No,Urban,43,MYS,South India,21
0xb4b,CHENRES17DEL03,24.0,4.6,13.045479,80.23311,13.135479,80.32311,27-03-2022,17:50,17:55,Fog,Medium,1,Drinks,motorcycle,1.0,No,Urban,27,CHE,South India,17
0xa096,BANGRES20DEL03,24.0,4.8,12.972161,77.596014,13.002161,77.626014,01-04-2022,17:10,17:20,Sandstorms,Medium,2,Snack,scooter,0.0,No,Urban,23,BAN,South India,17
0xa05f,CHENRES01DEL03,27.0,4.6,13.005801,80.250744,13.065801,80.310744,03-03-2022,22:25,22:30,Fog,Low,1,Snack,scooter,0.0,No,Urban,10,CHE,South India,22
0x46ac,BANGRES16DEL02,39.0,4.2,13.029198,77.570997,13.159198,77.700997,20-03-2022,20:30,20:40,Stormy,Jam,0,Meal,motorcycle,1.0,No,Urban,45,BAN,South India,20
0x88d0,BANGRES15DEL02,27.0,4.9,12.975377,77.696664,13.025377,77.746664,01-04-2022,23:50,23:55,Sunny,Low,0,Buffet,motorcycle,1.0,No,Urban,17,BAN,South India,23
0xb3c4,CHENRES04DEL03,35.0,4.1,13.02978,80.208812,13.11978,80.298812,20-03-2022,21:25,21:40,Stormy,Jam,1,Meal,scooter,2.0,Yes,Urban,44,CHE,South India,21
0x6ba2,BANGRES02DEL02,20.0,4.6,12.970221,77.645396,12.990221,77.665396,01-04-2022,10:35,10:50,Fog,Low,2,Snack,scooter,0.0,No,Urban,14,BAN,South India,10
0x81d4,CHENRES05DEL01,21.0,4.8,13.058616,80.264151,13.068616,80.274151,01-04-2022,10:50,0.458333333,Cloudy,Low,0,Drinks,motorcycle,1.0,No,Urban,16,CHE,South India,10
0x7437,COIMBRES02DEL01,38.0,4.7,11.022477,76.995667,11.092477,77.065667,04-03-2022,22:50,23:05,Stormy,Low,2,Drinks,scooter,1.0,No,Urban,23,COI,South India,22
0x6cd9,COIMBRES04DEL02,21.0,4.6,11.024839,77.007003,11.074839,77.057003,21-03-2022,21:55,22:05,Sunny,Jam,2,Buffet,scooter,0.0,No,Urban,10,COI,South India,21
0xc9c6,KOCRES15DEL01,28.0,4.9,10.027364,76.308258,10.067364,76.348258,13-02-2022,14:40,14:50,Sunny,High,2,Meal,motorcycle,0.0,No,Urban,12,KOC,South India,14
0x8f70,COIMBRES07DEL02,21.0,4.9,10.96185,76.971082,11.09185,77.101082,27-03-2022,20:10,20:20,Windy,Jam,1,Snack,motorcycle,0.0,No,Urban,20,COI,South India,20
0x6d1a,COIMBRES06DEL02,35.0,5.0,11.021278,76.995017,11.071278,77.045017,13-03-2022,23:10,23:25,Sunny,Low,1,Drinks,motorcycle,0.0,No,Urban,11,COI,South India,23
0x14da,BANGRES07DEL02,39.0,4.6,12.978453,77.643685,12.998453,77.663685,05-03-2022,10:50,11:05,Fog,Low,1,Buffet,scooter,1.0,No,Urban,16,BAN,South India,10
0x347d,MYSRES16DEL02,27.0,4.7,12.316967,76.603067,12.396967,76.683067,27-03-2022,18:30,18:35,Windy,Medium,0,Buffet,motorcycle,1.0,No,Urban,26,MYS,South India,18
0x312d,CHENRES010DEL02,23.0,5.0,13.066762,80.251865,13.146762,80.331865,18-03-2022,23:45,23:50,Sandstorms,Low,1,Snack,motorcycle,1.0,No,Urban,19,CHE,South India,23
0x4a4a,HYDRES03DEL01,26.0,4.9,17.422819,78.449578,17.532819,78.559578,20-03-2022,23:40,23:55,Stormy,Low,1,Meal,motorcycle,0.0,No,Urban,13,HYD,South India,23
0xbe68,COIMBRES17DEL03,30.0,4.9,11.026117,76.944652,11.086117,77.004652,01-04-2022,18:35,18:40,Sunny,Medium,0,Drinks,motorcycle,1.0,No,Urban,22,COI,South India,18
0x6096,CHENRES08DEL03,20.0,4.9,13.022394,80.242439,13.112394,80.332439,29-03-2022,21:40,21:45,Stormy,Jam,1,Buffet,scooter,1.0,No,Urban,15,CHE,South India,21
0xa23b,COIMBRES010DEL01,30.0,4.6,11.003008,76.97544,11.013008,76.98544,03-03-2022,09:20,09:35,Sandstorms,Low,2,Buffet,motorcycle,0.0,No,Urban,25,COI,South India,9
0x9444,BANGRES16DEL02,25.0,4.5,13.029198,77.570997,13.049198,77.590997,07-03-2022,08:10,08:15,Stormy,Low,0,Buffet,motorcycle,0.0,No,Urban,16,BAN,South India,8
0x9ad0,CHENRES17DEL03,27.0,5.0,13.045479,80.23311,13.075479,80.26311,13-03-2022,19:50,0.833333333,Sandstorms,Jam,2,Buffet,motorcycle,0.0,No,Urban,21,CHE,South India,19
0x82ed,COIMBRES02DEL01,31.0,4.2,11.022477,76.995667,11.032477,77.005667,03-04-2022,11:15,11:20,Sandstorms,High,2,Drinks,scooter,1.0,No,Urban,32,COI,South India,11
0xaba9,MYSRES15DEL03,34.0,4.6,12.352058,76.60665,12.412058,76.66665,03-03-2022,21:35,21:45,Fog,Jam,0,Drinks,motorcycle,1.0,No,Urban,30,MYS,South India,21
0xbc0d,BANGRES18DEL03,29.0,5.0,12.913041,77.683237,12.973041,77.743237,17-03-2022,17:15,17:25,Fog,Medium,2,Drinks,motorcycle,1.0,No,Urban,17,BAN,South India,17
0x8dfc,HYDRES11DEL03,20.0,4.7,17.430448,78.418213,17.460448,78.448213,11-03-2022,19:40,19:55,Stormy,Jam,0,Buffet,motorcycle,1.0,No,Urban,30,HYD,South India,19
0x2c66,CHENRES02DEL03,32.0,4.7,13.086438,80.220672,13.176438,80.310672,23-03-2022,22:10,22:25,Windy,Low,1,Meal,scooter,1.0,No,Urban,15,CHE,South India,22
0x61d1,CHENRES010DEL02,39.0,4.5,13.066762,80.251865,13.196762,80.381865,23-03-2022,23:10,23:25,Windy,Low,0,Meal,motorcycle,1.0,No,Urban,25,CHE,South India,23
0x2ea0,MYSRES09DEL02,25.0,4.9,12.323194,76.630583,12.343194,76.650583,11-03-2022,09:35,09:45,Windy,Low,1,Drinks,scooter,1.0,No,Urban,12,MYS,South India,9
0x1892,COIMBRES19DEL02,21.0,4.9,11.022298,76.998349,11.042298,77.018349,05-04-2022,09:50,10:05,Sandstorms,Low,1,Snack,scooter,1.0,No,Urban,15,COI,South India,9
0x3805,HYDRES13DEL01,28.0,4.8,17.431477,78.40035,17.501477,78.47035,29-03-2022,23:45,23:50,Fog,Low,2,Drinks,scooter,1.0,No,Urban,29,HYD,South India,23
0x5d4d,HYDRES01DEL03,25.0,4.4,17.410371,78.437225,17.470371,78.497225,26-03-2022,22:45,22:50,Windy,Low,0,Drinks,motorcycle,0.0,No,Urban,15,HYD,South India,22
0x3d59,MYSRES17DEL01,20.0,4.9,12.326356,76.619103,12.396356,76.689103,25-03-2022,18:50,0.791666667,Sunny,Medium,1,Meal,scooter,1.0,,Urban,10,MYS,South India,18
0x4a25,COIMBRES12DEL03,39.0,4.6,11.000762,76.981876,11.030762,77.011876,24-03-2022,20:10,20:15,Cloudy,Jam,0,Drinks,motorcycle,1.0,No,Urban,28,COI,South India,20
0x2773,MYSRES05DEL02,37.0,4.9,12.323978,76.627961,12.453978,76.757961,25-03-2022,18:20,18:35,Sunny,Medium,1,Snack,scooter,1.0,No,Urban,18,MYS,South India,18
0x8c42,HYDRES13DEL01,27.0,4.7,17.431477,78.40035,17.441477,78.41035,15-03-2022,10:50,11:05,Sunny,Low,1,Snack,scooter,1.0,No,Urban,15,HYD,South India,10
0x64b0,HYDRES19DEL01,27.0,4.7,17.458998,78.500366,17.568998,78.610366,02-04-2022,19:15,19:25,Stormy,Jam,2,Snack,scooter,0.0,No,Urban,18,HYD,South India,19
0xc6b4,KOCRES16DEL03,37.0,5.0,10.003064,76.307589,10.093064,76.397589,12-02-2022,23:35,23:45,Sandstorms,Low,1,Snack,motorcycle,0.0,No,Urban,17,KOC,South India,23
0xce67,KOCRES11DEL03,23.0,4.6,10.006881,76.345397,10.036881,76.375397,11-02-2022,23:35,23:50,Sandstorms,Low,1,Meal,motorcycle,0.0,No,Urban,12,KOC,South India,23
0x3d0c,MYSRES11DEL01,24.0,4.9,12.323225,76.630028,12.393225,76.700028,20-03-2022,18:35,18:50,Sandstorms,Medium,0,Buffet,motorcycle,0.0,No,Urban,21,MYS,South India,18
0xa8a1,BANGRES04DEL03,36.0,4.3,12.98041,77.640489,13.04041,77.700489,01-04-2022,18:50,0.791666667,Sandstorms,Medium,1,Snack,motorcycle,1.0,No,Urban,33,BAN,South India,18
0xfdb,CHENRES15DEL01,20.0,4.7,13.026286,80.275235,13.136286,80.385235,20-03-2022,21:55,22:10,Windy,Jam,2,Buffet,electric_scooter,1.0,No,Urban,19,CHE,South India,21
0x6a12,HYDRES05DEL02,28.0,4.6,17.433809,78.386744,17.513809,78.466744,08-03-2022,20:30,20:45,Cloudy,Jam,1,Buffet,scooter,1.0,No,Urban,39,HYD,South India,20
0x867a,BANGRES010DEL02,39.0,4.9,12.933298,77.614293,12.983298,77.664293,11-03-2022,23:40,23:55,Fog,Low,2,Snack,scooter,1.0,No,Urban,17,BAN,South India,23
0xb027,MYSRES11DEL01,30.0,5.0,12.323225,76.630028,12.433225,76.740028,29-03-2022,23:15,23:20,Stormy,Low,1,Meal,scooter,1.0,No,Urban,20,MYS,South India,23
0xd5f8,KOCRES06DEL02,35.0,4.8,9.982834,76.283268,10.002834,76.303268,17-02-2022,10:15,10:20,Stormy,Low,2,Drinks,motorcycle,0.0,No,Urban,25,KOC,South India,10
0x36cf,MYSRES06DEL02,38.0,4.6,12.323994,76.626167,12.403994,76.706167,27-03-2022,19:15,19:20,Sunny,Jam,0,Buffet,motorcycle,1.0,No,Urban,38,MYS,South India,19
0x1e1a,BANGRES20DEL01,22.0,4.8,12.972161,77.596014,12.982161,77.606014,28-03-2022,10:45,0.458333333,Cloudy,Low,2,Snack,scooter,,No,Urban,14,BAN,South India,10
0x870d,BANGRES03DEL02,35.0,4.9,12.979166,77.640709,13.109166,77.770709,20-03-2022,17:25,17:35,Fog,Medium,0,Buffet,motorcycle,0.0,No,Urban,49,BAN,South India,17
0x5949,MYSRES11DEL03,37.0,4.5,12.323225,76.630028,12.353225,76.660028,19-03-2022,19:10,19:20,Sandstorms,Jam,1,Meal,scooter,1.0,No,Urban,26,MYS,South India,19
0x4be2,COIMBRES19DEL02,29.0,4.6,11.022298,76.998349,11.072298,77.048349,03-03-2022,18:45,0.791666667,Windy,Medium,2,Buffet,electric_scooter,1.0,No,Urban,21,COI,South India,18
0x4655,CHENRES02DEL03,38.0,4.4,13.086438,80.220672,13.176438,80.310672,25-03-2022,20:55,21:10,Windy,Jam,1,Meal,motorcycle,1.0,No,Urban,32,CHE,South India,20
0x726d,CHENRES06DEL02,34.0,4.7,13.054347,80.257221,13.134347,80.337221,20-03-2022,22:50,23:05,Sandstorms,Low,2,Buffet,scooter,0.0,No,Urban,19,CHE,South India,22
0x97ce,CHENRES010DEL03,33.0,4.2,13.066762,80.251865,13.096762,80.281865,19-03-2022,18:55,19:05,Windy,Medium,0,Drinks,motorcycle,1.0,No,Urban,35,CHE,South India,18
0x6acb,COIMBRES18DEL03,21.0,4.8,11.02091,76.940432,11.11091,77.030432,25-03-2022,23:10,23:25,Sandstorms,Low,2,Snack,scooter,0.0,No,Urban,12,COI,South India,23
0x5e45,BANGRES14DEL03,31.0,4.8,12.949934,77.699386,13.039934,77.789386,12-03-2022,21:30,21:45,Cloudy,Jam,1,Snack,motorcycle,1.0,Yes,Urban,45,BAN,South India,21
0xabcf,CHENRES14DEL01,28.0,4.6,13.026279,80.174568,13.036279,80.184568,11-03-2022,09:15,09:20,Windy,Low,1,Drinks,motorcycle,0.0,No,Urban,14,CHE,South India,9
0x29c0,COIMBRES11DEL03,28.0,4.5,11.001753,76.986241,11.061753,77.046241,28-03-2022,22:30,22:40,Sandstorms,Low,1,Meal,scooter,0.0,No,Urban,10,COI,South India,22
0x9a61,HYDRES01DEL02,31.0,4.6,17.410371,78.437225,17.460371,78.487225,03-03-2022,23:30,23:35,Cloudy,Low,1,Snack,scooter,1.0,No,Urban,18,HYD,South India,23
0x9633,BANGRES06DEL02,34.0,4.4,12.979096,77.640625,13.059096,77.720625,29-03-2022,23:10,23:20,Fog,Low,1,Snack,motorcycle,1.0,No,Urban,34,BAN,South India,23
0x5a9c,HYDRES04DEL03,28.0,5.0,17.411028,78.329645,17.441028,78.359645,03-03-2022,18:10,18:20,Sandstorms,Medium,0,Snack,motorcycle,1.0,No,Urban,26,HYD,South India,18
0xbb0e,MYSRES11DEL02,39.0,4.8,12.323225,76.630028,12.403225,76.710028,31-03-2022,22:35,22:50,Cloudy,Low,2,Buffet,electric_scooter,0.0,No,Urban,28,MYS,South India,22
0x24f4,MYSRES06DEL02,32.0,4.2,12.323994,76.626167,12.453994,76.756167,06-03-2022,18:55,19:05,Fog,Medium,2,Meal,scooter,0.0,No,Urban,36,MYS,South India,18
0xcd95,KOCRES11DEL02,20.0,3.7,10.006881,76.345397,10.056881,76.395397,15-02-2022,19:10,19:15,Sunny,Jam,0,Snack,motorcycle,1.0,No,Urban,47,KOC,South India,19
0x28c7,CHENRES12DEL03,34.0,4.4,12.972793,80.249982,13.002793,80.279982,03-03-2022,17:10,17:15,Windy,Medium,0,Buffet,motorcycle,1.0,No,Urban,33,CHE,South India,17
0x2673,BANGRES14DEL01,37.0,4.7,12.949934,77.699386,12.959934,77.709386,01-03-2022,11:15,11:25,Stormy,High,0,Meal,motorcycle,2.0,No,Urban,49,BAN,South India,11
0xb299,MYSRES05DEL01,20.0,5.0,12.323978,76.627961,12.333978,76.637961,21-03-2022,09:10,09:15,Sunny,Low,2,Buffet,electric_scooter,0.0,No,Urban,22,MYS,South India,9
0x41dc,COIMBRES14DEL02,32.0,4.6,11.003681,76.975525,11.133681,77.105525,06-04-2022,22:40,22:50,Stormy,Low,2,Snack,scooter,1.0,No,Urban,28,COI,South India,22
0x2b7d,HYDRES15DEL01,37.0,4.6,17.45971,78.368855,17.46971,78.378855,28-03-2022,09:35,09:45,Cloudy,Low,1,Buffet,scooter,1.0,No,Urban,15,HYD,South India,9
0x2904,HYDRES06DEL01,37.0,4.5,17.455894,78.375467,17.565894,78.485467,06-04-2022,23:35,23:40,Windy,Low,1,Meal,motorcycle,1.0,No,Urban,23,HYD,South India,23
0x83c6,HYDRES15DEL01,27.0,5.0,17.45971,78.368855,17.49971,78.408855,13-03-2022,15:20,15:30,Sandstorms,Medium,1,Drinks,scooter,1.0,No,Urban,24,HYD,South India,15
0xbce2,BANGRES07DEL02,28.0,4.6,12.978453,77.643685,13.028453,77.693685,30-03-2022,17:45,17:50,Fog,Medium,2,Drinks,scooter,0.0,No,Urban,14,BAN,South India,17
0x4438,CHENRES14DEL01,21.0,5.0,13.026279,80.174568,13.136279,80.284568,25-03-2022,20:20,20:30,Fog,Jam,0,Buffet,motorcycle,1.0,No,Urban,48,CHE,South India,20
0x6b75,COIMBRES010DEL01,31.0,5.0,11.003008,76.97544,11.013008,76.98544,28-03-2022,10:30,10:45,Stormy,Low,1,Drinks,scooter,1.0,No,Urban,21,COI,South India,10
0x5ef2,MYSRES09DEL03,33.0,4.9,12.323194,76.630583,12.353194,76.660583,21-03-2022,17:20,17:35,Cloudy,Medium,0,Meal,motorcycle,1.0,No,Urban,31,MYS,South India,17
0x7e02,MYSRES14DEL02,32.0,4.9,0.0,0.0,0.08,0.08,08-03-2022,17:40,17:55,Fog,Medium,2,Drinks,scooter,1.0,No,Urban,41,MYS,South India,17
0x3056,CHENRES010DEL01,35.0,5.0,13.066762,80.251865,13.176762,80.361865,23-03-2022,22:35,22:50,Windy,Low,1,Snack,motorcycle,1.0,No,Urban,17,CHE,South India,22
0x2c25,BANGRES17DEL03,37.0,4.9,12.972532,77.608179,13.032532,77.668179,03-03-2022,22:25,22:30,Fog,Low,2,Buffet,motorcycle,0.0,No,Urban,15,BAN,South India,22
0xa46c,COIMBRES06DEL01,33.0,5.0,11.021278,76.995017,11.091278,77.065017,06-03-2022,23:55,1,Stormy,Low,1,Drinks,scooter,1.0,No,Urban,21,COI,South India,23
0x970d,HYDRES19DEL02,30.0,4.9,17.458998,78.500366,17.478998,78.520366,09-03-2022,08:10,08:20,Fog,Low,0,Buffet,motorcycle,1.0,No,Urban,28,HYD,South India,8
0x2b0e,MYSRES02DEL02,32.0,4.5,12.304569,76.643622,12.384569,76.723622,04-03-2022,17:50,0.75,Sunny,Medium,1,Meal,scooter,1.0,No,Urban,27,MYS,South India,17
0x3703,HYDRES07DEL03,38.0,4.9,17.424114,78.347554,17.454114,78.377554,03-03-2022,17:55,18:05,Cloudy,Medium,0,Drinks,motorcycle,0.0,No,Urban,27,HYD,South India,17
0xa99c,CHENRES09DEL03,21.0,4.9,13.044694,80.26147,13.134694,80.35147,18-03-2022,19:35,19:50,Cloudy,Jam,0,Buffet,motorcycle,2.0,No,Urban,47,CHE,South India,19
0x5a46,BANGRES14DEL02,23.0,5.0,12.949934,77.699386,13.029934,77.779386,23-03-2022,1,24:15:00,Cloudy,Low,2,Buffet,scooter,1.0,No,Urban,28,BAN,South India,1
0x4c69,MYSRES08DEL03,26.0,4.9,12.297954,76.665169,12.387954,76.755169,31-03-2022,19:35,19:50,Windy,Jam,0,Drinks,motorcycle,1.0,No,Urban,28,MYS,South India,19
0xde8,CHENRES19DEL01,30.0,4.6337736972250205,12.986047,80.218114,12.996047,80.228114,07-03-2022,08:15,08:25,Stormy,Low,1,Drinks,motorcycle,1.0,No,Urban,24,CHE,South India,8
0x832b,BANGRES09DEL03,30.0,4.6,12.934179,77.615797,12.964179,77.645797,01-03-2022,18:40,18:55,Sunny,Medium,2,Meal,motorcycle,0.0,No,Urban,21,BAN,South India,18
0x889e,CHENRES010DEL01,35.0,4.8,13.066762,80.251865,13.106762,80.291865,13-03-2022,13:50,13:55,Sunny,High,1,Snack,motorcycle,1.0,No,Urban,16,CHE,South India,13
0x1a3f,CHENRES06DEL02,31.0,4.9,13.054347,80.257221,13.074347,80.277221,09-03-2022,08:35,08:50,Sandstorms,Low,2,Snack,electric_scooter,1.0,No,Urban,21,CHE,South India,8
0x3e25,MYSRES13DEL02,32.0,4.9,12.310972,76.659264,12.360972,76.709264,19-03-2022,19:30,19:35,Fog,Jam,1,Buffet,scooter,1.0,No,Urban,30,MYS,South India,19
0x9a09,COIMBRES01DEL03,22.0,4.8,11.016298,76.972076,11.106298,77.062076,27-03-2022,18:10,18:20,Cloudy,Medium,1,Buffet,scooter,1.0,No,Urban,27,COI,South India,18
0xa114,MYSRES13DEL02,29.0,4.6,12.310972,76.659264,12.360972,76.709264,28-03-2022,23:30,23:40,Fog,Low,2,Meal,scooter,1.0,No,Urban,11,MYS,South India,23
0xae8f,COIMBRES18DEL02,21.0,4.5,11.02091,76.940432,11.04091,76.960432,19-03-2022,09:35,09:40,Sandstorms,Low,2,Drinks,scooter,0.0,No,Urban,17,COI,South India,9
0x9bcb,COIMBRES04DEL02,27.0,4.7,11.024839,77.007003,11.104839,77.087003,16-03-2022,18:45,18:55,Sandstorms,Medium,0,Buffet,motorcycle,0.0,No,Urban,23,COI,South India,18
0x7758,HYDRES13DEL03,39.0,4.5,17.431477,78.40035,17.461477,78.43035,05-04-2022,18:25,18:40,Sandstorms,Medium,1,Drinks,scooter,1.0,No,Urban,27,HYD,South India,18
0x1746,MYSRES05DEL03,25.0,4.6,12.323978,76.627961,12.383978,76.687961,13-03-2022,17:50,18:05,Fog,Medium,1,Meal,scooter,1.0,No,Urban,12,MYS,South India,17
0x7c77,CHENRES08DEL02,26.0,4.6,13.022394,80.242439,13.072394,80.292439,13-03-2022,23:30,23:40,Cloudy,Low,2,Drinks,motorcycle,1.0,No,Urban,18,CHE,South India,23
0x7775,BANGRES03DEL02,21.0,4.5,12.979166,77.640709,13.029166,77.690709,09-03-2022,17:50,17:55,Sandstorms,Medium,0,Buffet,motorcycle,0.0,No,Urban,10,BAN,South India,17
0x413a,BANGRES04DEL01,38.0,4.9,12.98041,77.640489,13.02041,77.680489,11-03-2022,15:30,15:35,Windy,Medium,2,Meal,motorcycle,1.0,No,Urban,28,BAN,South India,15
0x9cd3,COIMBRES18DEL02,26.0,4.9,11.02091,76.940432,11.07091,76.990432,07-03-2022,18:15,18:25,Sandstorms,Medium,1,Buffet,scooter,1.0,No,Urban,28,COI,South India,18
0xede,HYDRES09DEL03,20.0,5.0,17.431668,78.408321,17.521668,78.498321,14-03-2022,18:50,19:05,Windy,Medium,1,Meal,scooter,1.0,No,Urban,26,HYD,South India,18
0x3232,MYSRES13DEL01,21.0,4.8,12.310972,76.659264,12.320972,76.669264,11-03-2022,08:10,08:25,Sandstorms,Low,1,Snack,motorcycle,0.0,No,Urban,10,MYS,South India,8
0x6447,COIMBRES17DEL02,29.0,4.7,11.026117,76.944652,11.046117,76.964652,07-03-2022,09:30,09:35,Sunny,Low,0,Snack,motorcycle,0.0,,Urban,14,COI,South India,9
0xba80,CHENRES04DEL02,39.0,4.6,13.02978,80.208812,13.04978,80.228812,07-03-2022,09:30,09:35,Fog,Low,1,Drinks,scooter,1.0,No,Urban,18,CHE,South India,9
0x12a0,COIMBRES07DEL01,39.0,4.7,10.96185,76.971082,10.97185,76.981082,17-03-2022,10:30,10:35,Cloudy,Low,0,Meal,motorcycle,,No,Urban,26,COI,South India,10
0x745c,MYSRES09DEL01,26.0,4.5,12.323194,76.630583,12.363194,76.670583,05-04-2022,16:50,0.708333333,Sandstorms,Medium,0,Drinks,motorcycle,1.0,No,Urban,10,MYS,South India,16
0xae4e,BANGRES13DEL01,22.0,4.9,12.935662,77.61413,12.945662,77.62413,03-03-2022,08:30,08:35,Cloudy,Low,0,Drinks,motorcycle,0.0,No,Urban,16,BAN,South India,8
0x600d,BANGRES18DEL02,22.0,4.8,12.913041,77.683237,12.933041,77.703237,21-03-2022,08:10,08:25,Sandstorms,Low,1,Snack,scooter,1.0,No,Urban,11,BAN,South India,8
0x74a8,HYDRES02DEL03,32.0,4.5,17.41233,78.449654,17.50233,78.539654,06-03-2022,23:50,1,Stormy,Low,0,Drinks,motorcycle,1.0,No,Urban,21,HYD,South India,23
0x240d,BANGRES03DEL03,28.0,4.6,12.979166,77.640709,13.009166,77.670709,19-03-2022,23:30,23:40,Windy,Low,2,Snack,motorcycle,1.0,No,Urban,10,BAN,South India,23
0x3be0,BANGRES15DEL01,21.0,5.0,12.975377,77.696664,13.085377,77.806664,06-03-2022,21:50,21:55,Windy,Jam,2,Drinks,motorcycle,0.0,No,Urban,17,BAN,South India,21
0xb9df,COIMBRES14DEL02,27.0,4.5,11.003681,76.975525,11.133681,77.105525,08-03-2022,21:25,21:35,Sandstorms,Jam,2,Snack,scooter,0.0,No,Urban,29,COI,South India,21
0xaad6,HYDRES02DEL01,21.0,4.6,17.41233,78.449654,17.48233,78.519654,29-03-2022,23:50,23:55,Stormy,Low,2,Snack,scooter,0.0,No,Urban,17,HYD,South India,23
0xa431,HYDRES03DEL01,21.0,4.7,17.422819,78.449578,17.532819,78.559578,08-03-2022,19:25,19:30,Windy,Jam,2,Buffet,scooter,1.0,No,Urban,16,HYD,South India,19
0x779d,MYSRES14DEL02,29.0,4.8,0.0,0.0,0.05,0.05,03-04-2022,17:10,17:20,Sandstorms,Medium,0,Meal,motorcycle,0.0,No,Urban,15,MYS,South India,17
0xafac,BANGRES01DEL02,28.0,4.6,12.933284,77.615428,12.983284,77.665428,05-04-2022,18:45,18:50,Windy,Medium,2,Meal,motorcycle,1.0,No,Urban,28,BAN,South India,18
0x2f70,CHENRES05DEL03,22.0,4.9,13.058616,80.264151,13.088616,80.294151,15-03-2022,22:40,22:50,Cloudy,Low,0,Drinks,motorcycle,0.0,No,Urban,24,CHE,South India,22
0xca67,KOCRES16DEL02,20.0,4.7,10.003064,76.307589,10.133064,76.437589,18-02-2022,23:30,23:40,Windy,Low,1,Buffet,motorcycle,0.0,No,Urban,15,KOC,South India,23
0x1f67,BANGRES16DEL01,38.0,4.8,13.029198,77.570997,13.039198,77.580997,17-03-2022,08:35,08:45,Fog,Low,0,Snack,motorcycle,1.0,No,Urban,26,BAN,South India,8
0x2bd3,BANGRES18DEL01,32.0,4.7,12.913041,77.683237,12.983041,77.753237,06-04-2022,19:30,19:35,Sunny,Jam,2,Drinks,scooter,1.0,No,Urban,19,BAN,South India,19
0x7110,CHENRES16DEL03,21.0,3.6,13.049645,80.242268,13.109645,80.302268,09-03-2022,19:25,19:35,Sunny,Jam,0,Meal,motorcycle,1.0,No,Urban,46,CHE,South India,19
0x94bd,HYDRES12DEL02,38.0,4.3,17.429585,78.392621,17.449585,78.412621,17-03-2022,08:50,08:55,Sandstorms,Low,0,Meal,motorcycle,1.0,No,Urban,31,HYD,South India,8
0x2795,HYDRES12DEL02,28.0,5.0,17.429585,78.392621,17.479585,78.442621,28-03-2022,20:55,21:05,Fog,Jam,2,Snack,motorcycle,1.0,No,Urban,21,HYD,South India,20
0x7c83,CHENRES07DEL03,35.0,4.5,13.081878,80.248519,13.171878,80.338519,08-03-2022,21:20,21:30,Sandstorms,Jam,2,Snack,electric_scooter,,No,Urban,25,CHE,South India,21
0x75ae,HYDRES03DEL02,24.0,4.5,17.422819,78.449578,17.472819,78.499578,15-03-2022,23:15,23:30,Windy,Low,2,Meal,scooter,1.0,No,Urban,15,HYD,South India,23
0x2b6a,COIMBRES06DEL03,23.0,4.9,11.021278,76.995017,11.081278,77.055017,05-03-2022,20:40,20:45,Stormy,Jam,2,Drinks,motorcycle,,No,Urban,14,COI,South India,20
0x40c8,HYDRES16DEL03,39.0,4.6,17.440827,78.393391,17.470827,78.423391,05-03-2022,18:55,0.791666667,Cloudy,Medium,2,Snack,motorcycle,1.0,No,Urban,15,HYD,South India,18
0xafe3,CHENRES15DEL02,37.0,4.9,13.026286,80.275235,13.106286,80.355235,20-03-2022,18:45,18:50,Sandstorms,Medium,2,Meal,scooter,1.0,No,Urban,26,CHE,South India,18
0xb539,MYSRES07DEL01,36.0,4.5,12.325461,76.632278,12.365461,76.672278,24-03-2022,16:45,0.708333333,Sunny,Medium,1,Buffet,motorcycle,1.0,No,Urban,17,MYS,South India,16
0x4f58,MYSRES05DEL02,25.0,4.1,12.323978,76.627961,12.373978,76.677961,17-03-2022,23:55,24:05:00,Stormy,Low,0,Buffet,motorcycle,1.0,No,Urban,20,MYS,South India,23
0x3e3c,CHENRES01DEL03,25.0,4.0,13.005801,80.250744,13.065801,80.310744,11-03-2022,22:25,22:35,Windy,Low,0,Meal,motorcycle,1.0,No,Urban,23,CHE,South India,22
0x14bb,COIMBRES09DEL01,30.0,4.9,11.008638,76.984311,11.018638,76.994311,03-03-2022,08:35,08:50,Stormy,Low,1,Meal,scooter,0.0,No,Urban,25,COI,South India,8
0x86ab,BANGRES02DEL03,33.0,4.6,12.970221,77.645396,13.060221,77.735396,04-04-2022,21:25,21:40,Cloudy,Jam,0,Snack,motorcycle,1.0,No,Urban,47,BAN,South India,21
0x8973,COIMBRES15DEL01,32.0,4.3,11.006686,76.951736,11.046686,76.991736,21-03-2022,16:20,16:25,Windy,Medium,0,Buffet,motorcycle,1.0,No,Urban,35,COI,South India,16
0x785,CHENRES07DEL03,38.0,4.5,13.081878,80.248519,13.111878,80.278519,01-04-2022,17:50,0.75,Fog,Medium,0,Drinks,motorcycle,1.0,No,Urban,25,CHE,South India,17
0x71eb,HYDRES07DEL01,32.0,4.6,17.424114,78.347554,17.534114,78.457554,02-03-2022,23:30,23:40,Sandstorms,Low,1,Meal,motorcycle,0.0,No,Urban,16,HYD,South India,23
0xc85,COIMBRES11DEL02,23.0,4.7,11.001753,76.986241,11.051753,77.036241,11-03-2022,20:30,20:40,Fog,Jam,2,Buffet,motorcycle,1.0,No,Urban,24,COI,South India,20
0xafa3,BANGRES010DEL03,25.0,4.8,12.933298,77.614293,12.993298,77.674293,03-04-2022,21:15,21:25,Sandstorms,Jam,2,Snack,electric_scooter,1.0,No,Urban,23,BAN,South India,21
0x85f0,MYSRES04DEL03,32.0,4.9,12.3085,76.665808,12.3985,76.755808,02-03-2022,21:25,21:40,Sunny,Jam,0,Snack,motorcycle,0.0,No,Urban,28,MYS,South India,21
0x1d16,MYSRES14DEL03,38.0,4.6,0.0,0.0,0.06,0.06,09-03-2022,17:50,17:55,Fog,Medium,2,Drinks,electric_scooter,1.0,No,Urban,15,MYS,South India,17
0x5e9f,CHENRES08DEL03,37.0,4.9,13.022394,80.242439,13.082394,80.302439,05-04-2022,19:45,0.833333333,Sunny,Jam,2,Drinks,scooter,1.0,No,Urban,21,CHE,South India,19
0x5d49,HYDRES03DEL02,22.0,4.7,17.422819,78.449578,17.502819,78.529578,16-03-2022,20:35,20:40,Stormy,Jam,1,Meal,motorcycle,1.0,No,Urban,17,HYD,South India,20
0xb898,COIMBRES17DEL02,38.0,4.9,11.026117,76.944652,11.046117,76.964652,01-04-2022,10:50,0.458333333,Fog,Low,1,Snack,scooter,1.0,No,Urban,17,COI,South India,10
0x2001,BANGRES05DEL03,37.0,4.7,12.970324,77.645748,13.030324,77.705748,21-03-2022,18:45,18:55,Sunny,Medium,1,Snack,motorcycle,0.0,No,Urban,18,BAN,South India,18
0x92e8,CHENRES04DEL02,36.0,4.8,13.02978,80.208812,13.10978,80.288812,10-03-2022,23:30,23:35,Stormy,Low,1,Buffet,motorcycle,0.0,No,Urban,17,CHE,South India,23
0x3822,COIMBRES09DEL02,28.0,5.0,11.008638,76.984311,11.058638,77.034311,24-03-2022,21:10,21:15,Fog,Jam,2,Buffet,motorcycle,1.0,No,Urban,21,COI,South India,21
0x5434,COIMBRES19DEL02,38.0,4.7,11.022298,76.998349,11.042298,77.018349,17-03-2022,09:15,09:20,Sunny,Low,0,Meal,motorcycle,1.0,No,Urban,24,COI,South India,9
0x76c0,BANGRES09DEL03,31.0,4.6,12.934179,77.615797,12.994179,77.675797,13-03-2022,20:25,20:30,Cloudy,Jam,2,Drinks,scooter,1.0,No,Urban,27,BAN,South India,20
0x4fd7,CHENRES010DEL01,23.0,4.9,13.066762,80.251865,13.076762,80.261865,03-04-2022,08:30,08:45,Sandstorms,Low,1,Buffet,scooter,1.0,No,Urban,10,CHE,South India,8
0x6f35,CHENRES09DEL02,34.0,4.7,13.044694,80.26147,13.064694,80.28147,19-03-2022,10:40,10:45,Fog,Low,1,Buffet,scooter,1.0,No,Urban,19,CHE,South India,10
0x975f,CHENRES07DEL02,30.0,4.9,13.081878,80.248519,13.161878,80.328519,25-03-2022,21:35,21:40,Stormy,Jam,0,Meal,motorcycle,1.0,No,Urban,36,CHE,South India,21
0x41cc,COIMBRES18DEL02,27.0,4.9,11.02091,76.940432,11.15091,77.070432,04-03-2022,18:40,18:45,Stormy,Medium,1,Drinks,motorcycle,1.0,No,Urban,18,COI,South India,18
0x76e2,MYSRES03DEL01,25.0,4.5,12.299524,76.64262,12.309524,76.65262,24-03-2022,10:55,11:05,Fog,Low,1,Meal,scooter,0.0,No,Urban,11,MYS,South India,10
0x75a2,COIMBRES20DEL01,27.0,4.6,10.994136,76.963303,11.104136,77.073303,31-03-2022,17:35,17:50,Stormy,Medium,2,Buffet,electric_scooter,0.0,No,Urban,21,COI,South India,17
0x1f55,CHENRES04DEL01,37.0,5.0,13.02978,80.208812,13.06978,80.248812,01-04-2022,14:55,15:10,Sandstorms,High,0,Drinks,motorcycle,0.0,No,Urban,31,CHE,South India,14
0x7514,CHENRES15DEL01,27.0,4.8,13.026286,80.275235,13.066286,80.315235,13-03-2022,15:15,15:20,Stormy,Medium,2,Buffet,scooter,0.0,No,Urban,21,CHE,South India,15
0x4b24,HYDRES13DEL03,21.0,4.7,17.431477,78.40035,17.461477,78.43035,09-03-2022,17:15,17:30,Stormy,Medium,1,Snack,scooter,1.0,No,Urban,24,HYD,South India,17
0x6cb1,CHENRES20DEL02,33.0,4.8,12.975996,80.221898,13.025996,80.271898,24-03-2022,21:50,22:05,Sunny,Jam,1,Snack,motorcycle,1.0,No,Urban,22,CHE,South India,21
0x10c7,MYSRES03DEL03,21.0,4.7,12.299524,76.64262,12.329524,76.67262,19-03-2022,17:20,17:35,Fog,Medium,2,Buffet,electric_scooter,1.0,No,Urban,19,MYS,South India,17
0x810c,CHENRES18DEL02,36.0,4.8,12.981615,80.231598,13.031615,80.281598,19-03-2022,22:25,22:40,Sunny,Low,1,Meal,motorcycle,0.0,No,Urban,14,CHE,South India,22
0x6475,HYDRES13DEL03,32.0,5.0,17.431477,78.40035,17.521477,78.49035,14-03-2022,20:50,20:55,Fog,Jam,2,Snack,scooter,2.0,No,Urban,46,HYD,South India,20
0x5d43,COIMBRES14DEL01,33.0,3.6,11.003681,76.975525,11.113681,77.085525,04-04-2022,19:55,20:10,Stormy,Jam,2,Meal,scooter,1.0,No,Urban,39,COI,South India,19
0x2685,MYSRES15DEL02,26.0,4.7,12.352058,76.60665,12.482058,76.73665,12-03-2022,22:15,22:30,Sunny,Low,0,Buffet,motorcycle,0.0,No,Urban,22,MYS,South India,22
0x7df8,HYDRES11DEL03,28.0,4.8,17.430448,78.418213,17.460448,78.448213,03-04-2022,22:30,22:45,Fog,Low,1,Buffet,scooter,1.0,No,Urban,16,HYD,South India,22
0x56a3,HYDRES05DEL02,29.0,4.9,17.433809,78.386744,17.513809,78.466744,25-03-2022,20:35,20:40,Sunny,Jam,1,Meal,scooter,0.0,No,Urban,10,HYD,South India,20
0x7640,COIMBRES20DEL01,34.0,4.6,10.994136,76.963303,11.034136,77.003303,11-03-2022,14:25,14:35,Stormy,High,1,Drinks,scooter,1.0,No,Urban,33,COI,South India,14
0x75d0,MYSRES05DEL01,26.0,4.5,12.323978,76.627961,12.363978,76.667961,07-03-2022,12:45,0.541666667,Sandstorms,High,0,Drinks,motorcycle,0.0,No,Urban,23,MYS,South India,12
0xb9ea,MYSRES07DEL02,30.0,4.6,12.325461,76.632278,12.375461,76.682278,26-03-2022,22:50,22:55,Cloudy,Low,1,Snack,scooter,0.0,No,Urban,15,MYS,South India,22
0xcd2a,KOCRES09DEL01,22.0,4.9,10.000706,76.349516,10.070706,76.419516,18-02-2022,21:50,22:05,Windy,Jam,2,Meal,motorcycle,1.0,No,Urban,28,KOC,South India,21
0x6bc,MYSRES04DEL02,30.0,4.6337736972250205,12.3085,76.665808,12.3885,76.745808,31-03-2022,17:30,17:45,Sunny,Medium,1,Buffet,motorcycle,0.0,No,Urban,14,MYS,South India,17
0x35b3,MYSRES01DEL02,25.0,5.0,12.311072,76.654878,12.391072,76.734878,08-03-2022,23:10,23:15,Stormy,Low,2,Snack,scooter,0.0,No,Urban,12,MYS,South India,23
0x5e4c,CHENRES18DEL01,32.0,4.8,12.981615,80.231598,13.091615,80.341598,08-03-2022,23:20,23:35,Stormy,Low,2,Meal,motorcycle,0.0,No,Urban,17,CHE,South India,23
0x90e6,BANGRES010DEL01,21.0,4.9,12.933298,77.614293,13.043298,77.724293,29-03-2022,22:25,22:40,Windy,Low,0,Snack,motorcycle,0.0,No,Urban,21,BAN,South India,22
0x6672,HYDRES19DEL01,26.0,4.6,17.458998,78.500366,17.528998,78.570366,04-03-2022,22:45,22:55,Stormy,Low,0,Buffet,motorcycle,1.0,No,Urban,19,HYD,South India,22
0x5af2,BANGRES18DEL02,39.0,4.9,12.913041,77.683237,12.963041,77.733237,21-03-2022,23:40,23:50,Cloudy,Low,1,Meal,motorcycle,0.0,No,Urban,16,BAN,South India,23
0xb86c,CHENRES11DEL03,21.0,4.5,13.064181,80.236442,13.094181,80.266442,03-04-2022,23:30,23:40,Sandstorms,Low,1,Meal,scooter,0.0,No,Urban,10,CHE,South India,23
0x6e3c,BANGRES02DEL02,35.0,4.5,12.970221,77.645396,12.990221,77.665396,15-03-2022,08:40,08:50,Windy,Low,1,Snack,motorcycle,1.0,No,Urban,29,BAN,South India,8
0x46ab,BANGRES04DEL01,25.0,4.9,12.98041,77.640489,13.02041,77.680489,24-03-2022,12:35,12:45,Stormy,High,0,Buffet,motorcycle,1.0,No,Urban,16,BAN,South India,12
0x7657,HYDRES14DEL02,27.0,4.7,17.426228,78.407495,17.506228,78.487495,20-03-2022,18:30,18:45,Sunny,Medium,0,Buffet,motorcycle,0.0,No,Urban,19,HYD,South India,18
0x92cf,MYSRES03DEL01,22.0,4.9,12.299524,76.64262,12.309524,76.65262,03-03-2022,09:15,09:25,Sandstorms,Low,1,Drinks,motorcycle,0.0,No,Urban,12,MYS,South India,9
0x706e,BANGRES16DEL03,34.0,4.2,13.029198,77.570997,13.059198,77.600997,28-03-2022,18:40,18:45,Windy,Medium,0,Buffet,motorcycle,1.0,No,Urban,35,BAN,South India,18
0x3b7b,MYSRES04DEL02,25.0,4.6,12.3085,76.665808,12.3585,76.715808,09-03-2022,18:45,18:50,Stormy,Medium,0,Snack,motorcycle,1.0,No,Urban,19,MYS,South India,18
0x2cae,HYDRES01DEL03,36.0,4.8,17.410371,78.437225,17.500371,78.527225,02-03-2022,17:40,17:45,Stormy,Medium,1,Snack,scooter,1.0,No,Urban,22,HYD,South India,17
0x1c18,CHENRES010DEL03,30.0,4.6,13.066762,80.251865,13.126762,80.311865,26-03-2022,23:50,1,Sunny,Low,0,Meal,motorcycle,1.0,No,Urban,28,CHE,South India,23
0xcb0,CHENRES18DEL01,23.0,4.9,12.981615,80.231598,13.021615,80.271598,30-03-2022,16:35,16:40,Fog,Medium,1,Snack,motorcycle,1.0,No,Urban,11,CHE,South India,16
0x4c52,HYDRES14DEL02,35.0,4.9,17.426228,78.407495,17.476228,78.457495,30-03-2022,22:25,22:35,Cloudy,Low,2,Drinks,motorcycle,1.0,No,Urban,16,HYD,South India,22
0x6062,CHENRES05DEL03,31.0,4.7,13.058616,80.264151,13.088616,80.294151,28-03-2022,20:10,20:25,Cloudy,Jam,1,Buffet,scooter,0.0,No,Urban,39,CHE,South India,20
0x7896,CHENRES15DEL02,24.0,4.7,13.026286,80.275235,13.046286,80.295235,13-03-2022,11:45,11:50,Cloudy,High,0,Snack,motorcycle,0.0,No,Urban,24,CHE,South India,11
0xa2d8,COIMBRES07DEL01,39.0,4.8,10.96185,76.971082,10.97185,76.981082,01-04-2022,09:25,09:40,Sunny,Low,2,Drinks,electric_scooter,0.0,No,Urban,12,COI,South India,9
0x951d,HYDRES08DEL02,37.0,4.9,17.438263,78.397865,17.568263,78.527865,06-04-2022,22:20,22:30,Sandstorms,Low,1,Buffet,motorcycle,1.0,No,Urban,15,HYD,South India,22
0x3235,BANGRES19DEL03,31.0,4.6,12.914264,77.6784,12.944264,77.7084,28-03-2022,21:55,22:10,Windy,Jam,0,Drinks,motorcycle,1.0,No,Urban,39,BAN,South India,21
0x829d,HYDRES02DEL01,32.0,4.9,17.41233,78.449654,17.42233,78.459654,28-03-2022,08:45,08:55,Windy,Low,2,Buffet,scooter,1.0,No,Urban,25,HYD,South India,8
0x7d36,BANGRES06DEL01,28.0,4.7,12.979096,77.640625,12.989096,77.650625,11-03-2022,08:15,08:25,Sunny,Low,2,Meal,electric_scooter,0.0,No,Urban,20,BAN,South India,8
0x523f,COIMBRES03DEL03,29.0,4.7,11.025083,77.015393,11.085083,77.075393,07-03-2022,18:55,19:10,Fog,Medium,2,Buffet,scooter,0.0,No,Urban,11,COI,South India,18
0x8c5a,CHENRES12DEL02,36.0,4.7,12.972793,80.249982,12.992793,80.269982,07-03-2022,10:30,10:35,Windy,Low,2,Buffet,scooter,1.0,No,Urban,22,CHE,South India,10
0x24d7,HYDRES08DEL01,24.0,4.8,17.438263,78.397865,17.448263,78.407865,19-03-2022,10:20,10:25,Windy,Low,2,Meal,scooter,0.0,No,Urban,13,HYD,South India,10
0x980,MYSRES03DEL02,21.0,4.6,12.299524,76.64262,12.319524,76.66262,05-03-2022,09:45,0.416666667,Cloudy,Low,0,Meal,motorcycle,0.0,No,Urban,22,MYS,South India,9
0x2d5f,MYSRES08DEL02,39.0,4.9,12.297954,76.665169,12.427954,76.795169,10-03-2022,23:25,23:30,Stormy,Low,0,Meal,motorcycle,0.0,No,Urban,24,MYS,South India,23
0x9455,COIMBRES07DEL02,35.0,4.9,10.96185,76.971082,11.04185,77.051082,20-03-2022,20:15,20:25,Cloudy,Jam,1,Drinks,motorcycle,0.0,No,Urban,39,COI,South India,20
0xaf42,HYDRES08DEL03,20.0,4.8,17.438263,78.397865,17.528263,78.487865,25-03-2022,17:30,17:40,Sunny,Medium,2,Meal,scooter,0.0,No,Urban,12,HYD,South India,17
0x6bea,HYDRES11DEL01,28.0,4.6,17.430448,78.418213,17.440448,78.428213,03-04-2022,09:40,09:45,Windy,Low,2,Buffet,scooter,1.0,No,Urban,19,HYD,South India,9
0x12b6,HYDRES13DEL03,24.0,4.9,17.431477,78.40035,17.491477,78.46035,28-03-2022,18:10,18:20,Sunny,Medium,1,Snack,motorcycle,0.0,No,Urban,11,HYD,South India,18
0x3e22,BANGRES03DEL01,29.0,4.5,12.979166,77.640709,12.989166,77.650709,03-03-2022,09:20,09:30,Sandstorms,Low,1,Drinks,motorcycle,0.0,No,Urban,18,BAN,South India,9
0xbce9,HYDRES14DEL03,37.0,4.3,17.426228,78.407495,17.516228,78.497495,06-04-2022,18:50,19:05,Fog,Medium,1,Snack,motorcycle,1.0,No,Urban,31,HYD,South India,18
0xb96b,BANGRES11DEL01,39.0,4.8,12.934365,77.616155,12.944365,77.626155,19-03-2022,09:10,09:15,Sunny,Low,0,Meal,motorcycle,1.0,No,Urban,24,BAN,South India,9
0x9dbd,COIMBRES18DEL02,30.0,5.0,11.02091,76.940432,11.07091,76.990432,21-03-2022,21:10,21:15,Sandstorms,Jam,1,Meal,motorcycle,1.0,No,Urban,28,COI,South India,21
0xb32c,MYSRES03DEL03,24.0,4.6,12.299524,76.64262,12.329524,76.67262,13-03-2022,23:25,23:30,Cloudy,Low,0,Snack,motorcycle,1.0,No,Urban,15,MYS,South India,23
0x91a8,HYDRES01DEL02,39.0,4.8,17.410371,78.437225,17.460371,78.487225,05-04-2022,21:50,22:05,Sandstorms,Jam,1,Buffet,scooter,1.0,No,Urban,28,HYD,South India,21
0x9b44,BANGRES13DEL02,38.0,4.7,12.935662,77.61413,12.985662,77.66413,13-03-2022,18:10,18:25,Sunny,Medium,1,Snack,motorcycle,1.0,No,Urban,20,BAN,South India,18
0xb2f4,BANGRES12DEL02,22.0,4.6,12.939496,77.625999,13.019496,77.705999,12-03-2022,22:15,22:30,Stormy,Low,2,Drinks,motorcycle,1.0,No,Urban,18,BAN,South India,22
0xa7a6,COIMBRES02DEL03,28.0,4.9,11.022477,76.995667,11.052477,77.025667,17-03-2022,22:10,22:20,Sunny,Low,1,Drinks,scooter,1.0,No,Urban,17,COI,South India,22
0xbadd,BANGRES17DEL02,25.0,4.8,12.972532,77.608179,13.102532,77.738179,16-03-2022,21:35,21:45,Windy,Jam,0,Buffet,motorcycle,1.0,No,Urban,36,BAN,South India,21
0x973a,CHENRES16DEL03,32.0,4.6,13.049645,80.242268,13.109645,80.302268,03-04-2022,17:35,17:50,Fog,Medium,1,Meal,scooter,1.0,No,Urban,17,CHE,South India,17
0x11dc,BANGRES02DEL01,25.0,4.9,12.970221,77.645396,13.010221,77.685396,09-03-2022,14:20,14:30,Fog,High,0,Meal,motorcycle,1.0,No,Urban,21,BAN,South India,14
0x55c8,HYDRES11DEL02,26.0,4.8,17.430448,78.418213,17.480448,78.468213,26-03-2022,17:50,18:05,Cloudy,Medium,0,Snack,motorcycle,1.0,No,Urban,22,HYD,South India,17
0x6041,BANGRES15DEL03,23.0,4.6,12.975377,77.696664,13.065377,77.786664,14-03-2022,23:45,23:50,Sandstorms,Low,0,Meal,motorcycle,0.0,No,Urban,16,BAN,South India,23
0x17d6,MYSRES04DEL01,30.0,4.7,12.3085,76.665808,12.3485,76.705808,15-03-2022,14:30,14:35,Sunny,High,1,Drinks,scooter,0.0,No,Urban,16,MYS,South India,14
0xc9a2,KOCRES18DEL02,29.0,4.6,9.957144,76.296783,9.977144,76.316783,17-02-2022,09:20,09:25,Sunny,Low,0,Meal,motorcycle,1.0,No,Urban,18,KOC,South India,9
0x5d5b,MYSRES19DEL01,31.0,4.6,12.334022,76.618203,12.374022,76.658203,13-03-2022,14:10,14:20,Windy,High,2,Drinks,scooter,1.0,No,Urban,28,MYS,South India,14
0x1994,HYDRES09DEL03,29.0,4.6,17.431668,78.408321,17.491668,78.468321,09-03-2022,18:20,18:30,Sunny,Medium,0,Meal,motorcycle,1.0,No,Urban,22,HYD,South India,18
0x6c77,BANGRES010DEL02,24.0,4.5,12.933298,77.614293,12.983298,77.664293,24-03-2022,17:50,18:05,Sandstorms,Medium,2,Meal,scooter,0.0,No,Urban,28,BAN,South India,17
0x981a,HYDRES20DEL03,23.0,4.7,17.483216,78.552111,17.573216,78.642111,02-03-2022,23:45,23:50,Windy,Low,2,Drinks,motorcycle,1.0,No,Urban,13,HYD,South India,23
0xab1c,HYDRES18DEL02,26.0,5.0,17.450851,78.379347,17.530851,78.459347,04-03-2022,23:30,23:35,Cloudy,Low,2,Drinks,motorcycle,0.0,No,Urban,27,HYD,South India,23
0x9317,MYSRES19DEL01,25.0,4.9,12.334022,76.618203,12.374022,76.658203,03-04-2022,12:55,0.541666667,Windy,High,1,Drinks,motorcycle,0.0,No,Urban,15,MYS,South India,12
0x8132,MYSRES03DEL02,20.0,4.8,12.299524,76.64262,12.319524,76.66262,15-03-2022,09:10,09:15,Cloudy,Low,0,Drinks,motorcycle,1.0,No,Urban,17,MYS,South India,9
0x14e9,MYSRES03DEL02,36.0,4.6,12.299524,76.64262,12.379524,76.72262,04-03-2022,23:35,23:45,Stormy,Low,2,Meal,scooter,0.0,No,Urban,27,MYS,South India,23
0x9fff,COIMBRES02DEL02,24.0,4.6,11.022477,76.995667,11.042477,77.015667,01-03-2022,09:15,09:30,Stormy,Low,1,Buffet,motorcycle,0.0,No,Urban,12,COI,South India,9
0x9c4e,CHENRES02DEL01,21.0,4.5,13.086438,80.220672,13.096438,80.230672,24-03-2022,08:10,08:15,Sandstorms,Low,1,Drinks,scooter,1.0,No,Urban,17,CHE,South India,8
0xe1e4,KOCRES14DEL03,22.0,4.6,10.027014,76.308053,10.117014,76.398053,12-02-2022,21:40,21:50,Sandstorms,Jam,1,Drinks,motorcycle,1.0,No,Urban,17,KOC,South India,21
0xa274,CHENRES14DEL01,33.0,4.8,13.026279,80.174568,13.136279,80.284568,02-04-2022,17:35,17:40,Cloudy,Medium,1,Meal,motorcycle,1.0,No,Urban,33,CHE,South India,17
0x7a09,COIMBRES09DEL03,24.0,4.9,11.008638,76.984311,11.038638,77.014311,03-04-2022,18:10,18:20,Cloudy,Medium,1,Meal,scooter,0.0,No,Urban,17,COI,South India,18
0xb5a1,CHENRES02DEL02,28.0,4.9,13.086438,80.220672,13.106438,80.240672,03-03-2022,08:15,08:30,Sandstorms,Low,1,Buffet,scooter,0.0,No,Urban,14,CHE,South India,8
0x499a,BANGRES14DEL02,33.0,4.7,12.949934,77.699386,13.029934,77.779386,16-03-2022,18:45,0.791666667,Fog,Medium,2,Meal,electric_scooter,1.0,No,Urban,30,BAN,South India,18
0x6e57,MYSRES09DEL02,20.0,4.8,12.323194,76.630583,12.453194,76.760583,06-03-2022,23:55,24:10:00,Sunny,Low,0,Meal,motorcycle,1.0,No,Urban,21,MYS,South India,23
0xa5c9,HYDRES12DEL01,33.0,5.0,17.429585,78.392621,17.439585,78.402621,21-03-2022,11:40,11:55,Fog,High,1,Drinks,motorcycle,0.0,No,Urban,31,HYD,South India,11
0x9cb6,CHENRES04DEL01,26.0,4.9,13.02978,80.208812,13.13978,80.318812,12-03-2022,17:15,17:20,Sandstorms,Medium,1,Snack,motorcycle,0.0,No,Urban,23,CHE,South India,17
0x8ce5,CHENRES08DEL02,31.0,4.6,13.022394,80.242439,13.042394,80.262439,21-03-2022,11:20,11:30,Sandstorms,High,2,Meal,scooter,0.0,No,Urban,28,CHE,South India,11
0x28ca,HYDRES18DEL02,27.0,4.7,17.450851,78.379347,17.580851,78.509347,16-03-2022,22:20,22:25,Sandstorms,Low,2,Snack,electric_scooter,0.0,No,Urban,10,HYD,South India,22
0x5356,MYSRES17DEL02,27.0,4.7,12.326356,76.619103,12.456356,76.749103,06-03-2022,21:45,0.916666667,Stormy,Jam,2,Snack,electric_scooter,1.0,No,Urban,28,MYS,South India,21
0x1baa,CHENRES16DEL03,27.0,4.8,13.049645,80.242268,13.079645,80.272268,17-03-2022,19:55,20:05,Stormy,Jam,1,Meal,scooter,0.0,No,Urban,16,CHE,South India,19
0x527e,COIMBRES010DEL01,25.0,4.8,11.003008,76.97544,11.043008,77.01544,21-03-2022,13:20,13:30,Sandstorms,High,1,Buffet,motorcycle,1.0,No,Urban,19,COI,South India,13
0x9b76,COIMBRES16DEL02,29.0,4.8,11.010375,76.95295,11.090375,77.03295,27-03-2022,17:40,17:55,Fog,Medium,0,Meal,motorcycle,1.0,No,Urban,44,COI,South India,17
0x9acd,BANGRES02DEL03,32.0,4.9,12.970221,77.645396,13.000221,77.675396,11-03-2022,19:30,19:45,Fog,Jam,2,Drinks,scooter,1.0,No,Urban,36,BAN,South India,19
0xe1af,KOCRES12DEL01,24.0,4.7,9.988483,76.295211,10.028483,76.335211,15-02-2022,12:15,12:25,Stormy,High,1,Buffet,scooter,0.0,No,Urban,11,KOC,South India,12
0xbdb3,COIMBRES07DEL02,37.0,4.9,10.96185,76.971082,11.09185,77.101082,06-04-2022,20:55,21:10,Windy,Jam,0,Buffet,motorcycle,0.0,No,Urban,36,COI,South India,20
0xb126,COIMBRES12DEL01,23.0,4.6,11.000762,76.981876,11.010762,76.991876,05-04-2022,10:50,0.458333333,Sandstorms,Low,2,Drinks,motorcycle,0.0,No,Urban,10,COI,South India,10
0xadb1,COIMBRES19DEL02,23.0,4.8,11.022298,76.998349,11.152298,77.128349,06-04-2022,19:45,0.833333333,Fog,Jam,2,Drinks,motorcycle,0.0,No,Urban,30,COI,South India,19
0x3630,MYSRES14DEL01,27.0,4.7,0.0,0.0,0.01,0.01,30-03-2022,10:15,10:30,Windy,Low,1,Drinks,motorcycle,1.0,No,Urban,11,MYS,South India,10
0x1dfe,MYSRES02DEL01,25.0,4.8,12.304569,76.643622,12.374569,76.713622,20-03-2022,22:40,22:50,Windy,Low,2,Meal,motorcycle,1.0,No,Urban,19,MYS,South India,22
0x8dc9,CHENRES09DEL03,26.0,4.8,13.044694,80.26147,13.074694,80.29147,05-04-2022,18:35,18:45,Fog,Medium,0,Meal,motorcycle,0.0,No,Urban,26,CHE,South India,18
0x1f17,CHENRES17DEL03,39.0,4.7,13.045479,80.23311,13.075479,80.26311,01-04-2022,17:50,0.75,Windy,Medium,2,Snack,scooter,1.0,No,Urban,25,CHE,South India,17
0x1ac1,BANGRES07DEL03,30.0,4.7,12.978453,77.643685,13.008453,77.673685,28-03-2022,20:30,20:45,Sandstorms,Jam,0,Drinks,motorcycle,2.0,No,Urban,40,BAN,South India,20
0x48ab,BANGRES08DEL01,29.0,4.6,12.906229,77.596791,12.916229,77.606791,13-03-2022,11:40,11:50,Sandstorms,High,0,Buffet,motorcycle,1.0,No,Urban,38,BAN,South India,11
0xbaba,BANGRES02DEL02,21.0,4.8,12.970221,77.645396,13.050221,77.725396,10-03-2022,22:25,22:35,Sandstorms,Low,1,Drinks,scooter,1.0,No,Urban,11,BAN,South India,22
0x9ae7,COIMBRES03DEL03,37.0,5.0,11.025083,77.015393,11.085083,77.075393,13-03-2022,22:20,22:25,Sunny,Low,2,Snack,motorcycle,0.0,No,Urban,16,COI,South India,22
0x5da2,COIMBRES02DEL01,23.0,5.0,11.022477,76.995667,11.032477,77.005667,05-04-2022,09:15,09:30,Sunny,Low,0,Drinks,motorcycle,1.0,No,Urban,13,COI,South India,9
0x6338,MYSRES19DEL02,34.0,4.3,12.334022,76.618203,12.414022,76.698203,29-03-2022,19:10,19:25,Fog,Jam,1,Buffet,scooter,0.0,No,Urban,37,MYS,South India,19
0xa600,COIMBRES02DEL01,33.0,3.5,11.022477,76.995667,11.092477,77.065667,29-03-2022,21:35,21:40,Sandstorms,Jam,2,Snack,motorcycle,1.0,No,Urban,43,COI,South India,21
0x5f33,CHENRES03DEL02,25.0,4.9,13.091809,80.219104,13.111809,80.239104,26-03-2022,09:50,10:05,Cloudy,Low,1,Meal,scooter,0.0,No,Urban,14,CHE,South India,9
0xb262,COIMBRES06DEL02,31.0,4.9,11.021278,76.995017,11.041278,77.015017,28-03-2022,08:20,08:35,Stormy,Low,1,Snack,scooter,1.0,No,Urban,25,COI,South India,8
0x8d72,BANGRES01DEL02,37.0,4.9,12.933284,77.615428,12.983284,77.665428,28-03-2022,1,24:15:00,Sunny,Low,2,Snack,scooter,0.0,No,Urban,14,BAN,South India,1
0x1d53,CHENRES010DEL03,34.0,5.0,13.066762,80.251865,13.096762,80.281865,05-04-2022,20:25,20:40,Sunny,Jam,1,Buffet,scooter,,No,Urban,21,CHE,South India,20
0xd513,KOCRES17DEL03,22.0,4.5,9.959778,76.296106,9.989778,76.326106,17-02-2022,18:10,18:20,Sunny,Medium,0,Drinks,motorcycle,1.0,No,Urban,22,KOC,South India,18
0x96ec,COIMBRES12DEL03,25.0,4.5,11.000762,76.981876,11.060762,77.041876,21-03-2022,17:30,17:35,Sandstorms,Medium,2,Drinks,electric_scooter,1.0,No,Urban,22,COI,South India,17
0x8a3e,MYSRES05DEL02,34.0,4.8,12.323978,76.627961,12.453978,76.757961,06-04-2022,17:20,17:25,Sunny,Medium,1,Meal,scooter,1.0,No,Urban,18,MYS,South India,17
0xbc7c,BANGRES20DEL03,30.0,4.7,12.972161,77.596014,13.002161,77.626014,17-03-2022,23:25,23:40,Cloudy,Low,2,Buffet,motorcycle,0.0,No,Urban,19,BAN,South India,23
0x2e01,BANGRES03DEL02,21.0,4.0,12.979166,77.640709,13.059166,77.720709,23-03-2022,17:40,17:45,Stormy,Medium,0,Meal,motorcycle,0.0,No,Urban,38,BAN,South India,17
0x8f89,COIMBRES16DEL01,29.0,4.6,11.010375,76.95295,11.050375,76.99295,05-03-2022,12:25,12:40,Stormy,High,0,Buffet,motorcycle,1.0,No,Urban,30,COI,South India,12
0x303b,MYSRES11DEL03,25.0,5.0,12.323225,76.630028,12.353225,76.660028,05-03-2022,19:35,19:45,Fog,Jam,2,Snack,scooter,1.0,No,Urban,27,MYS,South India,19
0x4f99,CHENRES02DEL03,24.0,4.7,13.086438,80.220672,13.176438,80.310672,12-03-2022,21:50,0.916666667,Sunny,Jam,2,Meal,motorcycle,1.0,No,Urban,16,CHE,South India,21
0x6bba,CHENRES14DEL03,35.0,4.7,13.026279,80.174568,13.086279,80.234568,24-03-2022,23:20,23:25,Sandstorms,Low,1,Snack,scooter,1.0,No,Urban,29,CHE,South India,23
0x457a,CHENRES18DEL01,25.0,4.6,12.981615,80.231598,13.051615,80.301598,16-03-2022,21:20,21:25,Fog,Jam,1,Drinks,scooter,1.0,No,Urban,44,CHE,South India,21
0x8348,HYDRES14DEL02,22.0,4.7,17.426228,78.407495,17.476228,78.457495,15-03-2022,20:35,20:50,Sunny,Jam,1,Snack,scooter,1.0,No,Urban,12,HYD,South India,20
0x1f4e,HYDRES17DEL01,23.0,5.0,17.451976,78.385883,17.521976,78.455883,23-03-2022,22:45,0.958333333,Windy,Low,2,Buffet,electric_scooter,0.0,No,Urban,12,HYD,South India,22
0x32e4,CHENRES01DEL02,28.0,4.6,13.005801,80.250744,13.135801,80.380744,06-03-2022,21:55,22:05,Windy,Jam,1,Buffet,scooter,1.0,No,Urban,29,CHE,South India,21
0x5818,MYSRES09DEL03,29.0,4.7,12.323194,76.630583,12.353194,76.660583,24-03-2022,21:30,21:35,Windy,Jam,0,Meal,motorcycle,1.0,No,Urban,22,MYS,South India,21
0x4a91,CHENRES16DEL02,37.0,4.7,13.049645,80.242268,13.099645,80.292268,03-03-2022,21:10,21:20,Cloudy,Jam,2,Meal,scooter,1.0,No,Urban,27,CHE,South India,21
0x591f,BANGRES12DEL02,39.0,4.9,12.939496,77.625999,12.959496,77.645999,05-04-2022,09:30,09:40,Sunny,Low,2,Snack,scooter,1.0,No,Urban,13,BAN,South India,9
0xbc13,COIMBRES05DEL03,26.0,4.6,11.022169,76.999594,11.082169,77.059594,13-03-2022,19:25,19:40,Windy,Jam,2,Meal,scooter,1.0,No,Urban,14,COI,South India,19
0x2880,COIMBRES07DEL03,22.0,4.9,10.96185,76.971082,11.02185,77.031082,05-04-2022,18:15,18:25,Stormy,Medium,0,Meal,motorcycle,1.0,No,Urban,25,COI,South India,18
0xa345,MYSRES18DEL03,28.0,4.8,12.337928,76.617889,12.397928,76.677889,01-04-2022,22:40,22:50,Fog,Low,1,Drinks,scooter,,No,Urban,15,MYS,South India,22
0xbe00,COIMBRES010DEL01,25.0,4.8,11.003008,76.97544,11.113008,77.08544,02-03-2022,23:50,24:05:00,Sunny,Low,2,Buffet,electric_scooter,1.0,No,Urban,30,COI,South India,23
0x37dc,HYDRES20DEL02,28.0,4.8,17.483216,78.552111,17.613216,78.682111,04-04-2022,23:30,23:35,Windy,Low,1,Meal,motorcycle,1.0,No,Urban,10,HYD,South India,23
0x5cef,HYDRES010DEL01,23.0,4.8,17.428294,78.404423,17.438294,78.414423,17-03-2022,11:15,11:20,Windy,High,2,Drinks,scooter,1.0,No,Urban,18,HYD,South India,11
0x4ed2,HYDRES06DEL02,29.0,4.7,17.455894,78.375467,17.585894,78.505467,12-03-2022,20:30,20:40,Sandstorms,Jam,2,Meal,scooter,0.0,No,Urban,22,HYD,South India,20
0x6e64,BANGRES04DEL03,22.0,4.5,12.98041,77.640489,13.01041,77.670489,28-03-2022,22:20,22:25,Windy,Low,2,Meal,scooter,1.0,No,Urban,15,BAN,South India,22
0x594f,CHENRES03DEL03,30.0,4.8,13.091809,80.219104,13.181809,80.309104,10-03-2022,23:55,1,Sandstorms,Low,2,Meal,scooter,0.0,No,Urban,17,CHE,South India,23
0x7fa9,CHENRES20DEL01,20.0,4.8,12.975996,80.221898,13.045996,80.291898,29-03-2022,23:10,23:20,Cloudy,Low,2,Meal,scooter,0.0,No,Urban,21,CHE,South India,23
0x52f4,HYDRES13DEL01,22.0,4.6,17.431477,78.40035,17.441477,78.41035,24-03-2022,11:30,11:35,Sandstorms,High,0,Buffet,motorcycle,1.0,No,Urban,15,HYD,South India,11
0x181b,HYDRES16DEL02,39.0,4.9,17.440827,78.393391,17.490827,78.443391,01-04-2022,17:50,18:05,Sunny,Medium,0,Meal,motorcycle,0.0,No,Urban,27,HYD,South India,17
0x48db,MYSRES05DEL02,28.0,4.6,12.323978,76.627961,12.403978,76.707961,06-03-2022,18:20,18:35,Fog,Medium,1,Snack,motorcycle,1.0,No,Urban,38,MYS,South India,18
0xb1ca,MYSRES20DEL03,34.0,4.5,12.337978,76.616792,12.397978,76.676792,28-03-2022,19:45,0.833333333,Cloudy,Jam,0,Buffet,motorcycle,1.0,No,Urban,30,MYS,South India,19
0x4898,MYSRES06DEL01,28.0,4.1,12.323994,76.626167,12.363994,76.666167,05-03-2022,13:15,13:20,Windy,High,0,Meal,motorcycle,1.0,No,Urban,37,MYS,South India,13
0x234f,COIMBRES03DEL02,27.0,4.6,11.025083,77.015393,11.075083,77.065393,19-03-2022,18:25,18:40,Stormy,Medium,2,Snack,scooter,1.0,No,Urban,20,COI,South India,18
0xaf01,CHENRES19DEL03,26.0,4.7,12.986047,80.218114,13.016047,80.248114,11-03-2022,18:25,18:35,Windy,Medium,0,Drinks,motorcycle,0.0,No,Urban,16,CHE,South India,18
0xc4a8,KOCRES06DEL01,39.0,4.6,9.982834,76.283268,9.992834,76.293268,15-02-2022,11:30,11:45,Stormy,High,1,Drinks,motorcycle,1.0,No,Urban,25,KOC,South India,11
0x74c8,CHENRES17DEL01,23.0,4.9,13.045479,80.23311,13.055479,80.24311,05-04-2022,09:40,09:55,Cloudy,Low,0,Snack,motorcycle,1.0,No,Urban,18,CHE,South India,9
0x2e3b,COIMBRES20DEL02,21.0,4.7,10.994136,76.963303,11.124136,77.093303,14-03-2022,23:50,24:05:00,Fog,Low,1,Snack,motorcycle,1.0,No,Urban,24,COI,South India,23
0x4a79,COIMBRES04DEL01,22.0,4.5,11.024839,77.007003,11.094839,77.077003,25-03-2022,18:15,18:30,Windy,Medium,0,Buffet,motorcycle,1.0,No,Urban,26,COI,South India,18
0x6075,HYDRES07DEL01,21.0,4.9,17.424114,78.347554,17.534114,78.457554,04-03-2022,21:55,0.916666667,Stormy,Jam,1,Buffet,motorcycle,0.0,No,Urban,16,HYD,South India,21
0x3291,MYSRES11DEL02,23.0,4.5,12.323225,76.630028,12.403225,76.710028,29-03-2022,18:20,18:25,Sunny,Medium,1,Snack,scooter,0.0,No,Urban,11,MYS,South India,18
0x4913,COIMBRES03DEL01,22.0,4.7,11.025083,77.015393,11.095083,77.085393,16-03-2022,19:20,19:25,Windy,Jam,2,Buffet,electric_scooter,0.0,No,Urban,16,COI,South India,19
0x65cf,COIMBRES07DEL03,39.0,4.8,10.96185,76.971082,10.99185,77.001082,05-03-2022,21:15,21:25,Sunny,Jam,2,Drinks,electric_scooter,0.0,No,Urban,15,COI,South India,21
0x4868,HYDRES20DEL02,34.0,4.2,17.483216,78.552111,17.503216,78.572111,19-03-2022,10:40,10:50,Sandstorms,Low,0,Drinks,motorcycle,0.0,No,Urban,20,HYD,South India,10
0xb08e,COIMBRES18DEL01,21.0,4.8,11.02091,76.940432,11.09091,77.010432,25-03-2022,18:30,18:40,Sandstorms,Medium,1,Snack,motorcycle,1.0,No,Urban,15,COI,South India,18
0xbd2f,MYSRES09DEL01,38.0,4.6,12.323194,76.630583,12.433194,76.740583,31-03-2022,18:40,18:55,Cloudy,Medium,2,Meal,motorcycle,2.0,No,Urban,33,MYS,South India,18
0xa5d,COIMBRES14DEL03,24.0,4.6,11.003681,76.975525,11.033681,77.005525,19-03-2022,23:25,23:40,Stormy,Low,1,Drinks,scooter,0.0,No,Urban,12,COI,South India,23
0xaff0,COIMBRES17DEL01,36.0,4.7,11.026117,76.944652,11.066117,76.984652,03-03-2022,12:15,12:30,Stormy,High,0,Snack,motorcycle,1.0,No,Urban,40,COI,South India,12
0x7131,CHENRES16DEL03,32.0,4.8,13.049645,80.242268,13.139645,80.332268,12-03-2022,17:40,17:55,Fog,Medium,0,Drinks,motorcycle,1.0,No,Urban,36,CHE,South India,17
0x6c9c,BANGRES03DEL02,21.0,5.0,12.979166,77.640709,13.109166,77.770709,02-03-2022,23:25,23:30,Sunny,Low,0,Drinks,motorcycle,1.0,No,Urban,22,BAN,South India,23
0x9c0d,HYDRES17DEL01,22.0,4.9,17.451976,78.385883,17.461976,78.395883,28-03-2022,10:25,10:40,Sunny,Low,0,Snack,motorcycle,1.0,No,Urban,10,HYD,South India,10
0x6a36,HYDRES07DEL01,21.0,4.7,17.424114,78.347554,17.434114,78.357554,05-04-2022,11:25,11:35,Windy,High,0,Meal,motorcycle,1.0,No,Urban,16,HYD,South India,11
0x546e,MYSRES19DEL03,20.0,4.9,12.334022,76.618203,12.424022,76.708203,23-03-2022,20:20,20:35,Fog,Jam,0,Buffet,motorcycle,1.0,No,Urban,37,MYS,South India,20
0x1d1c,HYDRES02DEL02,22.0,4.5,17.41233,78.449654,17.49233,78.529654,31-03-2022,22:35,22:50,Windy,Low,1,Snack,scooter,1.0,No,Urban,11,HYD,South India,22
0xa7c3,HYDRES03DEL01,33.0,4.8,17.422819,78.449578,17.462819,78.489578,07-03-2022,12:40,12:55,Stormy,High,0,Buffet,motorcycle,1.0,No,Urban,37,HYD,South India,12
0xba60,BANGRES20DEL01,21.0,4.8,12.972161,77.596014,13.012161,77.636014,19-03-2022,16:45,16:50,Sunny,Medium,1,Meal,motorcycle,0.0,No,Urban,12,BAN,South India,16
0x6413,BANGRES010DEL01,26.0,4.5,12.933298,77.614293,13.043298,77.724293,14-03-2022,21:30,21:45,Windy,Jam,1,Meal,motorcycle,1.0,No,Urban,15,BAN,South India,21
0x7376,MYSRES06DEL01,27.0,4.7,12.323994,76.626167,12.363994,76.666167,01-03-2022,14:10,14:25,Sandstorms,High,1,Meal,scooter,0.0,No,Urban,26,MYS,South India,14
0x21e7,HYDRES03DEL01,35.0,4.8,17.422819,78.449578,17.532819,78.559578,18-03-2022,22:20,22:35,Stormy,Low,1,Drinks,motorcycle,0.0,No,Urban,16,HYD,South India,22
0x636a,HYDRES03DEL02,23.0,4.9,17.422819,78.449578,17.502819,78.529578,27-03-2022,21:55,22:05,Windy,Jam,1,Buffet,motorcycle,0.0,No,Urban,27,HYD,South India,21
0x31fc,BANGRES01DEL02,25.0,4.5,12.933284,77.615428,12.983284,77.665428,05-03-2022,23:35,23:50,Stormy,Low,0,Meal,motorcycle,1.0,No,Urban,27,BAN,South India,23
0xb426,BANGRES010DEL02,30.0,4.6,12.933298,77.614293,13.013298,77.694293,06-04-2022,18:55,19:10,Sunny,Medium,2,Buffet,motorcycle,1.0,No,Urban,18,BAN,South India,18
0x2043,COIMBRES19DEL01,25.0,4.9,11.022298,76.998349,11.132298,77.108349,12-03-2022,17:30,17:45,Sunny,Medium,2,Meal,motorcycle,1.0,No,Urban,19,COI,South India,17
0x89ee,HYDRES13DEL02,24.0,4.5,17.431477,78.40035,17.451477,78.42035,21-03-2022,08:10,08:20,Windy,Low,1,Snack,motorcycle,0.0,No,Urban,10,HYD,South India,8
0xbd05,COIMBRES04DEL03,27.0,4.6,11.024839,77.007003,11.114839,77.097003,08-03-2022,17:45,17:50,Sunny,Medium,2,Drinks,electric_scooter,1.0,No,Urban,11,COI,South India,17
0x6f1c,COIMBRES14DEL03,26.0,4.7,11.003681,76.975525,11.033681,77.005525,03-03-2022,22:15,22:25,Windy,Low,1,Buffet,motorcycle,0.0,No,Urban,19,COI,South India,22
0x382f,BANGRES04DEL02,33.0,5.0,12.98041,77.640489,13.03041,77.690489,03-04-2022,19:40,19:55,Windy,Jam,2,Snack,electric_scooter,1.0,No,Urban,30,BAN,South India,19
0x79ba,HYDRES05DEL03,24.0,4.8,17.433809,78.386744,17.463809,78.416744,24-03-2022,21:10,21:15,Sandstorms,Jam,2,Meal,motorcycle,1.0,No,Urban,29,HYD,South India,21
0xa069,MYSRES04DEL01,26.0,4.9,12.3085,76.665808,12.4185,76.775808,14-03-2022,18:40,18:50,Sunny,Medium,2,Buffet,electric_scooter,0.0,No,Urban,12,MYS,South India,18
0x76a4,COIMBRES16DEL02,39.0,4.1,11.010375,76.95295,11.090375,77.03295,06-03-2022,22:10,22:25,Fog,Low,2,Meal,electric_scooter,1.0,No,Urban,38,COI,South India,22
0x53b5,MYSRES03DEL03,29.0,4.5,12.299524,76.64262,12.359524,76.70262,01-03-2022,1,24:15:00,Fog,Low,2,Snack,motorcycle,1.0,No,Urban,15,MYS,South India,1
0x3f22,BANGRES02DEL03,34.0,4.2,12.970221,77.645396,13.060221,77.735396,10-03-2022,17:30,17:35,Windy,Medium,2,Buffet,scooter,1.0,No,Urban,32,BAN,South India,17
0x6d7c,CHENRES11DEL02,38.0,4.7,13.064181,80.236442,13.144181,80.316442,06-03-2022,18:45,0.791666667,Fog,Medium,0,Drinks,motorcycle,2.0,No,Urban,43,CHE,South India,18
0x9468,COIMBRES06DEL03,21.0,4.6,11.021278,76.995017,11.111278,77.085017,23-03-2022,22:55,23:10,Stormy,Low,2,Drinks,scooter,1.0,No,Urban,16,COI,South India,22
0xbd82,MYSRES17DEL01,20.0,4.4,12.326356,76.619103,12.336356,76.629103,30-03-2022,09:25,09:35,Sandstorms,Low,0,Drinks,motorcycle,1.0,No,Urban,20,MYS,South India,9
0xe1aa,KOCRES13DEL02,33.0,5.0,9.991703,76.293136,10.011703,76.313136,15-02-2022,10:45,10:50,Sandstorms,Low,1,Meal,motorcycle,1.0,No,Urban,25,KOC,South India,10
0x148c,BANGRES15DEL02,38.0,4.7,12.975377,77.696664,13.025377,77.746664,24-03-2022,18:55,19:05,Fog,Medium,2,Meal,motorcycle,1.0,No,Urban,17,BAN,South India,18
0x47f2,CHENRES16DEL01,33.0,4.9,13.049645,80.242268,13.119645,80.312268,02-03-2022,22:40,22:45,Windy,Low,2,Meal,electric_scooter,1.0,No,Urban,28,CHE,South India,22
0x1211,CHENRES09DEL02,20.0,4.9,13.044694,80.26147,13.174694,80.39147,27-03-2022,17:20,17:35,Sandstorms,Medium,1,Snack,scooter,1.0,No,Urban,23,CHE,South India,17
0xa161,BANGRES02DEL03,38.0,4.5,12.970221,77.645396,13.030221,77.705396,05-03-2022,23:15,23:25,Fog,Low,1,Drinks,scooter,1.0,No,Urban,16,BAN,South India,23
0xf14,MYSRES15DEL03,22.0,4.9,12.352058,76.60665,12.382058,76.63665,21-03-2022,23:50,1,Stormy,Low,2,Buffet,scooter,,,Urban,11,MYS,South India,23
0x36b5,BANGRES010DEL01,27.0,4.2,12.933298,77.614293,12.943298,77.624293,07-03-2022,10:50,0.458333333,Sandstorms,Low,0,Snack,motorcycle,0.0,No,Urban,20,BAN,South India,10
0x3163,MYSRES20DEL01,22.0,4.7,12.337978,76.616792,12.377978,76.656792,26-03-2022,15:10,15:15,Sunny,Medium,2,Snack,scooter,1.0,No,Urban,19,MYS,South India,15
0x21d4,CHENRES04DEL02,21.0,4.9,13.02978,80.208812,13.15978,80.338812,23-03-2022,22:20,22:30,Windy,Low,0,Buffet,motorcycle,0.0,No,Urban,18,CHE,South India,22
0x8ccc,BANGRES03DEL02,24.0,4.5,12.979166,77.640709,13.109166,77.770709,16-03-2022,23:35,23:40,Sandstorms,Low,0,Drinks,motorcycle,1.0,No,Urban,22,BAN,South India,23
0xdd8b,KOCRES01DEL02,25.0,4.6,9.979363,76.285001,10.059363,76.365001,18-02-2022,19:55,20:05,Cloudy,Jam,2,Meal,motorcycle,1.0,No,Urban,37,KOC,South India,19
0x511b,HYDRES13DEL03,22.0,4.6,17.431477,78.40035,17.461477,78.43035,11-03-2022,20:35,20:40,Cloudy,Jam,0,Snack,motorcycle,1.0,No,Urban,20,HYD,South India,20
0x6247,CHENRES20DEL01,28.0,4.6,12.975996,80.221898,13.045996,80.291898,20-03-2022,18:10,18:20,Stormy,Medium,1,Snack,motorcycle,1.0,No,Urban,16,CHE,South India,18
0x507d,COIMBRES04DEL01,21.0,4.8,11.024839,77.007003,11.064839,77.047003,19-03-2022,13:30,13:40,Cloudy,High,0,Meal,motorcycle,1.0,No,Urban,22,COI,South India,13
0x9820,COIMBRES13DEL02,34.0,4.8,11.003669,76.976494,11.083669,77.056494,06-04-2022,23:40,23:45,Sunny,Low,0,Snack,motorcycle,1.0,No,Urban,26,COI,South India,23
0x1da6,HYDRES11DEL01,29.0,4.9,17.430448,78.418213,17.470448,78.458213,03-04-2022,14:10,14:20,Stormy,High,2,Snack,electric_scooter,1.0,No,Urban,22,HYD,South India,14
0x569a,COIMBRES04DEL02,22.0,4.9,11.024839,77.007003,11.154839,77.137003,25-03-2022,17:15,17:20,Fog,Medium,1,Drinks,scooter,1.0,No,Urban,26,COI,South India,17
0x1fac,BANGRES08DEL03,32.0,4.8,12.906229,77.596791,12.996229,77.686791,23-03-2022,22:20,22:25,Fog,Low,0,Meal,motorcycle,1.0,No,Urban,42,BAN,South India,22
0x49a4,COIMBRES06DEL01,21.0,4.5,11.021278,76.995017,11.091278,77.065017,04-03-2022,23:25,23:40,Sandstorms,Low,0,Buffet,motorcycle,1.0,No,Urban,16,COI,South India,23
0x783a,BANGRES06DEL01,34.0,3.6,12.979096,77.640625,13.049096,77.710625,02-04-2022,18:10,18:20,Stormy,Medium,1,Snack,scooter,0.0,No,Urban,38,BAN,South India,18
0x9294,COIMBRES02DEL02,37.0,4.5,11.022477,76.995667,11.072477,77.045667,07-03-2022,18:40,18:55,Sunny,Medium,1,Meal,motorcycle,1.0,No,Urban,20,COI,South India,18
0xf4f,MYSRES01DEL03,23.0,4.2,12.311072,76.654878,12.341072,76.684878,21-03-2022,22:40,22:45,Windy,Low,0,Drinks,motorcycle,1.0,No,Urban,17,MYS,South India,22
0x701e,COIMBRES06DEL01,25.0,4.7,11.021278,76.995017,11.131278,77.105017,02-04-2022,20:15,20:20,Cloudy,Jam,2,Buffet,scooter,0.0,No,Urban,38,COI,South India,20
0x26e2,CHENRES12DEL03,27.0,4.9,12.972793,80.249982,13.032793,80.309982,03-04-2022,21:25,21:40,Stormy,Jam,2,Snack,scooter,1.0,No,Urban,21,CHE,South India,21
0xb1ea,BANGRES05DEL02,31.0,5.0,12.970324,77.645748,12.990324,77.665748,11-03-2022,09:45,0.416666667,Sunny,Low,2,Snack,scooter,0.0,No,Urban,11,BAN,South India,9
0xa462,CHENRES14DEL02,23.0,4.8,13.026279,80.174568,13.046279,80.194568,01-03-2022,09:55,0.416666667,Windy,Low,1,Meal,motorcycle,0.0,No,Urban,10,CHE,South India,9
0x5d3d,BANGRES09DEL03,35.0,4.9,12.934179,77.615797,13.024179,77.705797,04-04-2022,22:55,23:05,Windy,Low,2,Buffet,scooter,1.0,No,Urban,15,BAN,South India,22
0x6099,COIMBRES07DEL01,27.0,4.1,10.96185,76.971082,10.97185,76.981082,03-03-2022,08:15,08:25,Windy,Low,0,Snack,motorcycle,0.0,No,Urban,16,COI,South India,8
0x23f6,HYDRES03DEL01,33.0,4.1,17.422819,78.449578,17.432819,78.459578,01-03-2022,10:50,11:05,Sandstorms,Low,0,Snack,motorcycle,0.0,No,Urban,28,HYD,South India,10
0x6556,CHENRES07DEL02,22.0,4.6,13.081878,80.248519,13.211878,80.378519,14-03-2022,22:40,22:50,Fog,Low,0,Buffet,motorcycle,1.0,No,Urban,21,CHE,South India,22
0x42e8,BANGRES08DEL02,29.0,4.8,12.906229,77.596791,13.036229,77.726791,20-03-2022,23:15,23:30,Fog,Low,0,Drinks,motorcycle,1.0,No,Urban,24,BAN,South India,23
0x322c,MYSRES08DEL01,21.0,4.6,12.297954,76.665169,12.337954,76.705169,03-03-2022,15:20,15:25,Cloudy,Medium,2,Buffet,scooter,0.0,No,Urban,13,MYS,South India,15
0x7ba9,BANGRES15DEL01,33.0,4.7,12.975377,77.696664,13.045377,77.766664,29-03-2022,17:20,17:25,Sandstorms,Medium,2,Drinks,scooter,1.0,No,Urban,24,BAN,South India,17
0xe0e5,KOCRES01DEL01,35.0,4.6,9.979363,76.285001,9.989363,76.295001,17-02-2022,10:55,0.458333333,Windy,Low,2,Snack,motorcycle,1.0,No,Urban,23,KOC,South India,10
0xc59f,KOCRES12DEL01,30.0,4.9,9.988483,76.295211,9.998483,76.305211,17-02-2022,11:35,11:45,Fog,High,2,Meal,scooter,1.0,No,Urban,27,KOC,South India,11
0x2407,COIMBRES17DEL01,25.0,4.2,11.026117,76.944652,11.136117,77.054652,29-03-2022,19:25,19:35,Cloudy,Jam,2,Buffet,electric_scooter,0.0,No,Urban,34,COI,South India,19
0x9871,HYDRES08DEL03,37.0,4.9,17.438263,78.397865,17.468263,78.427865,15-03-2022,19:25,19:30,Fog,Jam,1,Snack,scooter,1.0,No,Urban,35,HYD,South India,19
0x8ba8,COIMBRES15DEL01,29.0,4.8,11.006686,76.951736,11.046686,76.991736,13-03-2022,13:35,13:50,Stormy,High,0,Meal,motorcycle,0.0,No,Urban,22,COI,South India,13
0x801b,BANGRES12DEL03,38.0,4.8,12.939496,77.625999,12.999496,77.685999,11-03-2022,18:30,18:35,Sunny,Medium,0,Meal,motorcycle,0.0,No,Urban,24,BAN,South India,18
0x614c,HYDRES15DEL02,34.0,5.0,17.45971,78.368855,17.50971,78.418855,26-03-2022,18:15,18:30,Fog,Medium,0,Drinks,motorcycle,1.0,No,Urban,28,HYD,South India,18
0x69d2,BANGRES13DEL02,29.0,4.8,12.935662,77.61413,12.955662,77.63413,28-03-2022,09:50,09:55,Cloudy,Low,1,Snack,scooter,0.0,No,Urban,19,BAN,South India,9
0x5ac1,MYSRES07DEL03,25.0,4.9,12.325461,76.632278,12.355461,76.662278,03-03-2022,21:40,21:45,Sandstorms,Jam,1,Drinks,scooter,1.0,No,Urban,25,MYS,South India,21
0x8a3d,BANGRES11DEL02,36.0,4.7,12.934365,77.616155,13.014365,77.696155,02-03-2022,17:15,17:30,Sandstorms,Medium,0,Drinks,motorcycle,1.0,No,Urban,30,BAN,South India,17
0x31af,COIMBRES17DEL01,36.0,4.2,11.026117,76.944652,11.066117,76.984652,24-03-2022,16:55,0.708333333,Stormy,Medium,1,Buffet,motorcycle,0.0,No,Urban,34,COI,South India,16
0x1929,HYDRES11DEL02,28.0,4.9,17.430448,78.418213,17.450448,78.438213,07-03-2022,08:45,0.375,Stormy,Low,1,Snack,motorcycle,1.0,No,Urban,18,HYD,South India,8
0xd8f9,KOCRES06DEL01,34.0,4.6,9.982834,76.283268,9.992834,76.293268,13-02-2022,10:30,10:40,Stormy,Low,2,Meal,motorcycle,0.0,No,Urban,27,KOC,South India,10
0xabb0,MYSRES02DEL01,37.0,4.5,12.304569,76.643622,12.374569,76.713622,12-03-2022,23:55,24:10:00,Stormy,Low,1,Buffet,scooter,1.0,No,Urban,22,MYS,South India,23
0xbb2e,COIMBRES09DEL01,24.0,4.8,11.008638,76.984311,11.048638,77.024311,11-03-2022,14:35,14:50,Windy,High,0,Meal,motorcycle,1.0,No,Urban,22,COI,South India,14
0x3faf,HYDRES05DEL02,26.0,4.0,17.433809,78.386744,17.453809,78.406744,28-03-2022,08:30,08:45,Windy,Low,0,Meal,motorcycle,0.0,No,Urban,22,HYD,South India,8
0x7115,COIMBRES06DEL02,20.0,4.7,11.021278,76.995017,11.071278,77.045017,26-03-2022,19:50,0.833333333,Sunny,Jam,1,Snack,motorcycle,1.0,No,Urban,15,COI,South India,19
0xeda,MYSRES18DEL01,32.0,4.7,12.337928,76.617889,12.377928,76.657889,09-03-2022,15:25,15:40,Sandstorms,Medium,0,Buffet,motorcycle,0.0,No,Urban,28,MYS,South India,15
0x68f9,BANGRES07DEL01,25.0,4.5,12.978453,77.643685,13.048453,77.713685,23-03-2022,18:30,18:45,Windy,Medium,1,Buffet,motorcycle,1.0,No,Urban,27,BAN,South India,18
0xb3dc,CHENRES20DEL01,27.0,4.7,12.975996,80.221898,13.015996,80.261898,26-03-2022,16:10,16:15,Sandstorms,Medium,0,Drinks,motorcycle,0.0,No,Urban,16,CHE,South India,16
0x302a,BANGRES01DEL02,25.0,4.7,12.933284,77.615428,13.013284,77.695428,27-03-2022,19:15,19:30,Stormy,Jam,1,Meal,motorcycle,1.0,No,Urban,29,BAN,South India,19
0x1851,CHENRES07DEL02,26.0,5.0,13.081878,80.248519,13.131878,80.298519,19-03-2022,17:10,17:25,Sunny,Medium,0,Drinks,motorcycle,1.0,No,Urban,16,CHE,South India,17
0x7a29,BANGRES19DEL01,39.0,4.4,12.914264,77.6784,12.924264,77.6884,05-04-2022,09:25,09:35,Stormy,Low,0,Drinks,motorcycle,1.0,No,Urban,20,BAN,South India,9
0x2aa5,CHENRES08DEL03,20.0,4.8,13.022394,80.242439,13.082394,80.302439,07-03-2022,22:30,22:40,Cloudy,Low,1,Buffet,motorcycle,1.0,No,Urban,11,CHE,South India,22
0x3bdb,COIMBRES14DEL03,37.0,4.9,11.003681,76.975525,11.093681,77.065525,10-03-2022,18:35,18:45,Fog,Medium,0,Drinks,motorcycle,1.0,No,Urban,43,COI,South India,18
0x963b,MYSRES20DEL02,29.0,4.5,12.337978,76.616792,12.357978,76.636792,05-03-2022,09:55,10:10,Cloudy,Low,2,Meal,scooter,,No,Urban,14,MYS,South India,9
0x953c,CHENRES17DEL02,36.0,5.0,13.045479,80.23311,13.125479,80.31311,06-03-2022,22:10,22:15,Windy,Low,2,Buffet,scooter,1.0,No,Urban,25,CHE,South India,22
0x55f9,CHENRES05DEL01,26.0,4.8,13.058616,80.264151,13.098616,80.304151,15-03-2022,16:20,16:30,Cloudy,Medium,2,Snack,scooter,1.0,No,Urban,17,CHE,South India,16
0xa7b3,CHENRES14DEL03,25.0,4.6,13.026279,80.174568,13.056279,80.204568,01-04-2022,23:50,1,Cloudy,Low,2,Meal,scooter,0.0,No,Urban,10,CHE,South India,23
0x11c1,BANGRES09DEL02,21.0,4.8,12.934179,77.615797,13.064179,77.745797,20-03-2022,23:50,23:55,Sunny,Low,2,Drinks,electric_scooter,1.0,No,Urban,28,BAN,South India,23
0xb53b,MYSRES16DEL03,36.0,4.6,12.316967,76.603067,12.376967,76.663067,05-03-2022,20:30,20:45,Stormy,Jam,2,Snack,scooter,1.0,No,Urban,30,MYS,South India,20
0x8b25,CHENRES04DEL01,25.0,4.9,13.02978,80.208812,13.03978,80.218812,03-03-2022,10:40,10:50,Sunny,Low,2,Snack,scooter,1.0,No,Urban,19,CHE,South India,10
0xc5b,BANGRES02DEL01,26.0,4.7,12.970221,77.645396,12.980221,77.655396,01-03-2022,08:25,08:35,Sunny,Low,1,Buffet,scooter,0.0,No,Urban,19,BAN,South India,8
0x9366,BANGRES03DEL01,24.0,5.0,12.979166,77.640709,12.989166,77.650709,19-03-2022,09:20,09:35,Fog,Low,0,Buffet,motorcycle,0.0,No,Urban,21,BAN,South India,9
0x7d82,CHENRES04DEL01,24.0,4.6,13.02978,80.208812,13.09978,80.278812,04-03-2022,23:20,23:35,Cloudy,Low,2,Meal,motorcycle,0.0,No,Urban,21,CHE,South India,23
0x6c71,CHENRES07DEL02,28.0,4.9,13.081878,80.248519,13.211878,80.378519,02-04-2022,19:25,19:35,Sunny,Jam,1,Drinks,motorcycle,0.0,,Urban,10,CHE,South India,19
0x8ca9,COIMBRES05DEL02,20.0,4.8,11.022169,76.999594,11.072169,77.049594,15-03-2022,18:25,18:35,Fog,Medium,2,Drinks,scooter,0.0,No,Urban,12,COI,South India,18
0x160c,MYSRES16DEL01,33.0,4.3,12.316967,76.603067,12.386967,76.673067,06-03-2022,19:25,19:30,Sandstorms,Jam,0,Meal,motorcycle,1.0,No,Urban,36,MYS,South India,19
0x4c6e,MYSRES14DEL01,20.0,4.1,0.0,0.0,0.04,0.04,03-03-2022,14:30,14:45,Sunny,High,0,Buffet,motorcycle,1.0,Yes,Urban,45,MYS,South India,14
0xc661,KOCRES16DEL03,35.0,4.5,10.003064,76.307589,10.033064,76.337589,15-02-2022,1,24:10:00,Cloudy,Low,2,Drinks,electric_scooter,1.0,No,Urban,18,KOC,South India,1
0x2a70,MYSRES08DEL02,27.0,4.6,12.297954,76.665169,12.347954,76.715169,19-03-2022,17:45,17:55,Sandstorms,Medium,1,Snack,motorcycle,1.0,No,Urban,26,MYS,South India,17
0xdc48,KOCRES04DEL02,27.0,4.8,9.966783,76.242981,10.096783,76.372981,14-02-2022,22:25,22:40,Sandstorms,Low,1,Snack,motorcycle,0.0,No,Urban,10,KOC,South India,22
0x3bbd,CHENRES17DEL02,39.0,4.5,13.045479,80.23311,13.095479,80.28311,07-03-2022,21:25,21:30,Windy,Jam,2,Meal,electric_scooter,1.0,No,Urban,30,CHE,South India,21
0x493c,BANGRES06DEL03,26.0,4.9,12.979096,77.640625,13.069096,77.730625,29-03-2022,1,24:10:00,Sunny,Low,0,Snack,motorcycle,1.0,No,Urban,27,BAN,South India,1
0x6572,BANGRES19DEL02,28.0,4.6,12.914264,77.6784,12.994264,77.7584,10-03-2022,21:35,21:45,Windy,Jam,0,Buffet,motorcycle,1.0,No,Urban,38,BAN,South India,21
0xa144,COIMBRES09DEL02,23.0,4.6,11.008638,76.984311,11.138638,77.114311,18-03-2022,23:15,23:30,Sandstorms,Low,2,Buffet,scooter,1.0,No,Urban,15,COI,South India,23
0xca2,COIMBRES03DEL01,37.0,4.6,11.025083,77.015393,11.065083,77.055393,07-03-2022,16:25,16:35,Sunny,Medium,1,Meal,scooter,1.0,No,Urban,19,COI,South India,16
0x2d92,HYDRES01DEL01,36.0,4.9,17.410371,78.437225,17.520371,78.547225,12-03-2022,22:35,22:45,Windy,Low,2,Drinks,scooter,1.0,No,Urban,16,HYD,South India,22
0x817f,MYSRES01DEL02,21.0,4.6,12.311072,76.654878,12.441072,76.784878,10-03-2022,20:55,21:10,Stormy,Jam,0,Drinks,motorcycle,1.0,No,Urban,38,MYS,South India,20
0xb90b,MYSRES13DEL03,32.0,4.5,12.310972,76.659264,12.370972,76.719264,11-03-2022,21:45,0.916666667,Windy,Jam,1,Meal,motorcycle,0.0,No,Urban,29,MYS,South India,21
0x2517,MYSRES20DEL01,34.0,5.0,12.337978,76.616792,12.407978,76.686792,27-03-2022,19:50,19:55,Sunny,Jam,2,Drinks,scooter,,No,Urban,27,MYS,South India,19
0x4108,CHENRES02DEL01,27.0,4.8,13.086438,80.220672,13.156439,80.290672,25-03-2022,22:50,0.958333333,Sandstorms,Low,1,Drinks,scooter,,No,Urban,13,CHE,South India,22
0x6bab,BANGRES09DEL03,20.0,4.6,12.934179,77.615797,13.024179,77.705797,20-03-2022,19:30,19:40,Sandstorms,Jam,0,Snack,motorcycle,1.0,No,Urban,37,BAN,South India,19
0x4076,MYSRES01DEL02,22.0,4.8,12.311072,76.654878,12.361072,76.704878,17-03-2022,22:50,22:55,Stormy,Low,1,Snack,motorcycle,1.0,No,Urban,10,MYS,South India,22
0x5fd5,BANGRES16DEL02,31.0,4.9,13.029198,77.570997,13.079198,77.620997,19-03-2022,17:55,18:10,Cloudy,Medium,1,Drinks,scooter,1.0,No,Urban,18,BAN,South India,17
0xa65a,BANGRES13DEL01,26.0,4.8,12.935662,77.61413,13.005662,77.68413,25-03-2022,22:45,22:55,Sunny,Low,0,Meal,motorcycle,1.0,No,Urban,22,BAN,South India,22
0x119b,BANGRES19DEL02,30.0,5.0,12.914264,77.6784,12.934264,77.6984,30-03-2022,11:45,11:55,Stormy,High,2,Meal,scooter,1.0,No,Urban,25,BAN,South India,11
0xa69d,CHENRES19DEL02,37.0,4.5,12.986047,80.218114,13.116047,80.348114,06-03-2022,23:40,23:55,Stormy,Low,1,Snack,scooter,0.0,No,Urban,24,CHE,South India,23
0x99f2,HYDRES15DEL02,21.0,4.7,17.45971,78.368855,17.47971,78.388855,15-03-2022,08:40,08:55,Windy,Low,1,Drinks,scooter,0.0,No,Urban,10,HYD,South India,8
0xa524,CHENRES02DEL02,28.0,4.6,13.086438,80.220672,13.166438,80.300672,04-04-2022,22:35,22:45,Sandstorms,Low,1,Buffet,motorcycle,0.0,No,Urban,15,CHE,South India,22
0xb007,COIMBRES20DEL02,38.0,4.6,10.994136,76.963303,11.124136,77.093303,10-03-2022,21:35,21:50,Windy,Jam,2,Snack,scooter,1.0,No,Urban,29,COI,South India,21
0x4338,BANGRES06DEL03,39.0,4.6,12.979096,77.640625,13.039096,77.700625,30-03-2022,20:30,20:45,Windy,Jam,2,Buffet,motorcycle,2.0,No,Urban,34,BAN,South India,20
0x68b2,CHENRES13DEL02,29.0,4.7,13.027018,80.254791,13.077018,80.304791,03-03-2022,20:50,21:05,Sunny,Jam,1,Buffet,motorcycle,1.0,No,Urban,14,CHE,South India,20
0xedc,CHENRES010DEL01,27.0,4.7,13.066762,80.251865,13.136762,80.321865,08-03-2022,18:50,19:05,Sunny,Medium,1,Buffet,motorcycle,0.0,No,Urban,12,CHE,South India,18
0xfce,BANGRES17DEL03,33.0,5.0,12.972532,77.608179,13.062532,77.698179,27-03-2022,22:55,0.958333333,Stormy,Low,1,Drinks,motorcycle,1.0,No,Urban,26,BAN,South India,22
0x8f54,MYSRES04DEL02,28.0,4.6,12.3085,76.665808,12.3285,76.685808,24-03-2022,11:50,11:55,Sandstorms,High,1,Drinks,scooter,1.0,No,Urban,28,MYS,South India,11
0xa3bc,HYDRES09DEL02,25.0,4.5,17.431668,78.408321,17.451668,78.428321,11-03-2022,09:40,09:45,Stormy,Low,2,Meal,electric_scooter,1.0,No,Urban,16,HYD,South India,9
0xac6c,CHENRES06DEL02,24.0,4.7,13.054347,80.257221,13.134347,80.337221,10-03-2022,19:10,19:15,Sandstorms,Jam,2,Meal,motorcycle,0.0,No,Urban,18,CHE,South India,19
0x5f4b,COIMBRES07DEL03,20.0,4.6,10.96185,76.971082,11.02185,77.031082,24-03-2022,22:35,22:40,Fog,Low,2,Drinks,electric_scooter,0.0,No,Urban,15,COI,South India,22
0x7f1f,HYDRES16DEL02,39.0,3.7,17.440827,78.393391,17.570827,78.523391,23-03-2022,22:45,22:50,Fog,Low,2,Snack,electric_scooter,1.0,No,Urban,32,HYD,South India,22
0x7745,BANGRES09DEL02,34.0,4.7,12.934179,77.615797,12.984179,77.665797,15-03-2022,21:55,22:10,Windy,Jam,1,Meal,scooter,1.0,No,Urban,30,BAN,South India,21
0x334e,COIMBRES010DEL03,21.0,4.9,11.003008,76.97544,11.033008,77.00544,17-03-2022,22:35,22:45,Cloudy,Low,0,Snack,motorcycle,1.0,No,Urban,20,COI,South India,22
0x8b4b,BANGRES19DEL01,27.0,4.6,12.914264,77.6784,12.954264,77.7184,19-03-2022,16:10,16:15,Windy,Medium,0,Buffet,motorcycle,,No,Urban,11,BAN,South India,16
0x4cd5,MYSRES06DEL03,24.0,4.6,12.323994,76.626167,12.383994,76.686167,05-04-2022,19:35,19:45,Sunny,Jam,1,Drinks,motorcycle,0.0,,Urban,11,MYS,South India,19
0x41b3,MYSRES15DEL01,20.0,4.6,12.352058,76.60665,12.422058,76.67665,20-03-2022,23:20,23:35,Stormy,Low,1,Meal,motorcycle,0.0,No,Urban,17,MYS,South India,23
0xb19c,BANGRES20DEL02,21.0,4.7,12.972161,77.596014,12.992161,77.616014,03-04-2022,10:55,11:10,Sandstorms,Low,2,Meal,scooter,1.0,No,Urban,18,BAN,South India,10
0x3d87,COIMBRES08DEL01,39.0,4.7,11.001852,76.976268,11.041852,77.016268,21-03-2022,14:25,14:35,Windy,High,2,Drinks,electric_scooter,0.0,No,Urban,28,COI,South India,14
0x98da,CHENRES05DEL02,27.0,4.7,13.058616,80.264151,13.108616,80.314151,03-04-2022,21:55,22:05,Windy,Jam,1,Buffet,motorcycle,1.0,No,Urban,22,CHE,South India,21
0x15a7,BANGRES09DEL01,26.0,4.7,12.934179,77.615797,13.044179,77.725797,12-03-2022,18:35,18:40,Sandstorms,Medium,1,Buffet,scooter,1.0,No,Urban,28,BAN,South India,18
0x8383,BANGRES06DEL02,36.0,5.0,12.979096,77.640625,13.029096,77.690625,28-03-2022,18:45,0.791666667,Fog,Medium,0,Meal,motorcycle,1.0,No,Urban,34,BAN,South India,18
0x2a95,BANGRES16DEL01,25.0,4.6,13.029198,77.570997,13.039198,77.580997,15-03-2022,08:55,09:10,Cloudy,Low,1,Buffet,scooter,1.0,No,Urban,15,BAN,South India,8
0x646f,COIMBRES02DEL01,35.0,4.5,11.022477,76.995667,11.062477,77.035667,28-03-2022,15:45,15:50,Cloudy,Medium,1,Drinks,scooter,0.0,No,Urban,17,COI,South India,15
0x2ded,HYDRES09DEL01,31.0,4.5,17.431668,78.408321,17.471668,78.448321,05-03-2022,15:10,15:15,Sandstorms,Medium,0,Buffet,motorcycle,0.0,No,Urban,27,HYD,South India,15
0x2b21,MYSRES04DEL03,35.0,4.0,12.3085,76.665808,12.3685,76.725808,03-04-2022,19:15,19:25,Windy,Jam,0,Drinks,motorcycle,2.0,No,Urban,40,MYS,South India,19
0x6aa0,MYSRES13DEL01,22.0,4.9,12.310972,76.659264,12.350972,76.699264,17-03-2022,16:55,17:10,Windy,Medium,2,Buffet,scooter,1.0,No,Urban,26,MYS,South India,16
0x461e,BANGRES03DEL02,29.0,4.9,12.979166,77.640709,13.059166,77.720709,31-03-2022,20:20,20:35,Sunny,Jam,1,Drinks,scooter,1.0,No,Urban,19,BAN,South India,20
0x28bf,BANGRES14DEL03,35.0,4.6,12.949934,77.699386,13.039934,77.789386,10-03-2022,17:40,17:45,Sunny,Medium,1,Buffet,motorcycle,1.0,No,Urban,18,BAN,South India,17
0x4aeb,CHENRES07DEL01,26.0,4.7,13.081878,80.248519,13.151878,80.318519,20-03-2022,18:15,18:20,Sunny,Medium,1,Meal,scooter,1.0,No,Urban,11,CHE,South India,18
0x7095,MYSRES08DEL02,20.0,4.8,12.297954,76.665169,12.427954,76.795169,31-03-2022,20:15,20:30,Sunny,Jam,0,Meal,motorcycle,0.0,No,Urban,18,MYS,South India,20
0x55d8,BANGRES14DEL02,26.0,4.6,12.949934,77.699386,12.999934,77.749386,15-03-2022,20:45,0.875,Windy,Jam,1,Drinks,motorcycle,0.0,No,Urban,13,BAN,South India,20
0x11c2,BANGRES02DEL01,39.0,4.8,12.970221,77.645396,12.980221,77.655396,01-04-2022,10:35,10:50,Sunny,Low,1,Buffet,scooter,1.0,No,Urban,13,BAN,South India,10
0x9d32,CHENRES17DEL02,33.0,4.9,13.045479,80.23311,13.175479,80.36311,08-03-2022,18:50,0.791666667,Fog,Medium,1,Meal,motorcycle,1.0,No,Urban,44,CHE,South India,18
0xb7b1,CHENRES01DEL01,36.0,4.9,13.005801,80.250744,13.045801,80.290744,28-03-2022,15:55,16:05,Cloudy,Medium,2,Snack,scooter,0.0,No,Urban,17,CHE,South India,15
0x1a2e,COIMBRES07DEL01,35.0,4.3,10.96185,76.971082,10.97185,76.981082,11-03-2022,11:50,11:55,Sandstorms,High,0,Snack,motorcycle,0.0,No,Urban,39,COI,South India,11
0xbe63,HYDRES15DEL03,23.0,5.0,17.45971,78.368855,17.48971,78.398855,07-03-2022,21:50,22:05,Cloudy,Jam,0,Buffet,motorcycle,1.0,No,Urban,24,HYD,South India,21
0x820e,MYSRES18DEL02,20.0,4.7,12.337928,76.617889,12.417928,76.697889,08-03-2022,18:55,19:10,Stormy,Medium,0,Buffet,motorcycle,1.0,No,Urban,21,MYS,South India,18
0x39c4,CHENRES08DEL01,23.0,4.8,13.022394,80.242439,13.032394,80.252439,28-03-2022,11:50,11:55,Windy,High,0,Buffet,motorcycle,1.0,No,Urban,27,CHE,South India,11
0x2cea,COIMBRES11DEL01,38.0,4.9,11.001753,76.986241,11.111753,77.096241,02-04-2022,20:15,20:30,Windy,Jam,1,Meal,motorcycle,1.0,No,Urban,30,COI,South India,20
0x5b82,CHENRES20DEL01,25.0,4.6,12.975996,80.221898,12.985996,80.231898,30-03-2022,10:10,10:20,Stormy,Low,2,Buffet,scooter,1.0,No,Urban,13,CHE,South India,10
0x7eff,CHENRES20DEL01,29.0,4.7,12.975996,80.221898,13.085996,80.331898,12-03-2022,19:15,19:20,Windy,Jam,0,Buffet,motorcycle,1.0,No,Urban,37,CHE,South India,19
0x3de6,CHENRES06DEL02,20.0,4.9,13.054347,80.257221,13.104347,80.307221,05-04-2022,21:55,0.916666667,Fog,Jam,2,Drinks,scooter,1.0,No,Urban,30,CHE,South India,21
0x5cbf,BANGRES09DEL01,23.0,4.6,12.934179,77.615797,12.974179,77.655797,01-03-2022,16:15,16:25,Sunny,Medium,1,Drinks,motorcycle,0.0,No,Urban,11,BAN,South India,16
0x170d,MYSRES02DEL01,29.0,4.6,12.304569,76.643622,12.314569,76.653622,11-03-2022,08:10,08:25,Fog,Low,2,Snack,scooter,,No,Urban,17,MYS,South India,8
0x391d,HYDRES03DEL02,33.0,4.7,17.422819,78.449578,17.502819,78.529578,31-03-2022,22:20,22:30,Sunny,Low,1,Buffet,scooter,1.0,No,Urban,18,HYD,South India,22
0x4a9a,BANGRES13DEL02,36.0,4.9,12.935662,77.61413,13.065662,77.74413,29-03-2022,18:55,19:05,Sunny,Medium,0,Buffet,motorcycle,1.0,No,Urban,38,BAN,South India,18
0xaa93,CHENRES01DEL03,38.0,4.9,13.005801,80.250744,13.035801,80.280744,30-03-2022,18:25,18:35,Sunny,Medium,1,Snack,scooter,0.0,No,Urban,22,CHE,South India,18
0x3f29,MYSRES08DEL02,27.0,4.7,12.297954,76.665169,12.427954,76.795169,04-04-2022,21:10,21:20,Sunny,Jam,1,Drinks,scooter,1.0,No,Urban,15,MYS,South India,21
0x7279,COIMBRES19DEL01,38.0,4.8,11.022298,76.998349,11.062298,77.038349,30-03-2022,15:50,16:05,Sandstorms,Medium,1,Snack,motorcycle,1.0,No,Urban,27,COI,South India,15
0x7550,CHENRES11DEL01,22.0,4.6,13.064181,80.236442,13.174181,80.346442,06-03-2022,17:40,17:50,Sunny,Medium,1,Snack,motorcycle,0.0,No,Urban,13,CHE,South India,17
0x7caa,COIMBRES15DEL01,21.0,4.7,11.006686,76.951736,11.016686,76.961736,30-03-2022,11:55,12:10,Stormy,High,2,Snack,scooter,0.0,No,Urban,18,COI,South India,11
0x1db0,HYDRES15DEL02,29.0,4.5,17.45971,78.368855,17.53971,78.448855,23-03-2022,23:45,23:55,Sandstorms,Low,1,Buffet,motorcycle,0.0,No,Urban,13,HYD,South India,23
0x1507,BANGRES12DEL01,27.0,4.7,12.939496,77.625999,12.949496,77.635999,24-03-2022,08:50,09:05,Stormy,Low,1,Snack,scooter,0.0,No,Urban,11,BAN,South India,8
0xaa99,HYDRES16DEL02,36.0,4.3,17.440827,78.393391,17.570827,78.523391,02-04-2022,17:30,17:35,Sandstorms,Medium,2,Buffet,scooter,1.0,No,Urban,35,HYD,South India,17
0x200b,CHENRES010DEL01,29.0,4.1,13.066762,80.251865,13.176762,80.361865,02-03-2022,17:50,0.75,Fog,Medium,1,Meal,scooter,0.0,No,Urban,35,CHE,South India,17
0x16e0,CHENRES19DEL01,22.0,4.8,12.986047,80.218114,13.096047,80.328114,06-03-2022,17:50,17:55,Fog,Medium,2,Meal,motorcycle,1.0,No,Urban,29,CHE,South India,17
0xa630,HYDRES14DEL02,24.0,4.5,17.426228,78.407495,17.476228,78.457495,26-03-2022,17:50,0.75,Sandstorms,Medium,0,Drinks,motorcycle,0.0,No,Urban,10,HYD,South India,17
0x674c,HYDRES16DEL01,35.0,4.7,17.440827,78.393391,17.480827,78.433391,26-03-2022,14:30,14:45,Sunny,High,0,Snack,motorcycle,0.0,No,Urban,28,HYD,South India,14
0x1ba2,COIMBRES18DEL01,30.0,4.6,11.02091,76.940432,11.09091,77.010432,06-04-2022,22:30,22:35,Sunny,Low,2,Drinks,motorcycle,1.0,No,Urban,25,COI,South India,22
0x48b2,HYDRES04DEL02,22.0,4.8,17.411028,78.329645,17.431028,78.349645,03-04-2022,08:50,0.375,Stormy,Low,1,Snack,scooter,0.0,No,Urban,18,HYD,South India,8
0xba8f,MYSRES04DEL03,29.0,4.3,12.3085,76.665808,12.3385,76.695808,13-03-2022,23:25,23:30,Sandstorms,Low,0,Buffet,motorcycle,1.0,No,Urban,17,MYS,South India,23
0x4fbf,COIMBRES05DEL03,35.0,4.5,11.022169,76.999594,11.082169,77.059594,07-03-2022,17:55,18:10,Fog,Medium,2,Drinks,motorcycle,0.0,No,Urban,17,COI,South India,17
0x3114,COIMBRES08DEL03,21.0,4.9,11.001852,76.976268,11.031852,77.006268,05-03-2022,23:30,23:35,Sandstorms,Low,1,Buffet,scooter,1.0,No,Urban,14,COI,South India,23
0xb05e,CHENRES03DEL01,27.0,4.6,13.091809,80.219104,13.201809,80.329104,02-04-2022,18:10,18:25,Stormy,Medium,0,Snack,motorcycle,1.0,No,Urban,35,CHE,South India,18
0xa391,CHENRES04DEL02,32.0,4.5,13.02978,80.208812,13.07978,80.258812,07-03-2022,21:30,21:45,Sunny,Jam,1,Drinks,motorcycle,0.0,No,Urban,20,CHE,South India,21
0x5676,BANGRES06DEL02,26.0,4.8,12.979096,77.640625,13.029096,77.690625,13-03-2022,1,24:10:00,Cloudy,Low,2,Snack,motorcycle,0.0,No,Urban,13,BAN,South India,1
0xa52d,HYDRES02DEL03,24.0,5.0,17.41233,78.449654,17.44233,78.479654,11-03-2022,18:50,19:05,Cloudy,Medium,1,Snack,motorcycle,1.0,No,Urban,15,HYD,South India,18
0x1fed,COIMBRES04DEL03,35.0,4.7,11.024839,77.007003,11.054839,77.037003,05-03-2022,20:30,20:35,Sunny,Jam,2,Snack,scooter,0.0,No,Urban,18,COI,South India,20
0x3d8b,CHENRES17DEL01,24.0,4.6,13.045479,80.23311,13.155479,80.34311,12-03-2022,23:10,23:15,Windy,Low,2,Snack,scooter,0.0,No,Urban,10,CHE,South India,23
0x885b,HYDRES01DEL02,28.0,4.7,17.410371,78.437225,17.430371,78.457225,03-04-2022,08:25,08:35,Stormy,Low,2,Snack,electric_scooter,,No,Urban,11,HYD,South India,8
0xca0a,KOCRES01DEL01,29.0,4.9,9.979363,76.285001,10.019363,76.325001,15-02-2022,14:30,14:35,Fog,High,2,Drinks,motorcycle,1.0,No,Urban,21,KOC,South India,14
0x670e,BANGRES20DEL03,34.0,4.7,12.972161,77.596014,13.002161,77.626014,19-03-2022,17:45,0.75,Sunny,Medium,0,Drinks,motorcycle,1.0,No,Urban,27,BAN,South India,17
0x1254,COIMBRES01DEL03,25.0,4.9,11.016298,76.972076,11.046298,77.002076,13-03-2022,22:40,22:50,Fog,Low,2,Snack,scooter,0.0,No,Urban,15,COI,South India,22
0x14a8,MYSRES07DEL02,31.0,4.9,12.325461,76.632278,12.345461,76.652278,17-03-2022,10:10,10:25,Fog,Low,0,Drinks,motorcycle,0.0,No,Urban,23,MYS,South India,10
0x62f1,HYDRES07DEL03,38.0,4.3,17.424114,78.347554,17.454114,78.377554,13-03-2022,21:15,21:30,Stormy,Jam,1,Drinks,motorcycle,1.0,No,Urban,33,HYD,South India,21
0x8147,COIMBRES07DEL02,28.0,4.6,10.96185,76.971082,11.09185,77.101082,25-03-2022,22:15,22:30,Cloudy,Low,0,Snack,motorcycle,1.0,No,Urban,22,COI,South India,22
0x46f6,HYDRES15DEL01,25.0,4.8,17.45971,78.368855,17.49971,78.408855,03-04-2022,12:55,13:10,Cloudy,High,1,Drinks,scooter,1.0,No,Urban,23,HYD,South India,12
0x5be5,MYSRES02DEL01,25.0,4.8,12.304569,76.643622,12.314569,76.653622,17-03-2022,10:50,11:05,Windy,Low,2,Buffet,scooter,1.0,No,Urban,19,MYS,South India,10
0xb675,CHENRES15DEL03,36.0,4.7,13.026286,80.275235,13.116286,80.365235,18-03-2022,19:15,19:30,Sandstorms,Jam,1,Buffet,motorcycle,1.0,No,Urban,28,CHE,South India,19
0xdc10,KOCRES15DEL03,31.0,4.3,10.027364,76.308258,10.117364,76.398258,16-02-2022,23:55,24:10:00,Cloudy,Low,1,Snack,scooter,0.0,No,Urban,31,KOC,South India,23
0x2269,MYSRES010DEL01,35.0,4.9,12.321214,76.621094,12.331214,76.631094,26-03-2022,09:15,09:25,Sunny,Low,1,Drinks,scooter,0.0,,Urban,10,MYS,South India,9
0x11e1,BANGRES13DEL02,38.0,4.5,12.935662,77.61413,12.955662,77.63413,13-03-2022,10:10,10:25,Stormy,Low,1,Drinks,scooter,0.0,No,Urban,25,BAN,South India,10
0x8493,COIMBRES11DEL01,24.0,4.7,11.001753,76.986241,11.041753,77.026241,19-03-2022,13:45,13:55,Sunny,High,1,Buffet,scooter,1.0,,Urban,14,COI,South India,13
0x61f8,BANGRES010DEL02,33.0,4.6,12.933298,77.614293,12.983298,77.664293,19-03-2022,18:30,18:35,Sunny,Medium,1,Snack,scooter,1.0,No,Urban,23,BAN,South India,18
0x9106,HYDRES14DEL01,28.0,5.0,17.426228,78.407495,17.466228,78.447495,13-03-2022,15:50,0.666666667,Fog,Medium,2,Meal,scooter,1.0,No,Urban,17,HYD,South India,15
0x8916,HYDRES02DEL02,24.0,4.6,17.41233,78.449654,17.43233,78.469654,05-04-2022,11:25,11:40,Fog,High,0,Buffet,motorcycle,0.0,No,Urban,23,HYD,South India,11
0x7569,CHENRES07DEL03,25.0,4.7,13.081878,80.248519,13.111878,80.278519,03-03-2022,21:30,21:40,Windy,Jam,2,Drinks,scooter,1.0,No,Urban,24,CHE,South India,21
0x1a6d,HYDRES17DEL01,28.0,4.6,17.451976,78.385883,17.561976,78.495883,27-03-2022,17:50,17:55,Stormy,Medium,0,Snack,motorcycle,1.0,No,Urban,37,HYD,South India,17
0xb508,COIMBRES18DEL02,29.0,5.0,11.02091,76.940432,11.07091,76.990432,03-03-2022,20:30,20:45,Stormy,Jam,2,Snack,scooter,0.0,No,Urban,27,COI,South India,20
0x178c,BANGRES03DEL01,22.0,4.6,12.979166,77.640709,13.019166,77.680709,09-03-2022,15:10,15:15,Windy,Medium,1,Snack,scooter,1.0,No,Urban,26,BAN,South India,15
0x8206,HYDRES12DEL01,37.0,4.4,17.429585,78.392621,17.499585,78.462621,06-03-2022,19:30,19:45,Sandstorms,Jam,0,Meal,motorcycle,1.0,No,Urban,42,HYD,South India,19
0x468e,BANGRES09DEL01,20.0,5.0,12.934179,77.615797,12.944179,77.625797,05-03-2022,11:45,0.5,Sandstorms,High,1,Drinks,scooter,0.0,No,Urban,12,BAN,South India,11
0x4123,MYSRES07DEL02,35.0,4.9,12.325461,76.632278,12.455461,76.762278,08-03-2022,23:25,23:35,Sandstorms,Low,0,Snack,motorcycle,1.0,No,Urban,28,MYS,South India,23
0x9a4e,COIMBRES16DEL02,23.0,4.2,11.010375,76.95295,11.090375,77.03295,02-04-2022,19:55,20:05,Windy,Jam,0,Drinks,motorcycle,1.0,No,Urban,33,COI,South India,19
0x8930,COIMBRES01DEL02,26.0,5.0,11.016298,76.972076,11.066298,77.022076,01-03-2022,22:40,22:45,Sunny,Low,1,Drinks,scooter,1.0,No,Urban,18,COI,South India,22
0x4c84,COIMBRES20DEL02,24.0,4.6,10.994136,76.963303,11.124136,77.093303,23-03-2022,22:25,22:40,Stormy,Low,1,Meal,scooter,1.0,No,Urban,15,COI,South India,22
0xae70,HYDRES18DEL03,26.0,5.0,17.450851,78.379347,17.510851,78.439347,07-03-2022,17:35,17:45,Stormy,Medium,2,Buffet,scooter,1.0,No,Urban,28,HYD,South India,17
0x9476,MYSRES06DEL01,23.0,4.7,12.323994,76.626167,12.333994,76.636167,28-03-2022,11:45,0.5,Sunny,High,1,Snack,motorcycle,1.0,No,Urban,16,MYS,South India,11
0xab16,BANGRES14DEL01,30.0,4.4,12.949934,77.699386,13.059934,77.809386,31-03-2022,19:15,19:20,Windy,Jam,0,Meal,motorcycle,1.0,No,Urban,35,BAN,South India,19
0x377f,MYSRES05DEL01,23.0,4.6,12.323978,76.627961,12.363978,76.667961,09-03-2022,15:30,15:45,Windy,Medium,2,Buffet,scooter,1.0,No,Urban,28,MYS,South India,15
0x6aa2,COIMBRES20DEL03,24.0,5.0,10.994136,76.963303,11.084136,77.053303,20-03-2022,20:15,20:30,Stormy,Jam,2,Drinks,scooter,0.0,No,Urban,19,COI,South India,20
0x7ef4,CHENRES01DEL02,38.0,4.8,13.005801,80.250744,13.055801,80.300744,21-03-2022,23:30,23:45,Sunny,Low,0,Snack,motorcycle,1.0,No,Urban,23,CHE,South India,23
0xad6,HYDRES14DEL01,29.0,4.7,17.426228,78.407495,17.496228,78.477495,04-04-2022,20:20,20:25,Sunny,Jam,1,Drinks,motorcycle,1.0,No,Urban,10,HYD,South India,20
0x5f55,COIMBRES16DEL03,28.0,4.9,11.010375,76.95295,11.070375,77.01295,19-03-2022,18:15,18:30,Sandstorms,Medium,0,Buffet,motorcycle,1.0,No,Urban,21,COI,South India,18
0x9fdd,MYSRES16DEL01,35.0,4.8,12.316967,76.603067,12.426967,76.713067,16-03-2022,22:45,0.958333333,Windy,Low,0,Drinks,motorcycle,0.0,No,Urban,21,MYS,South India,22
0xac17,HYDRES010DEL03,27.0,4.6,17.428294,78.404423,17.458294,78.434423,15-03-2022,22:25,22:40,Fog,Low,2,Drinks,scooter,1.0,No,Urban,17,HYD,South India,22
0xeee,HYDRES07DEL03,25.0,4.7,17.424114,78.347554,17.454114,78.377554,15-03-2022,23:10,23:15,Windy,Low,1,Snack,motorcycle,0.0,,Urban,10,HYD,South India,23
0x2fbf,BANGRES04DEL01,21.0,4.4,12.98041,77.640489,12.99041,77.650489,01-03-2022,08:40,08:45,Stormy,Low,0,Snack,motorcycle,0.0,No,Urban,22,BAN,South India,8
0x4bf8,BANGRES04DEL01,24.0,4.9,12.98041,77.640489,13.02041,77.680489,01-04-2022,15:35,15:40,Stormy,Medium,0,Drinks,motorcycle,0.0,No,Urban,12,BAN,South India,15
0x97d5,BANGRES19DEL01,38.0,4.8,12.914264,77.6784,12.924264,77.6884,13-03-2022,09:45,09:55,Sunny,Low,1,Snack,motorcycle,1.0,No,Urban,13,BAN,South India,9
0x4484,BANGRES12DEL03,39.0,4.8,12.939496,77.625999,12.969496,77.655999,13-03-2022,18:40,18:55,Stormy,Medium,2,Drinks,electric_scooter,1.0,No,Urban,25,BAN,South India,18
0xb94f,MYSRES02DEL02,39.0,4.2,12.304569,76.643622,12.324569,76.663622,05-03-2022,11:30,11:40,Stormy,High,2,Meal,electric_scooter,1.0,No,Urban,32,MYS,South India,11
0x6a76,HYDRES02DEL01,24.0,4.5,17.41233,78.449654,17.52233,78.559654,20-03-2022,20:20,20:35,Stormy,Jam,0,Drinks,motorcycle,1.0,No,Urban,27,HYD,South India,20
0x5505,COIMBRES12DEL03,36.0,4.7,11.000762,76.981876,11.030762,77.011876,30-03-2022,1,24:10:00,Sunny,Low,1,Meal,scooter,1.0,No,Urban,17,COI,South India,1
0x809a,CHENRES13DEL01,30.0,4.9,13.027018,80.254791,13.137018,80.364791,29-03-2022,22:30,22:45,Windy,Low,0,Snack,motorcycle,1.0,No,Urban,27,CHE,South India,22
0x5814,HYDRES02DEL03,20.0,4.9,17.41233,78.449654,17.47233,78.509654,05-03-2022,21:20,21:35,Stormy,Jam,2,Buffet,scooter,0.0,No,Urban,14,HYD,South India,21
0x68d3,CHENRES05DEL01,28.0,4.5,13.058616,80.264151,13.168616,80.374151,02-04-2022,23:55,24:10:00,Windy,Low,0,Buffet,motorcycle,1.0,No,Urban,19,CHE,South India,23
0x6875,CHENRES06DEL01,39.0,3.5,13.054347,80.257221,13.124347,80.327221,25-03-2022,17:15,17:30,Sandstorms,Medium,1,Buffet,scooter,1.0,No,Urban,37,CHE,South India,17
0x8d68,CHENRES12DEL01,31.0,4.7,12.972793,80.249982,13.082793,80.359982,25-03-2022,22:20,22:25,Sandstorms,Low,1,Buffet,motorcycle,0.0,No,Urban,28,CHE,South India,22
0x9079,COIMBRES20DEL02,35.0,4.7,10.994136,76.963303,11.044136,77.013303,13-03-2022,17:40,17:45,Fog,Medium,1,Buffet,scooter,1.0,No,Urban,18,COI,South India,17
0x79b0,COIMBRES11DEL02,25.0,4.5,11.001753,76.986241,11.131753,77.116241,04-04-2022,23:45,1,Stormy,Low,1,Snack,motorcycle,0.0,No,Urban,12,COI,South India,23
0x61a9,CHENRES16DEL01,35.0,4.7,13.049645,80.242268,13.089645,80.282268,26-03-2022,12:20,12:35,Sunny,High,2,Buffet,scooter,1.0,No,Urban,23,CHE,South India,12
0x4005,COIMBRES11DEL03,35.0,4.7,11.001753,76.986241,11.031753,77.016241,24-03-2022,23:40,23:50,Fog,Low,2,Snack,scooter,1.0,No,Urban,18,COI,South India,23
0x9db9,COIMBRES05DEL02,25.0,5.0,11.022169,76.999594,11.152169,77.129594,14-03-2022,18:30,18:40,Cloudy,Medium,0,Meal,motorcycle,2.0,No,Urban,41,COI,South India,18
0xb61a,CHENRES03DEL01,23.0,4.8,13.091809,80.219104,13.131809,80.259104,01-03-2022,15:35,15:50,Fog,Medium,2,Drinks,electric_scooter,1.0,No,Urban,18,CHE,South India,15
0x3498,BANGRES06DEL01,39.0,4.3,12.979096,77.640625,12.989096,77.650625,09-03-2022,10:15,10:20,Windy,Low,0,Snack,motorcycle,1.0,No,Urban,26,BAN,South India,10
0x99d0,COIMBRES16DEL01,26.0,4.8,11.010375,76.95295,11.080375,77.02295,02-03-2022,20:30,20:35,Windy,Jam,2,Meal,scooter,0.0,No,Urban,29,COI,South India,20
0x51c2,CHENRES03DEL01,23.0,4.9,13.091809,80.219104,13.101809,80.229104,11-03-2022,08:45,0.375,Fog,Low,1,Meal,scooter,0.0,No,Urban,17,CHE,South India,8
0xaab0,MYSRES16DEL02,33.0,4.8,12.316967,76.603067,12.336967,76.623067,11-03-2022,09:30,09:35,Sunny,Low,2,Drinks,motorcycle,0.0,No,Urban,10,MYS,South India,9
0x5bf4,CHENRES13DEL02,21.0,4.7,13.027018,80.254791,13.077018,80.304791,26-03-2022,18:35,18:50,Sunny,Medium,1,Buffet,scooter,0.0,No,Urban,14,CHE,South India,18
0x642c,CHENRES03DEL01,37.0,4.7,13.091809,80.219104,13.131809,80.259104,28-03-2022,13:40,13:55,Cloudy,High,2,Snack,motorcycle,1.0,No,Urban,37,CHE,South India,13
0xa74a,MYSRES12DEL02,30.0,4.8,12.284747,76.625861,12.414747,76.755861,04-04-2022,21:40,21:45,Sunny,Jam,0,Buffet,motorcycle,1.0,No,Urban,39,MYS,South India,21
0x66d1,HYDRES02DEL01,33.0,4.7,17.41233,78.449654,17.45233,78.489654,24-03-2022,16:10,16:25,Stormy,Medium,0,Meal,motorcycle,1.0,No,Urban,27,HYD,South India,16
0xb2d7,BANGRES12DEL02,20.0,5.0,12.939496,77.625999,12.959496,77.645999,01-03-2022,08:30,08:45,Stormy,Low,2,Buffet,scooter,0.0,No,Urban,18,BAN,South India,8
0x324d,HYDRES06DEL02,35.0,4.7,17.455894,78.375467,17.505894,78.425467,26-03-2022,19:35,19:45,Sunny,Jam,2,Buffet,motorcycle,0.0,No,Urban,20,HYD,South India,19
0xa18e,COIMBRES17DEL03,37.0,4.6,11.026117,76.944652,11.086117,77.004652,26-03-2022,22:55,23:10,Sandstorms,Low,1,Drinks,motorcycle,0.0,No,Urban,26,COI,South India,22
0x986f,BANGRES14DEL02,20.0,5.0,12.949934,77.699386,12.969934,77.719386,01-03-2022,11:20,11:25,Sunny,High,2,Drinks,motorcycle,,No,Urban,16,BAN,South India,11
0x4fb5,COIMBRES13DEL01,28.0,4.7,11.003669,76.976494,11.013669,76.986494,21-03-2022,10:25,10:40,Sunny,Low,2,Buffet,electric_scooter,1.0,No,Urban,17,COI,South India,10
0x6dec,CHENRES17DEL02,23.0,4.6,13.045479,80.23311,13.065479,80.25311,21-03-2022,11:20,11:35,Sunny,High,1,Meal,scooter,1.0,No,Urban,15,CHE,South India,11
0x62c8,HYDRES04DEL02,23.0,4.7,17.411028,78.329645,17.461028,78.379645,05-03-2022,17:15,17:20,Windy,Medium,0,Drinks,motorcycle,1.0,No,Urban,15,HYD,South India,17
0x75df,COIMBRES01DEL02,38.0,4.6,11.016298,76.972076,11.146298,77.102076,25-03-2022,23:25,23:40,Stormy,Low,1,Buffet,scooter,0.0,No,Urban,24,COI,South India,23
0xd7f1,KOCRES11DEL01,25.0,4.7,10.006881,76.345397,10.016881,76.355397,13-02-2022,08:15,08:20,Cloudy,Low,2,Drinks,scooter,1.0,,Urban,11,KOC,South India,8
0xae0b,CHENRES15DEL01,32.0,4.5,13.026286,80.275235,13.036286,80.285235,21-03-2022,08:40,08:50,Sandstorms,Low,2,Buffet,scooter,0.0,No,Urban,26,CHE,South India,8
0x1ca9,MYSRES18DEL03,26.0,4.6,12.337928,76.617889,12.397928,76.677889,01-03-2022,23:45,1,Sandstorms,Low,1,Snack,motorcycle,0.0,No,Urban,10,MYS,South India,23
0x6f63,COIMBRES11DEL03,22.0,4.9,11.001753,76.986241,11.031753,77.016241,07-03-2022,23:40,23:45,Fog,Low,1,Snack,scooter,1.0,No,Urban,11,COI,South India,23
0x977c,BANGRES05DEL01,35.0,4.6,12.970324,77.645748,12.980324,77.655748,03-04-2022,10:10,10:15,Windy,Low,2,Snack,scooter,0.0,No,Urban,29,BAN,South India,10
0x28a8,BANGRES06DEL02,25.0,4.7,12.979096,77.640625,12.999096,77.660625,17-03-2022,09:35,09:45,Windy,Low,1,Drinks,motorcycle,0.0,No,Urban,10,BAN,South India,9
0xb62c,HYDRES18DEL02,23.0,4.8,17.450851,78.379347,17.470851,78.399347,11-03-2022,08:45,0.375,Cloudy,Low,1,Drinks,scooter,1.0,No,Urban,18,HYD,South India,8
0x5c08,MYSRES04DEL01,21.0,4.8,12.3085,76.665808,12.3785,76.735808,18-03-2022,23:20,23:35,Stormy,Low,2,Buffet,scooter,0.0,No,Urban,13,MYS,South India,23
0x4a0f,BANGRES04DEL02,34.0,5.0,12.98041,77.640489,13.00041,77.660489,03-03-2022,08:55,09:10,Sandstorms,Low,1,Drinks,motorcycle,0.0,No,Urban,20,BAN,South India,8
0x291a,BANGRES18DEL02,23.0,4.8,12.913041,77.683237,12.993041,77.763237,02-04-2022,23:50,23:55,Sunny,Low,0,Buffet,motorcycle,0.0,No,Urban,21,BAN,South India,23
0x965b,HYDRES04DEL01,30.0,5.0,17.411028,78.329645,17.481028,78.399645,06-04-2022,18:45,0.791666667,Sandstorms,Medium,1,Buffet,motorcycle,1.0,No,Urban,24,HYD,South India,18
0x338c,HYDRES14DEL01,39.0,4.9,17.426228,78.407495,17.436228,78.417495,21-03-2022,11:50,12:05,Sunny,High,2,Buffet,scooter,1.0,No,Urban,20,HYD,South India,11
0x336d,HYDRES13DEL03,39.0,4.8,17.431477,78.40035,17.521477,78.49035,10-03-2022,21:40,21:45,Sunny,Jam,0,Buffet,motorcycle,0.0,No,Urban,25,HYD,South India,21
0x61fe,BANGRES04DEL02,26.0,4.4,12.98041,77.640489,13.00041,77.660489,09-03-2022,09:20,09:35,Sandstorms,Low,0,Meal,motorcycle,1.0,No,Urban,29,BAN,South India,9
0x4884,COIMBRES05DEL02,24.0,4.9,11.022169,76.999594,11.152169,77.129594,16-03-2022,20:30,20:40,Cloudy,Jam,1,Drinks,scooter,0.0,No,Urban,36,COI,South India,20
0x85ac,MYSRES15DEL01,32.0,4.6,12.352058,76.60665,12.422058,76.67665,25-03-2022,22:15,22:25,Sandstorms,Low,0,Meal,motorcycle,0.0,No,Urban,26,MYS,South India,22
0x6457,COIMBRES15DEL03,24.0,5.0,11.006686,76.951736,11.096686,77.041736,04-04-2022,22:10,22:25,Sandstorms,Low,1,Meal,motorcycle,0.0,No,Urban,10,COI,South India,22
0x1319,HYDRES14DEL02,35.0,5.0,17.426228,78.407495,17.446228,78.427495,03-03-2022,08:45,0.375,Fog,Low,1,Drinks,scooter,0.0,No,Urban,15,HYD,South India,8
0x2b66,BANGRES17DEL02,21.0,4.8,12.972532,77.608179,13.102532,77.738179,29-03-2022,19:40,19:55,Fog,Jam,2,Meal,scooter,1.0,No,Urban,37,BAN,South India,19
0xb6ca,BANGRES08DEL02,27.0,4.9,12.906229,77.596791,13.036229,77.726791,23-03-2022,20:50,21:05,Fog,Jam,1,Meal,scooter,0.0,Yes,Urban,42,BAN,South India,20
0x909f,COIMBRES20DEL02,38.0,4.9,10.994136,76.963303,11.014136,76.983303,19-03-2022,08:55,0.375,Sandstorms,Low,1,Drinks,scooter,0.0,No,Urban,22,COI,South India,8
0x8cfc,HYDRES16DEL01,30.0,4.3,17.440827,78.393391,17.450827,78.403391,01-03-2022,08:30,08:45,Windy,Low,0,Drinks,motorcycle,0.0,No,Urban,22,HYD,South India,8
0x3120,COIMBRES20DEL03,29.0,4.9,10.994136,76.963303,11.024136,76.993303,03-04-2022,21:50,21:55,Sunny,Jam,1,Drinks,scooter,0.0,No,Urban,15,COI,South India,21
0x557e,HYDRES010DEL01,29.0,4.8,17.428294,78.404423,17.498294,78.474423,18-03-2022,20:55,0.875,Sandstorms,Jam,1,Meal,motorcycle,1.0,No,Urban,20,HYD,South India,20
0x4f38,BANGRES15DEL02,38.0,4.5,12.975377,77.696664,13.025377,77.746664,17-03-2022,19:30,19:40,Sandstorms,Jam,2,Snack,motorcycle,,No,Urban,25,BAN,South India,19
0x3c9b,BANGRES05DEL03,25.0,4.9,12.970324,77.645748,13.030324,77.705748,03-03-2022,17:45,17:50,Fog,Medium,1,Snack,scooter,1.0,No,Urban,17,BAN,South India,17
0xbb1b,COIMBRES08DEL01,28.0,4.8,11.001852,76.976268,11.071852,77.046268,23-03-2022,18:30,18:45,Sunny,Medium,0,Drinks,motorcycle,1.0,No,Urban,18,COI,South India,18
0xa0c8,HYDRES11DEL01,39.0,4.9,17.430448,78.418213,17.500448,78.488213,12-03-2022,18:35,18:50,Windy,Medium,2,Buffet,scooter,0.0,No,Urban,21,HYD,South India,18
0x9396,COIMBRES07DEL02,22.0,5.0,10.96185,76.971082,11.09185,77.101082,14-03-2022,19:40,19:55,Stormy,Jam,2,Snack,motorcycle,0.0,No,Urban,21,COI,South India,19
0x56cb,COIMBRES09DEL01,32.0,4.5,11.008638,76.984311,11.078638,77.054311,06-04-2022,18:50,0.791666667,Fog,Medium,0,Snack,motorcycle,1.0,No,Urban,43,COI,South India,18
0xb9c3,HYDRES09DEL01,22.0,4.9,17.431668,78.408321,17.541668,78.518321,02-04-2022,21:40,21:55,Sandstorms,Jam,0,Meal,motorcycle,2.0,No,Urban,36,HYD,South India,21
0x7e54,CHENRES15DEL01,25.0,4.6,13.026286,80.275235,13.036286,80.285235,03-04-2022,10:25,10:30,Sandstorms,Low,1,Meal,motorcycle,0.0,No,Urban,12,CHE,South India,10
0x8feb,MYSRES18DEL01,37.0,5.0,12.337928,76.617889,12.447928,76.727889,14-03-2022,19:30,19:35,Sunny,Jam,1,Drinks,scooter,1.0,No,Urban,25,MYS,South India,19
0x8b46,MYSRES05DEL02,29.0,4.9,12.323978,76.627961,12.373978,76.677961,15-03-2022,21:50,21:55,Stormy,Jam,2,Buffet,electric_scooter,1.0,No,Urban,18,MYS,South India,21
0x684e,BANGRES05DEL03,35.0,4.3,12.970324,77.645748,13.060324,77.735748,25-03-2022,21:45,21:55,Sandstorms,Jam,0,Drinks,motorcycle,0.0,Yes,Urban,49,BAN,South India,21
0x569d,MYSRES08DEL02,37.0,4.7,12.297954,76.665169,12.427954,76.795169,18-03-2022,18:15,18:25,Sunny,Medium,1,Drinks,motorcycle,1.0,No,Urban,15,MYS,South India,18
0x940a,COIMBRES20DEL02,35.0,4.8,10.994136,76.963303,11.014136,76.983303,13-03-2022,09:20,09:25,Sandstorms,Low,1,Meal,scooter,1.0,No,Urban,29,COI,South India,9
0x6045,MYSRES06DEL02,21.0,4.6,12.323994,76.626167,12.453994,76.756167,04-04-2022,23:35,23:50,Sandstorms,Low,2,Drinks,motorcycle,0.0,No,Urban,14,MYS,South India,23
0xb265,MYSRES12DEL02,34.0,4.6,12.284747,76.625861,12.334747,76.675861,13-03-2022,21:55,22:10,Windy,Jam,1,Buffet,motorcycle,1.0,No,Urban,30,MYS,South India,21
0xaf3b,COIMBRES11DEL02,21.0,4.7,11.001753,76.986241,11.081753,77.066241,06-04-2022,17:25,17:30,Windy,Medium,2,Snack,scooter,1.0,No,Urban,15,COI,South India,17
0x987e,HYDRES19DEL03,24.0,4.9,17.458998,78.500366,17.548998,78.590366,04-04-2022,19:35,19:45,Sunny,Jam,1,Buffet,motorcycle,0.0,No,Urban,18,HYD,South India,19
0xbcfa,HYDRES02DEL03,28.0,4.9,17.41233,78.449654,17.44233,78.479654,01-03-2022,18:10,18:25,Stormy,Medium,1,Drinks,motorcycle,1.0,No,Urban,29,HYD,South India,18
0x3df7,BANGRES08DEL03,20.0,4.8,12.906229,77.596791,12.936229,77.626791,13-03-2022,18:50,18:55,Sandstorms,Medium,0,Meal,motorcycle,1.0,No,Urban,18,BAN,South India,18
0x4d03,MYSRES02DEL02,20.0,4.9,12.304569,76.643622,12.434569,76.773622,23-03-2022,23:25,23:30,Windy,Low,1,Buffet,scooter,0.0,No,Urban,15,MYS,South India,23
0x5582,BANGRES15DEL01,29.0,4.6,12.975377,77.696664,12.985377,77.706664,13-03-2022,10:40,10:55,Fog,Low,2,Meal,scooter,0.0,No,Urban,13,BAN,South India,10
0x2ef9,COIMBRES11DEL01,28.0,4.6,11.001753,76.986241,11.071753,77.056241,25-03-2022,18:40,18:50,Windy,Medium,1,Drinks,motorcycle,1.0,No,Urban,29,COI,South India,18
0x3573,BANGRES19DEL01,32.0,4.6,12.914264,77.6784,12.924264,77.6884,01-04-2022,10:30,10:45,Sunny,Low,0,Drinks,motorcycle,0.0,No,Urban,23,BAN,South India,10
0xb2f0,MYSRES16DEL03,26.0,4.5,12.316967,76.603067,12.346967,76.633067,19-03-2022,22:25,22:30,Fog,Low,1,Meal,scooter,0.0,No,Urban,14,MYS,South India,22
0x2a4e,BANGRES15DEL02,32.0,4.5,12.975377,77.696664,13.055377,77.776664,23-03-2022,21:20,21:35,Stormy,Jam,1,Drinks,scooter,2.0,No,Urban,41,BAN,South India,21
0x6df9,HYDRES11DEL01,34.0,4.7,17.430448,78.418213,17.470448,78.458213,11-03-2022,14:50,0.625,Sunny,High,0,Drinks,motorcycle,0.0,No,Urban,20,HYD,South India,14
0x1cdb,MYSRES11DEL01,33.0,4.5,12.323225,76.630028,12.333225,76.640028,01-03-2022,10:50,11:05,Fog,Low,2,Snack,motorcycle,0.0,No,Urban,19,MYS,South India,10
0xb256,HYDRES09DEL01,33.0,4.7,17.431668,78.408321,17.441668,78.418321,05-04-2022,10:30,10:35,Sunny,Low,1,Drinks,motorcycle,1.0,No,Urban,11,HYD,South India,10
0xb090,HYDRES09DEL03,33.0,4.7,17.431668,78.408321,17.521668,78.498321,27-03-2022,22:45,22:55,Sandstorms,Low,1,Snack,scooter,0.0,No,Urban,21,HYD,South India,22
0x2bd0,BANGRES09DEL03,25.0,4.9,12.934179,77.615797,13.024179,77.705797,23-03-2022,22:15,22:30,Cloudy,Low,0,Snack,motorcycle,0.0,No,Urban,24,BAN,South India,22
0xa836,MYSRES11DEL01,25.0,4.5,12.323225,76.630028,12.363225,76.670028,17-03-2022,14:45,14:55,Stormy,High,1,Buffet,motorcycle,1.0,No,Urban,14,MYS,South India,14
0xb0d3,CHENRES15DEL02,23.0,4.7,13.026286,80.275235,13.106286,80.355235,18-03-2022,22:25,22:40,Stormy,Low,0,Drinks,motorcycle,0.0,No,Urban,19,CHE,South India,22
0x7e3,CHENRES09DEL01,22.0,4.6,13.044694,80.26147,13.054694,80.27147,24-03-2022,11:55,12:05,Fog,High,1,Snack,scooter,1.0,No,Urban,21,CHE,South India,11
0x69e3,HYDRES06DEL03,32.0,4.9,17.455894,78.375467,17.515894,78.435467,03-04-2022,18:45,18:55,Cloudy,Medium,1,Snack,motorcycle,1.0,No,Urban,18,HYD,South India,18
0xdbb1,KOCRES02DEL01,33.0,4.9,10.028047,76.310019,10.038047,76.320019,11-02-2022,10:55,11:05,Cloudy,Low,2,Drinks,motorcycle,0.0,No,Urban,18,KOC,South India,10
0x5725,CHENRES13DEL03,30.0,4.7,13.027018,80.254791,13.087018,80.314791,21-03-2022,23:40,23:45,Sunny,Low,2,Buffet,scooter,0.0,,Urban,10,CHE,South India,23
0x676b,MYSRES18DEL02,32.0,4.9,12.337928,76.617889,12.467928,76.747889,31-03-2022,21:20,21:25,Sunny,Jam,1,Snack,scooter,1.0,No,Urban,16,MYS,South India,21
0x5465,BANGRES20DEL02,24.0,4.7,12.972161,77.596014,12.992161,77.616014,01-04-2022,08:45,0.375,Cloudy,Low,2,Snack,scooter,0.0,No,Urban,10,BAN,South India,8
0x393a,HYDRES07DEL03,31.0,4.8,17.424114,78.347554,17.454114,78.377554,05-03-2022,17:20,17:35,Stormy,Medium,2,Buffet,scooter,0.0,No,Urban,28,HYD,South India,17
0x8531,BANGRES16DEL02,33.0,4.7,13.029198,77.570997,13.079198,77.620997,13-03-2022,22:35,22:45,Sunny,Low,1,Buffet,scooter,0.0,No,Urban,12,BAN,South India,22
0xa994,CHENRES07DEL03,21.0,5.0,13.081878,80.248519,13.171878,80.338519,02-04-2022,17:45,0.75,Windy,Medium,0,Buffet,motorcycle,1.0,No,Urban,24,CHE,South India,17
0x1774,BANGRES19DEL01,36.0,4.8,12.914264,77.6784,13.024264,77.7884,10-03-2022,22:45,22:50,Windy,Low,2,Meal,motorcycle,1.0,No,Urban,20,BAN,South India,22
0xb59a,HYDRES20DEL01,34.0,4.7,17.483216,78.552111,17.593216,78.662111,25-03-2022,23:25,23:40,Sandstorms,Low,2,Snack,scooter,1.0,No,Urban,28,HYD,South India,23
0x39b7,CHENRES05DEL02,27.0,4.6,13.058616,80.264151,13.188616,80.394151,02-04-2022,17:45,17:55,Stormy,Medium,1,Drinks,scooter,0.0,No,Urban,17,CHE,South India,17
0x243e,HYDRES04DEL01,29.0,4.6,17.411028,78.329645,17.451028,78.369645,30-03-2022,16:10,16:25,Fog,Medium,2,Drinks,scooter,1.0,No,Urban,18,HYD,South India,16
0x66d2,MYSRES15DEL03,26.0,4.6,12.352058,76.60665,12.442058,76.69665,04-04-2022,21:35,21:40,Windy,Jam,1,Meal,motorcycle,1.0,No,Urban,25,MYS,South India,21
0x968,CHENRES11DEL02,30.0,4.6337736972250205,13.064181,80.236442,13.084181,80.256442,01-04-2022,10:30,10:35,Fog,Low,2,Buffet,scooter,1.0,No,Urban,17,CHE,South India,10
0x982e,CHENRES11DEL03,24.0,4.2,13.064181,80.236442,13.124181,80.296442,03-04-2022,23:20,23:30,Windy,Low,0,Buffet,motorcycle,0.0,No,Urban,15,CHE,South India,23
0x863a,BANGRES20DEL01,34.0,4.5,12.972161,77.596014,13.082161,77.706014,02-03-2022,1,24:15:00,Stormy,Low,1,Drinks,scooter,1.0,No,Urban,15,BAN,South India,1
0xbe9e,COIMBRES01DEL03,33.0,3.5,11.016298,76.972076,11.106298,77.062076,20-03-2022,19:30,19:45,Windy,Jam,2,Meal,electric_scooter,1.0,No,Urban,43,COI,South India,19
0xc04,BANGRES07DEL01,29.0,4.6,12.978453,77.643685,13.018453,77.683685,28-03-2022,15:15,15:20,Sunny,Medium,1,Drinks,scooter,0.0,No,Urban,10,BAN,South India,15
0xa7f8,COIMBRES03DEL01,29.0,4.7,11.025083,77.015393,11.135083,77.125393,18-03-2022,23:35,23:50,Sandstorms,Low,0,Snack,motorcycle,1.0,No,Urban,24,COI,South India,23
0x1b8f,HYDRES02DEL01,32.0,4.8,17.41233,78.449654,17.42233,78.459654,07-03-2022,10:55,11:05,Sunny,Low,0,Meal,motorcycle,1.0,No,Urban,23,HYD,South India,10
0x4929,CHENRES05DEL03,38.0,4.8,13.058616,80.264151,13.118616,80.324151,01-04-2022,19:15,19:25,Fog,Jam,1,Meal,scooter,1.0,No,Urban,25,CHE,South India,19
0x4427,CHENRES16DEL01,32.0,4.2,13.049645,80.242268,13.159645,80.352268,08-03-2022,17:25,17:40,Cloudy,Medium,1,Meal,motorcycle,0.0,No,Urban,39,CHE,South India,17
0x485a,BANGRES010DEL02,38.0,4.6,12.933298,77.614293,12.983298,77.664293,21-03-2022,18:25,18:40,Cloudy,Medium,2,Snack,scooter,1.0,No,Urban,16,BAN,South India,18
0x996,HYDRES17DEL02,22.0,4.5,17.451976,78.385883,17.471976,78.405883,09-03-2022,08:40,08:55,Sandstorms,Low,0,Snack,motorcycle,1.0,No,Urban,25,HYD,South India,8
0xf2a,HYDRES20DEL02,24.0,5.0,17.483216,78.552111,17.533216,78.602111,21-03-2022,22:10,22:15,Sunny,Low,1,Snack,scooter,1.0,No,Urban,18,HYD,South India,22
0x3a7d,COIMBRES01DEL02,22.0,4.7,11.016298,76.972076,11.036298,76.992076,07-03-2022,08:35,08:40,Stormy,Low,2,Buffet,motorcycle,0.0,No,Urban,10,COI,South India,8
0xba7c,BANGRES11DEL02,27.0,4.7,12.934365,77.616155,13.064365,77.746155,06-03-2022,20:10,20:25,Sandstorms,Jam,1,Buffet,motorcycle,0.0,No,Urban,27,BAN,South India,20
0xbaa6,COIMBRES08DEL02,27.0,4.6,11.001852,76.976268,11.131852,77.106268,31-03-2022,20:50,20:55,Stormy,Jam,2,Drinks,motorcycle,1.0,No,Urban,21,COI,South India,20
0xbb8c,CHENRES08DEL01,25.0,4.8,13.022394,80.242439,13.032394,80.252439,05-04-2022,09:55,10:05,Sunny,Low,1,Buffet,motorcycle,0.0,No,Urban,16,CHE,South India,9
0x26f0,CHENRES18DEL02,38.0,4.6,12.981615,80.231598,13.001615,80.251598,11-03-2022,10:20,10:35,Stormy,Low,1,Meal,motorcycle,0.0,No,Urban,20,CHE,South India,10
0x2ae6,HYDRES05DEL01,27.0,4.8,17.433809,78.386744,17.443809,78.396744,15-03-2022,10:30,10:35,Fog,Low,2,Snack,electric_scooter,1.0,No,Urban,11,HYD,South India,10
0x5632,COIMBRES02DEL02,24.0,5.0,11.022477,76.995667,11.152477,77.125667,10-03-2022,21:20,21:25,Sunny,Jam,1,Snack,scooter,0.0,No,Urban,10,COI,South India,21
0x2613,COIMBRES06DEL01,20.0,4.8,11.021278,76.995017,11.031278,77.005017,05-03-2022,08:40,08:45,Cloudy,Low,2,Meal,scooter,0.0,No,Urban,12,COI,South India,8
0x714e,BANGRES06DEL02,34.0,4.0,12.979096,77.640625,12.999096,77.660625,19-03-2022,09:40,09:50,Stormy,Low,0,Drinks,motorcycle,1.0,No,Urban,30,BAN,South India,9
0x323b,BANGRES01DEL02,29.0,4.9,12.933284,77.615428,13.063284,77.745428,02-03-2022,19:50,20:05,Sunny,Jam,2,Snack,motorcycle,0.0,No,Urban,19,BAN,South India,19
0x61a4,HYDRES20DEL01,24.0,4.1,17.483216,78.552111,17.593216,78.662111,10-03-2022,19:40,19:50,Cloudy,Jam,1,Drinks,motorcycle,2.0,No,Urban,44,HYD,South India,19
0x8cb8,BANGRES06DEL03,28.0,4.8,12.979096,77.640625,13.009096,77.670625,11-03-2022,22:45,22:50,Cloudy,Low,2,Meal,electric_scooter,1.0,No,Urban,12,BAN,South India,22
0xae08,MYSRES17DEL01,22.0,4.7,12.326356,76.619103,12.336356,76.629103,15-03-2022,10:30,10:35,Windy,Low,2,Meal,motorcycle,1.0,No,Urban,13,MYS,South India,10
0xae4c,CHENRES11DEL01,32.0,4.5,13.064181,80.236442,13.104181,80.276442,05-03-2022,16:45,0.708333333,Fog,Medium,1,Buffet,motorcycle,1.0,No,Urban,17,CHE,South India,16
0xa5c3,COIMBRES03DEL02,32.0,4.9,11.025083,77.015393,11.045083,77.035393,17-03-2022,09:25,09:30,Fog,Low,0,Meal,motorcycle,0.0,No,Urban,29,COI,South India,9
0x49fe,HYDRES02DEL01,32.0,4.2,17.41233,78.449654,17.52233,78.559654,04-03-2022,21:30,21:40,Sandstorms,Jam,1,Snack,scooter,2.0,No,Urban,37,HYD,South India,21
0x95e4,HYDRES04DEL03,34.0,5.0,17.411028,78.329645,17.501028,78.419645,02-03-2022,1,24:10:00,Sunny,Low,1,Snack,motorcycle,1.0,No,Urban,19,HYD,South India,1
0xd695,KOCRES11DEL02,29.0,4.9,10.006881,76.345397,10.136881,76.475397,12-02-2022,18:30,18:35,Cloudy,Medium,0,Drinks,motorcycle,0.0,No,Urban,32,KOC,South India,18
0x615d,BANGRES010DEL03,30.0,4.5,12.933298,77.614293,13.023298,77.704293,06-04-2022,17:25,17:30,Windy,Medium,1,Snack,scooter,1.0,No,Urban,23,BAN,South India,17
0x7b94,MYSRES17DEL01,30.0,4.2,12.326356,76.619103,12.396356,76.689103,06-03-2022,19:10,19:25,Fog,Jam,2,Buffet,scooter,1.0,No,Urban,38,MYS,South India,19
0x97b2,COIMBRES15DEL02,37.0,5.0,11.006686,76.951736,11.026686,76.971736,17-03-2022,10:20,10:30,Sunny,Low,2,Meal,scooter,0.0,No,Urban,15,COI,South India,10
0x38fb,COIMBRES06DEL02,30.0,4.8,11.021278,76.995017,11.101278,77.075017,14-03-2022,23:25,23:35,Stormy,Low,2,Meal,scooter,1.0,No,Urban,25,COI,South India,23
0x806c,MYSRES06DEL02,34.0,4.9,12.323994,76.626167,12.343994,76.646167,15-03-2022,09:10,09:20,Sunny,Low,1,Drinks,motorcycle,1.0,No,Urban,13,MYS,South India,9
0x1358,HYDRES01DEL01,34.0,5.0,17.410371,78.437225,17.420371,78.447225,19-03-2022,11:25,11:40,Fog,High,2,Drinks,motorcycle,1.0,No,Urban,36,HYD,South India,11
0x7198,BANGRES20DEL01,25.0,4.7,12.972161,77.596014,13.012161,77.636014,07-03-2022,15:25,15:30,Cloudy,Medium,0,Meal,motorcycle,1.0,No,Urban,23,BAN,South India,15
0x26a0,BANGRES13DEL03,35.0,4.9,12.935662,77.61413,12.995662,77.67413,05-03-2022,21:55,0.916666667,Sunny,Jam,1,Drinks,motorcycle,1.0,No,Urban,21,BAN,South India,21
0x20b9,HYDRES19DEL02,25.0,4.9,17.458998,78.500366,17.538998,78.580366,04-03-2022,18:30,18:40,Stormy,Medium,1,Snack,scooter,1.0,No,Urban,19,HYD,South India,18
0x8def,CHENRES17DEL03,29.0,4.8,13.045479,80.23311,13.075479,80.26311,24-03-2022,22:10,22:15,Windy,Low,1,Snack,scooter,0.0,No,Urban,15,CHE,South India,22
0x7447,COIMBRES13DEL02,20.0,4.5,11.003669,76.976494,11.053669,77.026494,19-03-2022,18:25,18:35,Cloudy,Medium,0,Snack,motorcycle,1.0,No,Urban,29,COI,South India,18
0xcc64,KOCRES04DEL03,29.0,4.9,9.966783,76.242981,10.056783,76.332981,18-02-2022,18:25,18:35,Stormy,Medium,1,Buffet,scooter,0.0,No,Urban,18,KOC,South India,18
0x9f8e,COIMBRES14DEL02,28.0,4.7,11.003681,76.975525,11.023681,76.995525,30-03-2022,08:25,08:35,Fog,Low,0,Snack,motorcycle,1.0,No,Urban,20,COI,South India,8
0x6fa3,HYDRES11DEL03,27.0,4.6,17.430448,78.418213,17.520448,78.508213,08-03-2022,20:20,20:35,Fog,Jam,2,Buffet,scooter,1.0,No,Urban,39,HYD,South India,20
0x5c6a,MYSRES15DEL03,31.0,5.0,12.352058,76.60665,12.412058,76.66665,30-03-2022,20:40,20:45,Cloudy,Jam,0,Meal,motorcycle,0.0,No,Urban,32,MYS,South India,20
0x1e55,HYDRES07DEL02,34.0,4.8,17.424114,78.347554,17.504114,78.427554,10-03-2022,20:10,20:20,Sunny,Jam,2,Meal,electric_scooter,1.0,No,Urban,20,HYD,South India,20
0x682d,BANGRES18DEL02,32.0,4.6,12.913041,77.683237,12.933041,77.703237,11-03-2022,08:15,08:25,Fog,Low,2,Drinks,electric_scooter,1.0,No,Urban,19,BAN,South India,8
0x64c4,BANGRES01DEL03,39.0,4.9,12.933284,77.615428,12.963284,77.645428,28-03-2022,22:55,0.958333333,Sunny,Low,1,Buffet,scooter,1.0,No,Urban,19,BAN,South India,22
0xa638,HYDRES20DEL01,27.0,4.7,17.483216,78.552111,17.493216,78.562111,21-03-2022,09:15,09:30,Sandstorms,Low,1,Meal,motorcycle,0.0,No,Urban,15,HYD,South India,9
0x97ef,CHENRES03DEL01,20.0,4.6,13.091809,80.219104,13.161809,80.289104,12-03-2022,20:45,20:55,Windy,Jam,0,Buffet,motorcycle,1.0,No,Urban,35,CHE,South India,20
0x8002,MYSRES06DEL02,21.0,4.9,12.323994,76.626167,12.373994,76.676167,07-03-2022,19:30,19:35,Sunny,Jam,2,Drinks,motorcycle,0.0,No,Urban,18,MYS,South India,19
0x5459,CHENRES12DEL03,28.0,3.1,12.972793,80.249982,13.062793,80.339982,06-04-2022,23:40,23:50,Sunny,Low,2,Meal,scooter,0.0,No,Urban,35,CHE,South India,23
0x54a4,BANGRES11DEL02,34.0,4.7,12.934365,77.616155,12.984365,77.666155,01-03-2022,20:15,20:20,Sunny,Jam,1,Snack,scooter,1.0,No,Urban,19,BAN,South India,20
0x2d2a,COIMBRES01DEL03,30.0,4.8,11.016298,76.972076,11.106298,77.062076,16-03-2022,22:20,22:35,Stormy,Low,2,Snack,scooter,1.0,No,Urban,17,COI,South India,22
0xa6a8,CHENRES02DEL01,26.0,4.9,13.086438,80.220672,13.096438,80.230672,01-03-2022,08:15,08:20,Stormy,Low,2,Snack,scooter,0.0,No,Urban,16,CHE,South India,8
0x929d,MYSRES07DEL03,33.0,4.9,12.325461,76.632278,12.355461,76.662278,07-03-2022,18:10,18:15,Sandstorms,Medium,1,Drinks,motorcycle,1.0,No,Urban,34,MYS,South India,18
0x37ae,HYDRES11DEL01,39.0,4.5,17.430448,78.418213,17.440448,78.428213,05-04-2022,08:50,0.375,Windy,Low,1,Buffet,scooter,0.0,No,Urban,20,HYD,South India,8
0x35ff,COIMBRES17DEL02,30.0,4.5,11.026117,76.944652,11.156117,77.074652,02-03-2022,23:45,1,Sandstorms,Low,0,Buffet,motorcycle,1.0,No,Urban,22,COI,South India,23
0x3d74,MYSRES09DEL02,24.0,4.5,12.323194,76.630583,12.453194,76.760583,02-04-2022,22:15,22:30,Sandstorms,Low,2,Buffet,electric_scooter,0.0,No,Urban,13,MYS,South India,22
0xae5a,COIMBRES06DEL01,24.0,4.8,11.021278,76.995017,11.131278,77.105017,04-03-2022,22:50,0.958333333,Stormy,Low,2,Snack,motorcycle,1.0,No,Urban,19,COI,South India,22
0x915f,BANGRES06DEL01,35.0,4.7,12.979096,77.640625,13.019096,77.680625,30-03-2022,16:45,16:50,Sunny,Medium,0,Meal,motorcycle,0.0,No,Urban,28,BAN,South India,16
0x4fff,MYSRES05DEL01,30.0,4.3,12.323978,76.627961,12.333978,76.637961,05-03-2022,08:25,08:30,Stormy,Low,0,Snack,motorcycle,1.0,No,Urban,22,MYS,South India,8
0x5fce,COIMBRES19DEL02,34.0,4.7,11.022298,76.998349,11.042298,77.018349,15-03-2022,09:10,09:25,Sunny,Low,2,Meal,scooter,0.0,No,Urban,10,COI,South India,9
0xbdb6,MYSRES19DEL01,38.0,4.8,12.334022,76.618203,12.444022,76.728203,02-04-2022,17:35,17:50,Sunny,Medium,2,Meal,motorcycle,0.0,No,Urban,18,MYS,South India,17
0x5a6f,BANGRES07DEL01,33.0,4.9,12.978453,77.643685,13.088453,77.753685,25-03-2022,22:40,22:55,Stormy,Low,1,Buffet,motorcycle,1.0,No,Urban,15,BAN,South India,22
0x9c25,COIMBRES14DEL02,36.0,4.7,11.003681,76.975525,11.083681,77.055525,29-03-2022,22:20,22:35,Windy,Low,2,Buffet,scooter,1.0,No,Urban,20,COI,South India,22
0x8d28,COIMBRES12DEL02,20.0,4.8,11.000762,76.981876,11.050762,77.031876,01-03-2022,20:25,20:35,Sunny,Jam,2,Meal,scooter,1.0,No,Urban,14,COI,South India,20
0x70e2,HYDRES18DEL01,27.0,5.0,17.450851,78.379347,17.460851,78.389347,24-03-2022,10:30,10:40,Sandstorms,Low,1,Drinks,motorcycle,1.0,No,Urban,13,HYD,South India,10
0x4327,CHENRES11DEL01,29.0,4.5,13.064181,80.236442,13.174181,80.346442,16-03-2022,21:30,21:35,Stormy,Jam,1,Snack,scooter,0.0,No,Urban,19,CHE,South India,21
0x915a,MYSRES05DEL01,22.0,4.8,12.323978,76.627961,12.363978,76.667961,21-03-2022,15:40,15:45,Sunny,Medium,0,Buffet,motorcycle,1.0,No,Urban,18,MYS,South India,15
0x5478,CHENRES19DEL03,22.0,4.4,12.986047,80.218114,13.046047,80.278114,03-04-2022,21:45,21:50,Windy,Jam,0,Buffet,motorcycle,1.0,No,Urban,36,CHE,South India,21
0xa5a6,CHENRES03DEL02,32.0,4.8,13.091809,80.219104,13.171809,80.299104,08-03-2022,23:50,1,Stormy,Low,0,Meal,motorcycle,1.0,No,Urban,24,CHE,South India,23
0x801,BANGRES17DEL03,37.0,4.8,12.972532,77.608179,13.002532,77.638179,28-03-2022,20:55,0.875,Windy,Jam,0,Buffet,motorcycle,0.0,No,Urban,48,BAN,South India,20
0x8cef,HYDRES16DEL02,20.0,4.8,17.440827,78.393391,17.490827,78.443391,26-03-2022,18:10,18:15,Stormy,Medium,2,Drinks,scooter,1.0,No,Urban,22,HYD,South India,18
0x19fb,BANGRES07DEL01,29.0,4.7,12.978453,77.643685,13.048453,77.713685,31-03-2022,18:25,18:30,Sandstorms,Medium,2,Snack,electric_scooter,0.0,No,Urban,25,BAN,South India,18
0x79b,COIMBRES02DEL02,23.0,4.3,11.022477,76.995667,11.042477,77.015667,03-04-2022,09:20,09:35,Stormy,Low,0,Meal,motorcycle,1.0,No,Urban,21,COI,South India,9
0x7bae,CHENRES16DEL01,34.0,4.6,13.049645,80.242268,13.119645,80.312268,14-03-2022,20:30,20:35,Windy,Jam,2,Meal,scooter,1.0,No,Urban,28,CHE,South India,20
0x4b03,CHENRES01DEL01,27.0,4.7,13.005801,80.250744,13.015801,80.260744,30-03-2022,09:45,09:55,Fog,Low,1,Snack,scooter,,No,Urban,11,CHE,South India,9
0x79e4,HYDRES02DEL02,36.0,4.5,17.41233,78.449654,17.54233,78.579654,29-03-2022,19:15,19:20,Sunny,Jam,2,Drinks,electric_scooter,0.0,No,Urban,21,HYD,South India,19
0xa15c,CHENRES01DEL03,39.0,4.8,13.005801,80.250744,13.065801,80.310744,13-03-2022,23:20,23:25,Stormy,Low,1,Buffet,motorcycle,0.0,No,Urban,23,CHE,South India,23
0x4a35,MYSRES19DEL01,30.0,4.8,12.334022,76.618203,12.444022,76.728203,14-03-2022,18:20,18:25,Stormy,Medium,2,Drinks,electric_scooter,0.0,No,Urban,22,MYS,South India,18
0xd1ba,KOCRES17DEL02,22.0,4.9,9.959778,76.296106,10.009778,76.346106,17-02-2022,19:20,19:30,Cloudy,Jam,1,Drinks,motorcycle,1.0,No,Urban,27,KOC,South India,19
0x5d3e,MYSRES04DEL03,24.0,4.7,12.3085,76.665808,12.3985,76.755808,18-03-2022,20:30,20:35,Sunny,Jam,2,Meal,electric_scooter,1.0,No,Urban,23,MYS,South India,20
0xc58,CHENRES05DEL02,32.0,4.9,13.058616,80.264151,13.188616,80.394151,14-03-2022,18:55,19:05,Sunny,Medium,0,Snack,motorcycle,1.0,No,Urban,26,CHE,South India,18
0x6d46,HYDRES04DEL02,24.0,4.7,17.411028,78.329645,17.491028,78.409645,02-03-2022,22:25,22:30,Windy,Low,1,Drinks,motorcycle,0.0,No,Urban,18,HYD,South India,22
0x200f,MYSRES02DEL03,26.0,4.8,12.304569,76.643622,12.364569,76.703622,21-03-2022,21:50,0.916666667,Windy,Jam,1,Snack,scooter,1.0,No,Urban,17,MYS,South India,21
0x9d0d,HYDRES06DEL01,31.0,4.8,17.455894,78.375467,17.465894,78.385467,03-04-2022,10:40,10:45,Windy,Low,2,Meal,motorcycle,1.0,No,Urban,26,HYD,South India,10
0xa074,BANGRES02DEL02,21.0,5.0,12.970221,77.645396,13.020221,77.695396,21-03-2022,23:10,23:25,Sunny,Low,2,Meal,scooter,0.0,No,Urban,18,BAN,South India,23
0x45c7,COIMBRES17DEL01,26.0,4.9,11.026117,76.944652,11.066117,76.984652,09-03-2022,12:55,0.541666667,Sunny,High,1,Buffet,scooter,1.0,No,Urban,11,COI,South India,12
0x2201,CHENRES17DEL03,38.0,4.6,13.045479,80.23311,13.105479,80.29311,19-03-2022,19:20,19:35,Stormy,Jam,2,Meal,scooter,1.0,No,Urban,26,CHE,South India,19
0x2999,MYSRES14DEL02,21.0,5.0,0.0,0.0,0.08,0.08,10-03-2022,20:25,20:30,Sunny,Jam,0,Drinks,motorcycle,1.0,No,Urban,28,MYS,South India,20
0xb474,COIMBRES12DEL02,29.0,4.5,11.000762,76.981876,11.080762,77.061876,14-03-2022,17:15,17:30,Sandstorms,Medium,2,Meal,motorcycle,0.0,No,Urban,16,COI,South India,17
0x971f,CHENRES20DEL01,39.0,4.8,12.975996,80.221898,13.085996,80.331898,29-03-2022,21:45,0.916666667,Windy,Jam,0,Drinks,motorcycle,1.0,No,Urban,36,CHE,South India,21
0x40eb,BANGRES06DEL03,28.0,4.6,12.979096,77.640625,13.009096,77.670625,26-03-2022,17:25,17:30,Cloudy,Medium,1,Buffet,scooter,0.0,No,Urban,18,BAN,South India,17
0x29b9,BANGRES06DEL01,35.0,4.6,12.979096,77.640625,12.989096,77.650625,19-03-2022,09:30,09:45,Fog,Low,0,Meal,motorcycle,1.0,No,Urban,25,BAN,South India,9
0x62be,COIMBRES09DEL02,26.0,5.0,11.008638,76.984311,11.088638,77.064311,02-03-2022,21:40,21:55,Sunny,Jam,2,Buffet,scooter,0.0,No,Urban,13,COI,South India,21
0xfdc,COIMBRES19DEL01,21.0,4.8,11.022298,76.998349,11.062298,77.038349,05-04-2022,15:15,15:30,Sandstorms,Medium,1,Drinks,motorcycle,1.0,No,Urban,25,COI,South India,15
0x8c6c,BANGRES07DEL02,24.0,4.7,12.978453,77.643685,13.028453,77.693685,01-03-2022,18:20,18:30,Fog,Medium,1,Drinks,motorcycle,0.0,No,Urban,11,BAN,South India,18
0xa1af,COIMBRES07DEL02,27.0,4.9,10.96185,76.971082,10.98185,76.991082,19-03-2022,10:35,10:50,Stormy,Low,1,Snack,motorcycle,0.0,No,Urban,12,COI,South India,10
0x86e1,MYSRES01DEL03,39.0,4.7,12.311072,76.654878,12.341072,76.684878,01-04-2022,20:50,20:55,Stormy,Jam,0,Meal,motorcycle,1.0,No,Urban,35,MYS,South India,20
0xbaa9,CHENRES05DEL02,35.0,4.8,13.058616,80.264151,13.108616,80.314151,28-03-2022,20:55,21:05,Sandstorms,Jam,1,Drinks,motorcycle,1.0,No,Urban,25,CHE,South India,20
0x96f,COIMBRES18DEL02,30.0,4.6337736972250205,11.02091,76.940432,11.15091,77.070432,29-03-2022,20:55,21:10,Sunny,Jam,1,Snack,scooter,1.0,No,Urban,30,COI,South India,20
0x3667,COIMBRES06DEL02,29.0,4.5,11.021278,76.995017,11.041278,77.015017,17-03-2022,09:30,09:45,Stormy,Low,1,Snack,motorcycle,0.0,No,Urban,15,COI,South India,9
0xb39f,CHENRES06DEL03,21.0,4.5,13.054347,80.257221,13.144347,80.347221,23-03-2022,20:45,20:55,Sunny,Jam,1,Snack,motorcycle,,No,Urban,24,CHE,South India,20
0x52e5,MYSRES15DEL02,39.0,4.1,12.352058,76.60665,12.432058,76.68665,14-03-2022,18:10,18:15,Cloudy,Medium,2,Drinks,motorcycle,,No,Urban,35,MYS,South India,18
0x2730,CHENRES03DEL01,35.0,4.7,13.091809,80.219104,13.131809,80.259104,09-03-2022,14:35,14:50,Sandstorms,High,2,Drinks,scooter,0.0,No,Urban,25,CHE,South India,14
0xaae7,BANGRES05DEL02,30.0,4.9,12.970324,77.645748,13.050324,77.725748,04-04-2022,18:10,18:20,Sandstorms,Medium,2,Meal,scooter,1.0,No,Urban,25,BAN,South India,18
0xbcff,COIMBRES09DEL01,21.0,4.9,11.008638,76.984311,11.018638,76.994311,17-03-2022,11:15,11:20,Sunny,High,2,Buffet,motorcycle,1.0,No,Urban,18,COI,South India,11
0x423d,BANGRES16DEL02,39.0,4.2,13.029198,77.570997,13.109198,77.650997,20-03-2022,19:55,20:10,Sandstorms,Jam,0,Buffet,motorcycle,3.0,No,Urban,50,BAN,South India,19
0xb188,HYDRES18DEL03,36.0,5.0,17.450851,78.379347,17.480851,78.409347,28-03-2022,22:15,22:25,Sandstorms,Low,2,Meal,scooter,1.0,No,Urban,22,HYD,South India,22
0x6c03,CHENRES20DEL03,25.0,4.7,12.975996,80.221898,13.035996,80.281898,01-03-2022,22:55,23:10,Sandstorms,Low,1,Drinks,scooter,0.0,No,Urban,10,CHE,South India,22
0x7c7a,CHENRES04DEL01,26.0,4.8,13.02978,80.208812,13.13978,80.318812,23-03-2022,19:50,0.833333333,Cloudy,Jam,0,Drinks,motorcycle,0.0,No,Urban,46,CHE,South India,19
0xb073,CHENRES12DEL02,30.0,4.9,12.972793,80.249982,13.052793,80.329982,12-03-2022,22:40,22:50,Windy,Low,0,Buffet,motorcycle,1.0,No,Urban,29,CHE,South India,22
0x80c9,MYSRES18DEL02,22.0,4.6,12.337928,76.617889,12.357928,76.637889,19-03-2022,10:35,10:50,Fog,Low,1,Snack,scooter,1.0,No,Urban,13,MYS,South India,10
0x57f4,COIMBRES14DEL01,27.0,4.4,11.003681,76.975525,11.013681,76.985525,07-03-2022,08:20,08:35,Stormy,Low,0,Buffet,motorcycle,1.0,No,Urban,24,COI,South India,8
0x7852,HYDRES09DEL03,39.0,4.7,17.431668,78.408321,17.521668,78.498321,31-03-2022,22:10,22:15,Fog,Low,1,Buffet,scooter,0.0,No,Urban,27,HYD,South India,22
0x267b,BANGRES15DEL01,34.0,4.1,12.975377,77.696664,13.045377,77.766664,02-03-2022,23:20,23:35,Cloudy,Low,1,Drinks,motorcycle,1.0,No,Urban,35,BAN,South India,23
0xb916,BANGRES12DEL01,34.0,4.9,12.939496,77.625999,12.979496,77.665999,01-04-2022,16:10,16:15,Fog,Medium,1,Buffet,motorcycle,1.0,No,Urban,17,BAN,South India,16
0x1a86,HYDRES14DEL01,24.0,4.5,17.426228,78.407495,17.496228,78.477495,14-03-2022,20:55,0.875,Stormy,Jam,0,Buffet,motorcycle,1.0,No,Urban,30,HYD,South India,20
0x7c7c,COIMBRES12DEL02,38.0,4.8,11.000762,76.981876,11.080762,77.061876,20-03-2022,20:25,20:35,Windy,Jam,2,Snack,motorcycle,0.0,No,Urban,27,COI,South India,20
0x349c,BANGRES09DEL03,31.0,4.9,12.934179,77.615797,12.964179,77.645797,09-03-2022,21:35,21:45,Cloudy,Jam,0,Snack,motorcycle,1.0,No,Urban,30,BAN,South India,21
0x1fd3,COIMBRES17DEL02,26.0,4.5,11.026117,76.944652,11.046117,76.964652,13-03-2022,09:15,09:30,Sunny,Low,0,Buffet,motorcycle,0.0,No,Urban,14,COI,South India,9
0xa1bc,COIMBRES18DEL02,36.0,4.9,11.02091,76.940432,11.04091,76.960432,05-03-2022,10:40,10:45,Sandstorms,Low,1,Meal,motorcycle,1.0,No,Urban,21,COI,South India,10
0xa9a8,COIMBRES09DEL01,29.0,4.9,11.008638,76.984311,11.018638,76.994311,24-03-2022,09:45,09:50,Sandstorms,Low,2,Drinks,motorcycle,0.0,No,Urban,16,COI,South India,9
0xac2b,HYDRES06DEL02,24.0,4.8,17.455894,78.375467,17.585894,78.505467,16-03-2022,19:15,19:25,Stormy,Jam,1,Drinks,motorcycle,1.0,No,Urban,27,HYD,South India,19
0x3689,BANGRES06DEL01,38.0,5.0,12.979096,77.640625,13.049096,77.710625,20-03-2022,20:45,20:50,Fog,Jam,2,Drinks,motorcycle,1.0,No,Urban,45,BAN,South India,20
0x3d61,CHENRES03DEL03,21.0,4.5,13.091809,80.219104,13.121809,80.249104,09-03-2022,19:35,19:45,Stormy,Jam,1,Drinks,scooter,0.0,No,Urban,17,CHE,South India,19
0x4adc,COIMBRES14DEL01,38.0,4.1,11.003681,76.975525,11.043681,77.015525,30-03-2022,13:35,13:45,Stormy,High,1,Buffet,scooter,1.0,No,Urban,33,COI,South India,13
0x74b6,HYDRES03DEL01,26.0,4.6,17.422819,78.449578,17.532819,78.559578,02-04-2022,21:50,21:55,Fog,Jam,0,Buffet,motorcycle,2.0,No,Urban,46,HYD,South India,21
0x99c2,COIMBRES12DEL03,24.0,4.7,11.000762,76.981876,11.060762,77.041876,07-03-2022,20:20,20:35,Windy,Jam,2,Meal,electric_scooter,1.0,No,Urban,11,COI,South India,20
0x3bbe,BANGRES09DEL01,33.0,4.9,12.934179,77.615797,12.974179,77.655797,03-03-2022,15:55,0.666666667,Windy,Medium,0,Meal,motorcycle,1.0,No,Urban,26,BAN,South India,15
0x6517,HYDRES17DEL02,37.0,5.0,17.451976,78.385883,17.581976,78.515883,20-03-2022,21:30,21:40,Sandstorms,Jam,1,Drinks,scooter,1.0,No,Urban,26,HYD,South India,21
0x7f4d,COIMBRES01DEL03,32.0,4.6,11.016298,76.972076,11.106298,77.062076,04-03-2022,22:15,22:20,Sunny,Low,1,Buffet,motorcycle,1.0,No,Urban,16,COI,South India,22
0x59bf,BANGRES19DEL03,29.0,4.7,12.914264,77.6784,12.974264,77.7384,03-04-2022,19:40,19:50,Sunny,Jam,2,Meal,scooter,1.0,No,Urban,13,BAN,South India,19
0x751b,HYDRES16DEL02,29.0,4.6,17.440827,78.393391,17.490827,78.443391,30-03-2022,17:35,17:50,Windy,Medium,0,Snack,motorcycle,0.0,No,Urban,13,HYD,South India,17
0x648d,COIMBRES15DEL03,33.0,4.9,11.006686,76.951736,11.036686,76.981736,09-03-2022,23:45,23:50,Sandstorms,Low,1,Snack,motorcycle,1.0,No,Urban,21,COI,South India,23
0x205b,COIMBRES09DEL03,39.0,4.7,11.008638,76.984311,11.068638,77.044311,05-04-2022,22:35,22:50,Windy,Low,2,Meal,electric_scooter,1.0,No,Urban,21,COI,South India,22
0x4453,BANGRES16DEL03,27.0,4.7,13.029198,77.570997,13.089198,77.630997,24-03-2022,18:55,19:05,Fog,Medium,0,Snack,motorcycle,1.0,No,Urban,22,BAN,South India,18
0x526d,MYSRES02DEL01,33.0,4.8,12.304569,76.643622,12.344569,76.683622,05-03-2022,15:55,0.666666667,Cloudy,Medium,2,Meal,scooter,0.0,No,Urban,15,MYS,South India,15
0x5e16,BANGRES14DEL02,22.0,4.6,12.949934,77.699386,12.999934,77.749386,30-03-2022,19:55,0.833333333,Sunny,Jam,2,Buffet,motorcycle,0.0,No,Urban,12,BAN,South India,19
0xa937,MYSRES17DEL02,21.0,4.9,12.326356,76.619103,12.456356,76.749103,27-03-2022,22:55,23:05,Fog,Low,1,Drinks,scooter,0.0,No,Urban,25,MYS,South India,22
0xd542,KOCRES15DEL01,30.0,4.7,10.027364,76.308258,10.137364,76.418258,14-02-2022,22:55,23:05,Stormy,Low,0,Drinks,motorcycle,1.0,No,Urban,21,KOC,South India,22
0x17b3,COIMBRES08DEL01,27.0,4.8,11.001852,76.976268,11.071852,77.046268,04-03-2022,19:10,19:15,Sunny,Jam,0,Drinks,motorcycle,1.0,No,Urban,17,COI,South India,19
0x623f,HYDRES13DEL02,39.0,4.8,17.431477,78.40035,17.511477,78.48035,27-03-2022,23:20,23:35,Cloudy,Low,0,Buffet,motorcycle,2.0,No,Urban,38,HYD,South India,23
0x9443,MYSRES11DEL03,28.0,4.9,12.323225,76.630028,12.413225,76.720028,25-03-2022,22:20,22:35,Cloudy,Low,1,Buffet,motorcycle,1.0,No,Urban,24,MYS,South India,22
0xbca8,HYDRES06DEL01,22.0,4.4,17.455894,78.375467,17.495894,78.415467,19-03-2022,14:55,0.625,Cloudy,High,2,Buffet,scooter,1.0,No,Urban,31,HYD,South India,14
0xa4ba,CHENRES05DEL02,21.0,4.8,13.058616,80.264151,13.108616,80.314151,17-03-2022,23:15,23:30,Sunny,Low,1,Drinks,motorcycle,0.0,No,Urban,15,CHE,South India,23
0x670a,COIMBRES010DEL03,24.0,4.6,11.003008,76.97544,11.063009,77.03544,03-03-2022,19:55,20:10,Sandstorms,Jam,1,Meal,motorcycle,1.0,No,Urban,10,COI,South India,19
0xbc10,CHENRES20DEL02,25.0,4.6,12.975996,80.221898,12.995996,80.241898,07-03-2022,11:15,11:25,Sunny,High,1,Buffet,motorcycle,0.0,No,Urban,19,CHE,South India,11
0xa857,CHENRES04DEL01,26.0,4.8,13.02978,80.208812,13.06978,80.248812,03-03-2022,16:10,16:15,Windy,Medium,1,Buffet,motorcycle,1.0,No,Urban,20,CHE,South India,16
0x47f0,MYSRES12DEL03,26.0,4.8,12.284747,76.625861,12.374747,76.715861,18-03-2022,22:25,22:30,Stormy,Low,1,Meal,scooter,1.0,No,Urban,15,MYS,South India,22
0xb71d,BANGRES15DEL02,30.0,4.7,12.975377,77.696664,12.995377,77.716664,01-04-2022,10:40,10:55,Stormy,Low,1,Meal,scooter,,No,Urban,20,BAN,South India,10
0x18f8,CHENRES010DEL01,32.0,4.1,13.066762,80.251865,13.106762,80.291865,21-03-2022,15:35,15:45,Sandstorms,Medium,2,Snack,scooter,1.0,No,Urban,32,CHE,South India,15
0xb677,HYDRES11DEL03,22.0,4.9,17.430448,78.418213,17.520448,78.508213,20-03-2022,20:50,0.875,Stormy,Jam,1,Meal,scooter,1.0,No,Urban,16,HYD,South India,20
0x7ef,COIMBRES14DEL02,34.0,4.9,11.003681,76.975525,11.053681,77.025525,30-03-2022,23:55,1,Fog,Low,2,Meal,motorcycle,1.0,No,Urban,19,COI,South India,23
0x325e,COIMBRES05DEL01,20.0,4.9,11.022169,76.999594,11.032169,77.009594,01-04-2022,08:15,08:25,Stormy,Low,1,Buffet,scooter,0.0,No,Urban,10,COI,South India,8
0x7046,CHENRES15DEL02,35.0,4.1,13.026286,80.275235,13.156286,80.405235,02-03-2022,23:30,23:45,Cloudy,Low,0,Meal,motorcycle,0.0,No,Urban,39,CHE,South India,23
0x704a,CHENRES02DEL02,30.0,4.5,13.086438,80.220672,13.216439,80.350672,25-03-2022,21:10,21:25,Sunny,Jam,2,Drinks,electric_scooter,1.0,No,Urban,27,CHE,South India,21
0x769a,MYSRES07DEL01,25.0,4.6,12.325461,76.632278,12.395461,76.702278,02-03-2022,23:25,23:30,Sandstorms,Low,0,Snack,motorcycle,1.0,No,Urban,23,MYS,South India,23
0xa4b5,BANGRES16DEL03,29.0,4.3,13.029198,77.570997,13.119198,77.660997,12-03-2022,18:20,18:30,Stormy,Medium,0,Snack,motorcycle,1.0,No,Urban,31,BAN,South India,18
0x3e72,MYSRES11DEL01,31.0,4.8,12.323225,76.630028,12.333225,76.640028,28-03-2022,10:35,10:45,Sunny,Low,1,Buffet,motorcycle,0.0,No,Urban,11,MYS,South India,10
0x563c,COIMBRES06DEL03,22.0,4.6,11.021278,76.995017,11.051278,77.025017,30-03-2022,22:55,0.958333333,Fog,Low,0,Meal,motorcycle,1.0,No,Urban,17,COI,South India,22
0x46bd,MYSRES05DEL03,37.0,4.8,12.323978,76.627961,12.383978,76.687961,15-03-2022,18:30,18:35,Cloudy,Medium,2,Drinks,scooter,1.0,No,Urban,15,MYS,South India,18
0x86ea,COIMBRES19DEL02,23.0,4.6,11.022298,76.998349,11.152298,77.128349,20-03-2022,22:50,22:55,Fog,Low,0,Buffet,motorcycle,0.0,No,Urban,21,COI,South India,22
0x335e,COIMBRES04DEL02,20.0,5.0,11.024839,77.007003,11.154839,77.137003,08-03-2022,19:15,19:30,Fog,Jam,0,Snack,motorcycle,1.0,No,Urban,39,COI,South India,19
0x730b,HYDRES01DEL03,37.0,4.8,17.410371,78.437225,17.500371,78.527225,16-03-2022,17:35,17:45,Sandstorms,Medium,2,Drinks,scooter,1.0,No,Urban,29,HYD,South India,17
0xb666,HYDRES13DEL01,23.0,4.7,17.431477,78.40035,17.501477,78.47035,25-03-2022,17:45,0.75,Sunny,Medium,1,Buffet,scooter,1.0,No,Urban,15,HYD,South India,17
0x28ab,MYSRES17DEL03,34.0,4.8,12.326356,76.619103,12.356356,76.649103,19-03-2022,18:35,18:40,Sunny,Medium,1,Snack,scooter,1.0,No,Urban,17,MYS,South India,18
0x7ca5,MYSRES16DEL02,33.0,5.0,12.316967,76.603067,12.336967,76.623067,26-03-2022,11:15,11:30,Fog,High,0,Buffet,motorcycle,1.0,No,Urban,32,MYS,South India,11
0x807,MYSRES04DEL01,32.0,4.8,12.3085,76.665808,12.3785,76.735808,10-03-2022,18:45,18:55,Sunny,Medium,1,Drinks,motorcycle,0.0,No,Urban,16,MYS,South India,18
0x74cc,CHENRES14DEL02,24.0,4.7,13.026279,80.174568,13.046279,80.194568,11-03-2022,10:50,11:05,Cloudy,Low,0,Snack,motorcycle,1.0,No,Urban,19,CHE,South India,10
0x55d6,COIMBRES12DEL02,30.0,4.7,11.000762,76.981876,11.020762,77.001876,17-03-2022,09:10,09:15,Sunny,Low,1,Snack,motorcycle,0.0,No,Urban,11,COI,South India,9
0x8717,COIMBRES11DEL02,23.0,4.8,11.001753,76.986241,11.051753,77.036241,01-04-2022,17:45,17:55,Fog,Medium,2,Meal,scooter,0.0,No,Urban,10,COI,South India,17
0x219f,CHENRES16DEL01,21.0,4.9,13.049645,80.242268,13.059645,80.252268,17-03-2022,11:25,11:30,Sunny,High,2,Meal,scooter,1.0,No,Urban,18,CHE,South India,11
0xbeec,MYSRES17DEL02,37.0,4.6,12.326356,76.619103,12.376356,76.669103,07-03-2022,18:40,18:55,Windy,Medium,0,Snack,motorcycle,0.0,No,Urban,29,MYS,South India,18
0x7f85,MYSRES07DEL03,36.0,4.4,12.325461,76.632278,12.385461,76.692278,01-04-2022,19:15,19:30,Sandstorms,Jam,2,Snack,scooter,1.0,No,Urban,31,MYS,South India,19
0x858a,HYDRES04DEL02,28.0,4.7,17.411028,78.329645,17.461028,78.379645,11-03-2022,19:45,0.833333333,Sandstorms,Jam,0,Snack,motorcycle,0.0,No,Urban,36,HYD,South India,19
0x76c5,CHENRES04DEL02,33.0,4.2,13.02978,80.208812,13.15978,80.338812,04-03-2022,23:10,23:25,Cloudy,Low,2,Snack,motorcycle,2.0,No,Urban,38,CHE,South India,23
0x9a44,BANGRES06DEL03,38.0,4.5,12.979096,77.640625,13.069096,77.730625,04-03-2022,19:40,19:55,Sunny,Jam,1,Buffet,motorcycle,1.0,No,Urban,17,BAN,South India,19
0x45d5,HYDRES05DEL02,37.0,4.6,17.433809,78.386744,17.483809,78.436744,13-03-2022,22:40,22:50,Cloudy,Low,1,Drinks,motorcycle,1.0,No,Urban,19,HYD,South India,22
0x91e8,CHENRES010DEL01,22.0,5.0,13.066762,80.251865,13.106762,80.291865,15-03-2022,15:25,15:35,Windy,Medium,1,Buffet,motorcycle,0.0,No,Urban,22,CHE,South India,15
0x8fbe,COIMBRES010DEL01,34.0,3.7,11.003008,76.97544,11.073009,77.04544,02-03-2022,20:50,21:05,Windy,Jam,2,Snack,scooter,1.0,No,Urban,44,COI,South India,20
0x2831,COIMBRES09DEL03,33.0,4.7,11.008638,76.984311,11.098638,77.074311,04-04-2022,23:15,23:30,Windy,Low,0,Meal,motorcycle,1.0,No,Urban,25,COI,South India,23
0xff8,HYDRES12DEL01,39.0,4.8,17.429585,78.392621,17.469585,78.432621,05-04-2022,15:25,15:30,Fog,Medium,2,Buffet,scooter,0.0,No,Urban,18,HYD,South India,15
0x4f6d,HYDRES20DEL01,26.0,4.8,17.483216,78.552111,17.493216,78.562111,13-03-2022,08:10,08:25,Stormy,Low,1,Drinks,motorcycle,0.0,No,Urban,11,HYD,South India,8
0x3e59,HYDRES20DEL01,29.0,4.7,17.483216,78.552111,17.553216,78.622111,04-04-2022,17:35,17:50,Sandstorms,Medium,1,Drinks,motorcycle,,No,Urban,19,HYD,South India,17
0xbe52,HYDRES010DEL01,29.0,4.9,17.428294,78.404423,17.438294,78.414423,24-03-2022,10:40,10:55,Sunny,Low,2,Drinks,electric_scooter,0.0,No,Urban,16,HYD,South India,10
0x3252,HYDRES03DEL01,21.0,4.9,17.422819,78.449578,17.432819,78.459578,15-03-2022,09:40,09:45,Cloudy,Low,1,Meal,scooter,1.0,No,Urban,16,HYD,South India,9
0x7314,HYDRES05DEL03,27.0,4.8,17.433809,78.386744,17.523809,78.476744,23-03-2022,22:40,22:45,Windy,Low,0,Snack,motorcycle,1.0,No,Urban,22,HYD,South India,22
0xb71c,COIMBRES16DEL02,37.0,4.9,11.010375,76.95295,11.140375,77.08295,02-04-2022,18:45,18:50,Cloudy,Medium,0,Drinks,motorcycle,1.0,No,Urban,37,COI,South India,18
0x2c33,HYDRES13DEL01,39.0,4.8,17.431477,78.40035,17.471477,78.44035,30-03-2022,14:30,14:40,Sunny,High,2,Buffet,electric_scooter,0.0,No,Urban,21,HYD,South India,14
0xbaf9,BANGRES05DEL01,20.0,4.6,12.970324,77.645748,13.010324,77.685748,09-03-2022,15:40,15:50,Fog,Medium,1,Drinks,motorcycle,1.0,No,Urban,19,BAN,South India,15
0x8bc7,COIMBRES010DEL02,33.0,4.6,11.003008,76.97544,11.023008,76.99544,21-03-2022,09:50,10:05,Sandstorms,Low,2,Snack,motorcycle,1.0,No,Urban,23,COI,South India,9
0x2979,HYDRES19DEL01,30.0,4.6337736972250205,17.458998,78.500366,17.528998,78.570366,23-03-2022,22:20,22:35,Sandstorms,Low,1,Meal,scooter,,No,Urban,17,HYD,South India,22
0xb3ff,MYSRES14DEL03,20.0,4.6,0.0,0.0,0.03,0.03,17-03-2022,18:10,18:20,Sandstorms,Medium,0,Snack,motorcycle,1.0,No,Urban,18,MYS,South India,18
0xa964,COIMBRES16DEL01,25.0,4.5,11.010375,76.95295,11.020375,76.96295,17-03-2022,11:35,11:50,Sunny,High,2,Buffet,motorcycle,,No,Urban,16,COI,South India,11
0xbd8c,MYSRES03DEL02,27.0,4.5,12.299524,76.64262,12.349524,76.69262,24-03-2022,18:50,19:05,Fog,Medium,1,Drinks,motorcycle,0.0,,Urban,10,MYS,South India,18
0xd54d,KOCRES17DEL01,32.0,4.8,9.959778,76.296106,9.969778,76.306106,11-02-2022,10:10,10:25,Sandstorms,Low,1,Meal,scooter,1.0,No,Urban,29,KOC,South India,10
0x9a8a,MYSRES12DEL03,31.0,5.0,12.284747,76.625861,12.374747,76.715861,06-03-2022,19:25,19:40,Fog,Jam,2,Drinks,scooter,1.0,Yes,Urban,49,MYS,South India,19
0xcf54,KOCRES15DEL03,35.0,4.7,10.027364,76.308258,10.057364,76.338258,11-02-2022,23:50,1,Sunny,Low,0,Buffet,motorcycle,0.0,No,Urban,21,KOC,South India,23
0x9700,CHENRES11DEL01,22.0,5.0,13.064181,80.236442,13.134181,80.306442,23-03-2022,23:45,23:55,Sandstorms,Low,1,Buffet,scooter,0.0,No,Urban,10,CHE,South India,23
0x5089,BANGRES16DEL01,36.0,4.5,13.029198,77.570997,13.139198,77.680997,20-03-2022,23:50,23:55,Sandstorms,Low,1,Snack,scooter,1.0,No,Urban,25,BAN,South India,23
0x3b13,COIMBRES07DEL01,30.0,4.8,10.96185,76.971082,11.00185,77.011082,09-03-2022,15:25,15:35,Stormy,Medium,2,Buffet,electric_scooter,1.0,No,Urban,25,COI,South India,15
0x3a22,COIMBRES03DEL02,35.0,4.9,11.025083,77.015393,11.105083,77.095393,29-03-2022,17:55,18:05,Sunny,Medium,0,Meal,motorcycle,1.0,No,Urban,30,COI,South India,17
0x8a0d,BANGRES17DEL02,20.0,5.0,12.972532,77.608179,12.992532,77.628179,01-04-2022,09:20,09:25,Sandstorms,Low,2,Snack,scooter,1.0,No,Urban,12,BAN,South India,9
0x57c4,HYDRES18DEL02,26.0,4.8,17.450851,78.379347,17.500851,78.429347,15-03-2022,22:50,23:05,Stormy,Low,1,Buffet,motorcycle,1.0,No,Urban,10,HYD,South India,22
0xd8bb,KOCRES18DEL03,37.0,4.9,9.957144,76.296783,9.987144,76.326783,17-02-2022,21:15,21:25,Sandstorms,Jam,2,Buffet,electric_scooter,1.0,No,Urban,30,KOC,South India,21
0x6b46,COIMBRES07DEL02,30.0,4.7,10.96185,76.971082,10.98185,76.991082,09-03-2022,10:20,10:30,Sunny,Low,2,Snack,electric_scooter,0.0,No,Urban,10,COI,South India,10
0x4ff0,BANGRES11DEL03,21.0,4.9,12.934365,77.616155,12.964365,77.646155,13-03-2022,21:50,0.916666667,Cloudy,Jam,2,Meal,motorcycle,0.0,No,Urban,20,BAN,South India,21
0x5bdb,COIMBRES05DEL03,25.0,4.7,11.022169,76.999594,11.112169,77.089594,06-03-2022,20:10,20:15,Fog,Jam,2,Drinks,electric_scooter,1.0,No,Urban,34,COI,South India,20
0x15c8,HYDRES19DEL03,29.0,4.1,17.458998,78.500366,17.518998,78.560366,03-04-2022,22:55,23:05,Sandstorms,Low,0,Drinks,motorcycle,1.0,No,Urban,18,HYD,South India,22
0xc871,KOCRES09DEL01,33.0,4.9,10.000706,76.349516,10.110706,76.459516,12-02-2022,22:30,22:40,Sunny,Low,2,Meal,electric_scooter,1.0,No,Urban,24,KOC,South India,22
0x30ed,COIMBRES11DEL02,23.0,4.6,11.001753,76.986241,11.131753,77.116241,04-03-2022,22:25,22:40,Sandstorms,Low,0,Buffet,motorcycle,,No,Urban,17,COI,South India,22
0x3d3d,COIMBRES17DEL01,31.0,4.9,11.026117,76.944652,11.066117,76.984652,26-03-2022,12:35,12:50,Stormy,High,1,Snack,motorcycle,1.0,No,Urban,25,COI,South India,12
0x3684,BANGRES09DEL01,23.0,4.7,12.934179,77.615797,12.974179,77.655797,07-03-2022,14:20,14:35,Windy,High,2,Buffet,electric_scooter,0.0,No,Urban,22,BAN,South India,14
0xa35f,MYSRES06DEL03,20.0,4.6,12.323994,76.626167,12.413994,76.716167,10-03-2022,18:40,18:50,Sandstorms,Medium,2,Drinks,electric_scooter,1.0,No,Urban,27,MYS,South India,18
0xa0b0,BANGRES17DEL03,21.0,4.6,12.972532,77.608179,13.062532,77.698179,08-03-2022,23:40,23:50,Fog,Low,2,Buffet,scooter,0.0,No,Urban,20,BAN,South India,23
0xa342,CHENRES14DEL03,25.0,4.8,13.026279,80.174568,13.116279,80.264568,14-03-2022,20:30,20:35,Fog,Jam,1,Drinks,motorcycle,1.0,No,Urban,30,CHE,South India,20
0x7560,HYDRES15DEL01,35.0,4.9,17.45971,78.368855,17.49971,78.408855,07-03-2022,14:10,14:25,Sandstorms,High,2,Meal,motorcycle,1.0,No,Urban,29,HYD,South India,14
0xac77,COIMBRES05DEL02,28.0,4.9,11.022169,76.999594,11.042169,77.019594,26-03-2022,09:10,09:25,Windy,Low,2,Drinks,scooter,0.0,No,Urban,11,COI,South India,9
0xaa9e,CHENRES09DEL01,21.0,4.5,13.044694,80.26147,13.154694,80.37147,25-03-2022,21:20,21:25,Sandstorms,Jam,1,Buffet,motorcycle,1.0,No,Urban,25,CHE,South India,21
0xb878,BANGRES19DEL03,29.0,4.6,12.914264,77.6784,12.944264,77.7084,17-03-2022,22:25,22:40,Fog,Low,2,Snack,electric_scooter,0.0,No,Urban,14,BAN,South India,22
0x2f93,CHENRES07DEL02,26.0,4.1,13.081878,80.248519,13.211878,80.378519,18-03-2022,19:40,19:55,Fog,Jam,2,Snack,scooter,2.0,No,Urban,41,CHE,South India,19
0x7834,BANGRES07DEL03,28.0,4.9,12.978453,77.643685,13.038453,77.703685,01-03-2022,21:20,21:25,Sandstorms,Jam,0,Drinks,motorcycle,1.0,No,Urban,24,BAN,South India,21
0xad1a,COIMBRES03DEL01,37.0,4.6,11.025083,77.015393,11.065083,77.055393,09-03-2022,13:15,13:30,Sunny,High,0,Meal,motorcycle,1.0,No,Urban,27,COI,South India,13
0x4bfd,HYDRES12DEL01,37.0,5.0,17.429585,78.392621,17.439585,78.402621,15-03-2022,09:50,10:05,Fog,Low,0,Buffet,motorcycle,1.0,No,Urban,29,HYD,South India,9
0x9440,HYDRES16DEL01,29.0,4.8,17.440827,78.393391,17.450827,78.403391,30-03-2022,09:30,09:35,Sunny,Low,1,Meal,motorcycle,0.0,No,Urban,24,HYD,South India,9
0xdf8,HYDRES02DEL03,32.0,4.7,17.41233,78.449654,17.50233,78.539654,02-03-2022,18:50,18:55,Sandstorms,Medium,0,Buffet,motorcycle,1.0,No,Urban,41,HYD,South India,18
0x1c62,COIMBRES05DEL01,35.0,4.2,11.022169,76.999594,11.132169,77.109594,20-03-2022,19:55,20:05,Sunny,Jam,2,Buffet,motorcycle,1.0,No,Urban,31,COI,South India,19
0x4048,HYDRES02DEL01,31.0,4.9,17.41233,78.449654,17.42233,78.459654,17-03-2022,09:40,09:55,Stormy,Low,2,Meal,motorcycle,1.0,No,Urban,24,HYD,South India,9
0x8ea6,HYDRES010DEL03,30.0,4.6,17.428294,78.404423,17.488294,78.464423,17-03-2022,19:40,19:50,Sunny,Jam,1,Buffet,motorcycle,0.0,No,Urban,21,HYD,South India,19
0x7a2c,COIMBRES07DEL03,24.0,4.8,10.96185,76.971082,11.02185,77.031082,01-04-2022,18:30,18:40,Windy,Medium,0,Drinks,motorcycle,0.0,No,Urban,18,COI,South India,18
0x4057,MYSRES06DEL03,33.0,4.8,12.323994,76.626167,12.353994,76.656167,26-03-2022,23:10,23:20,Fog,Low,1,Snack,motorcycle,1.0,No,Urban,16,MYS,South India,23
0xb5be,MYSRES010DEL03,32.0,4.8,12.321214,76.621094,12.351214,76.651094,19-03-2022,17:25,17:30,Stormy,Medium,0,Buffet,motorcycle,1.0,No,Urban,26,MYS,South India,17
0x5b23,HYDRES20DEL01,35.0,4.2,17.483216,78.552111,17.593216,78.662111,20-03-2022,17:35,17:45,Fog,Medium,1,Meal,motorcycle,1.0,No,Urban,33,HYD,South India,17
0x2092,HYDRES010DEL01,34.0,4.7,17.428294,78.404423,17.538294,78.514423,04-04-2022,20:30,20:40,Sunny,Jam,2,Meal,scooter,0.0,No,Urban,17,HYD,South India,20
0x20cc,BANGRES18DEL01,21.0,4.9,12.913041,77.683237,13.023041,77.793237,16-03-2022,21:50,21:55,Sandstorms,Jam,0,Meal,motorcycle,1.0,No,Urban,27,BAN,South India,21
0x156a,COIMBRES18DEL02,31.0,4.7,11.02091,76.940432,11.15091,77.070432,14-03-2022,20:35,20:50,Stormy,Jam,2,Buffet,motorcycle,0.0,No,Urban,30,COI,South India,20
0x956b,BANGRES05DEL03,24.0,4.6,12.970324,77.645748,13.000324,77.675748,26-03-2022,20:50,21:05,Sandstorms,Jam,2,Snack,scooter,1.0,No,Urban,23,BAN,South India,20
0x3b9c,CHENRES20DEL02,27.0,4.9,12.975996,80.221898,13.055996,80.301898,18-03-2022,17:45,17:55,Sunny,Medium,1,Buffet,motorcycle,0.0,No,Urban,10,CHE,South India,17
0xa678,HYDRES09DEL01,32.0,4.2,17.431668,78.408321,17.541668,78.518321,29-03-2022,19:35,19:40,Sandstorms,Jam,0,Buffet,motorcycle,1.0,No,Urban,41,HYD,South India,19
0x6b9c,CHENRES11DEL02,21.0,4.9,13.064181,80.236442,13.144181,80.316442,02-04-2022,18:45,0.791666667,Sandstorms,Medium,0,Snack,motorcycle,1.0,No,Urban,27,CHE,South India,18
0x2681,COIMBRES04DEL02,23.0,4.6,11.024839,77.007003,11.104839,77.087003,06-03-2022,20:45,20:50,Windy,Jam,1,Drinks,motorcycle,1.0,No,Urban,23,COI,South India,20
0x3a3c,CHENRES07DEL03,36.0,4.8,13.081878,80.248519,13.141878,80.308519,24-03-2022,22:45,22:50,Sunny,Low,2,Buffet,scooter,0.0,No,Urban,15,CHE,South India,22
0x1193,MYSRES04DEL02,38.0,4.7,12.3085,76.665808,12.3285,76.685808,17-03-2022,09:45,09:55,Fog,Low,1,Buffet,motorcycle,1.0,No,Urban,18,MYS,South India,9
0x788c,CHENRES02DEL03,23.0,4.8,13.086438,80.220672,13.116438,80.250672,28-03-2022,17:20,17:35,Stormy,Medium,2,Snack,motorcycle,0.0,No,Urban,27,CHE,South India,17
0x1f1b,MYSRES19DEL02,37.0,4.7,12.334022,76.618203,12.414022,76.698203,20-03-2022,18:25,18:30,Stormy,Medium,0,Drinks,motorcycle,1.0,No,Urban,40,MYS,South India,18
0x76a1,MYSRES03DEL03,27.0,4.9,12.299524,76.64262,12.359524,76.70262,13-03-2022,19:15,19:20,Sandstorms,Jam,2,Buffet,motorcycle,0.0,No,Urban,26,MYS,South India,19
0x8415,HYDRES09DEL03,23.0,3.3,17.431668,78.408321,17.521668,78.498321,02-04-2022,22:50,23:05,Sunny,Low,1,Buffet,scooter,0.0,No,Urban,36,HYD,South India,22
0x158b,HYDRES01DEL03,31.0,5.0,17.410371,78.437225,17.470371,78.497225,24-03-2022,21:35,21:50,Cloudy,Jam,1,Drinks,scooter,1.0,No,Urban,25,HYD,South India,21
0x83d2,MYSRES19DEL03,24.0,4.5,12.334022,76.618203,12.364022,76.648203,30-03-2022,23:40,23:50,Sandstorms,Low,2,Buffet,scooter,1.0,No,Urban,11,MYS,South India,23
0xb26a,MYSRES12DEL02,35.0,4.0,12.284747,76.625861,12.414747,76.755861,04-03-2022,21:30,21:45,Stormy,Jam,0,Meal,motorcycle,1.0,No,Urban,42,MYS,South India,21
0xe1e9,KOCRES11DEL02,27.0,4.9,10.006881,76.345397,10.026881,76.365397,13-02-2022,09:40,09:55,Stormy,Low,1,Buffet,motorcycle,0.0,No,Urban,12,KOC,South India,9
0x94c9,MYSRES05DEL01,33.0,4.6,12.323978,76.627961,12.333978,76.637961,26-03-2022,09:20,09:25,Cloudy,Low,1,Drinks,scooter,0.0,No,Urban,15,MYS,South India,9
0x9f42,BANGRES07DEL02,26.0,4.7,12.978453,77.643685,13.108453,77.773685,18-03-2022,20:30,20:45,Stormy,Jam,1,Buffet,scooter,1.0,No,Urban,20,BAN,South India,20
0x6472,BANGRES06DEL01,34.0,4.3,12.979096,77.640625,12.989096,77.650625,05-04-2022,08:25,08:30,Windy,Low,0,Snack,motorcycle,0.0,No,Urban,33,BAN,South India,8
0x36c1,HYDRES15DEL01,24.0,4.7,17.45971,78.368855,17.56971,78.478855,06-03-2022,23:10,23:15,Cloudy,Low,1,Buffet,scooter,1.0,No,Urban,26,HYD,South India,23
0x7bbd,MYSRES19DEL03,28.0,4.6,12.334022,76.618203,12.394022,76.678203,01-04-2022,22:25,22:35,Cloudy,Low,2,Meal,electric_scooter,1.0,No,Urban,12,MYS,South India,22
0x7119,CHENRES04DEL02,33.0,4.6,13.02978,80.208812,13.04978,80.228812,30-03-2022,08:35,08:45,Cloudy,Low,2,Drinks,electric_scooter,1.0,No,Urban,19,CHE,South India,8
0x4f5d,COIMBRES03DEL01,37.0,4.9,11.025083,77.015393,11.095083,77.085393,29-03-2022,19:30,19:40,Sunny,Jam,1,Buffet,motorcycle,1.0,No,Urban,22,COI,South India,19
0x7a83,CHENRES05DEL02,22.0,4.9,13.058616,80.264151,13.188616,80.394151,06-03-2022,19:30,19:40,Sandstorms,Jam,1,Drinks,motorcycle,0.0,No,Urban,19,CHE,South India,19
0x72e8,MYSRES03DEL02,27.0,4.6,12.299524,76.64262,12.429524,76.77262,04-03-2022,23:20,23:30,Fog,Low,2,Meal,electric_scooter,1.0,No,Urban,21,MYS,South India,23
0x513d,MYSRES010DEL01,39.0,4.2,12.321214,76.621094,12.431214,76.731094,06-03-2022,17:35,17:40,Windy,Medium,0,Drinks,motorcycle,1.0,No,Urban,31,MYS,South India,17
0x7bd1,CHENRES13DEL01,37.0,4.7,13.027018,80.254791,13.137018,80.364791,27-03-2022,21:10,21:15,Sunny,Jam,0,Meal,motorcycle,1.0,No,Urban,35,CHE,South India,21
0x2883,CHENRES17DEL03,21.0,4.9,13.045479,80.23311,13.135479,80.32311,12-03-2022,22:55,0.958333333,Cloudy,Low,2,Buffet,motorcycle,0.0,No,Urban,22,CHE,South India,22
0xaa62,BANGRES13DEL02,29.0,5.0,12.935662,77.61413,13.015662,77.69413,31-03-2022,20:30,20:45,Windy,Jam,1,Meal,motorcycle,0.0,No,Urban,27,BAN,South India,20
0x8643,BANGRES13DEL01,30.0,4.6,12.935662,77.61413,13.045662,77.72413,04-04-2022,17:15,17:25,Sandstorms,Medium,2,Snack,electric_scooter,0.0,No,Urban,29,BAN,South India,17
0xafbc,BANGRES16DEL01,22.0,4.6,13.029198,77.570997,13.039198,77.580997,19-03-2022,08:20,08:30,Cloudy,Low,0,Snack,motorcycle,0.0,No,Urban,17,BAN,South India,8
0x8af0,MYSRES14DEL02,39.0,4.2,0.0,0.0,0.05,0.05,21-03-2022,23:20,23:30,Sandstorms,Low,0,Snack,motorcycle,1.0,No,Urban,20,MYS,South India,23
0x2405,HYDRES20DEL02,27.0,4.9,17.483216,78.552111,17.503216,78.572111,05-04-2022,09:10,09:20,Stormy,Low,1,Buffet,motorcycle,1.0,No,Urban,16,HYD,South India,9
0xed9,BANGRES12DEL01,25.0,4.9,12.939496,77.625999,13.049496,77.735999,20-03-2022,20:15,20:25,Sandstorms,Jam,2,Meal,scooter,1.0,No,Urban,19,BAN,South India,20
0xcfce,KOCRES16DEL02,36.0,4.7,10.003064,76.307589,10.053064,76.357589,15-02-2022,22:55,23:10,Fog,Low,0,Buffet,motorcycle,1.0,No,Urban,27,KOC,South India,22
0xb815,COIMBRES14DEL01,21.0,4.9,11.003681,76.975525,11.113681,77.085525,16-03-2022,22:50,23:05,Fog,Low,1,Snack,scooter,1.0,No,Urban,27,COI,South India,22
0x9ad8,BANGRES08DEL03,39.0,4.8,12.906229,77.596791,12.936229,77.626791,19-03-2022,18:10,18:15,Sandstorms,Medium,2,Buffet,scooter,1.0,No,Urban,30,BAN,South India,18
0x96ce,CHENRES05DEL03,23.0,4.9,13.058616,80.264151,13.148616,80.354151,23-03-2022,18:30,18:40,Stormy,Medium,2,Snack,scooter,0.0,No,Urban,20,CHE,South India,18
0xa003,MYSRES04DEL01,31.0,4.6,12.3085,76.665808,12.3785,76.735808,31-03-2022,23:55,24:10:00,Sunny,Low,2,Snack,scooter,0.0,No,Urban,26,MYS,South India,23
0xcb58,KOCRES08DEL01,34.0,4.6,9.985497,76.276999,9.995497,76.286999,17-02-2022,09:40,09:45,Sunny,Low,0,Drinks,motorcycle,1.0,No,Urban,20,KOC,South India,9
0x775,HYDRES07DEL01,37.0,4.7,17.424114,78.347554,17.434114,78.357554,24-03-2022,09:25,09:30,Stormy,Low,1,Drinks,scooter,1.0,No,Urban,26,HYD,South India,9
0x88c4,COIMBRES04DEL03,30.0,4.8,11.024839,77.007003,11.084839,77.067003,24-03-2022,21:50,22:05,Windy,Jam,1,Drinks,motorcycle,1.0,No,Urban,28,COI,South India,21
0xc303,KOCRES15DEL01,22.0,4.7,10.027364,76.308258,10.097364,76.378258,18-02-2022,18:20,18:35,Sunny,Medium,2,Snack,motorcycle,0.0,No,Urban,12,KOC,South India,18
0x431e,MYSRES14DEL02,33.0,4.9,0.0,0.0,0.02,0.02,30-03-2022,10:15,10:20,Fog,Low,1,Drinks,scooter,,No,Urban,16,MYS,South India,10
0x89ef,HYDRES19DEL02,24.0,4.9,17.458998,78.500366,17.588998,78.630366,04-04-2022,22:40,22:45,Sunny,Low,1,Snack,scooter,1.0,No,Urban,29,HYD,South India,22
0x2f57,MYSRES09DEL01,28.0,4.6,12.323194,76.630583,12.393194,76.700583,02-04-2022,17:55,18:05,Stormy,Medium,2,Snack,scooter,1.0,No,Urban,18,MYS,South India,17
0x224a,MYSRES05DEL02,25.0,4.6,12.323978,76.627961,12.453978,76.757961,02-03-2022,22:50,0.958333333,Stormy,Low,1,Meal,scooter,,No,Urban,16,MYS,South India,22
0x58f6,MYSRES14DEL02,22.0,4.7,0.0,0.0,0.13,0.13,31-03-2022,17:30,17:40,Sunny,Medium,2,Drinks,scooter,1.0,No,Urban,19,MYS,South India,17
0xaab5,HYDRES12DEL02,29.0,4.7,17.429585,78.392621,17.479585,78.442621,26-03-2022,23:30,23:40,Cloudy,Low,1,Snack,scooter,1.0,No,Urban,14,HYD,South India,23
0xe43,MYSRES15DEL01,29.0,4.5,12.352058,76.60665,12.422058,76.67665,18-03-2022,19:40,19:50,Sunny,Jam,2,Buffet,electric_scooter,0.0,No,Urban,13,MYS,South India,19
0xacef,BANGRES07DEL02,32.0,4.4,12.978453,77.643685,13.058453,77.723685,18-03-2022,21:10,21:25,Windy,Jam,1,Drinks,scooter,1.0,No,Urban,31,BAN,South India,21
0x9f11,CHENRES20DEL03,27.0,5.0,12.975996,80.221898,13.035996,80.281898,07-03-2022,22:20,22:30,Stormy,Low,2,Drinks,scooter,0.0,No,Urban,13,CHE,South India,22
0x2eee,COIMBRES02DEL02,26.0,4.8,11.022477,76.995667,11.042477,77.015667,30-03-2022,11:40,11:50,Fog,High,0,Meal,motorcycle,0.0,No,Urban,25,COI,South India,11
0x41c3,HYDRES11DEL03,39.0,4.7,17.430448,78.418213,17.490448,78.478213,07-03-2022,23:15,23:30,Fog,Low,1,Drinks,scooter,0.0,No,Urban,18,HYD,South India,23
0xb496,BANGRES05DEL03,27.0,4.6,12.970324,77.645748,13.000324,77.675748,21-03-2022,20:35,20:50,Sandstorms,Jam,1,Drinks,motorcycle,0.0,No,Urban,20,BAN,South India,20
0x173b,HYDRES08DEL03,29.0,4.0,17.438263,78.397865,17.528263,78.487865,31-03-2022,21:35,21:45,Stormy,Jam,0,Meal,motorcycle,1.0,No,Urban,39,HYD,South India,21
0xacbc,MYSRES08DEL02,20.0,4.7,12.297954,76.665169,12.427954,76.795169,27-03-2022,19:55,20:10,Sunny,Jam,0,Drinks,motorcycle,1.0,No,Urban,30,MYS,South India,19
0xbb2d,MYSRES12DEL01,30.0,4.8,12.284747,76.625861,12.394747,76.735861,23-03-2022,23:25,23:35,Windy,Low,0,Drinks,motorcycle,1.0,No,Urban,23,MYS,South India,23
0xa3e6,COIMBRES07DEL01,31.0,4.9,10.96185,76.971082,10.97185,76.981082,26-03-2022,10:25,10:30,Sunny,Low,2,Snack,scooter,1.0,No,Urban,17,COI,South India,10
0x3f78,HYDRES01DEL03,27.0,4.6,17.410371,78.437225,17.440371,78.467225,24-03-2022,18:10,18:20,Sunny,Medium,2,Snack,electric_scooter,1.0,No,Urban,13,HYD,South India,18
0x38cd,MYSRES11DEL02,35.0,4.4,12.323225,76.630028,12.453225,76.760028,31-03-2022,23:50,24:05:00,Fog,Low,2,Meal,scooter,0.0,No,Urban,38,MYS,South India,23
0xcf97,KOCRES06DEL02,23.0,4.6,9.982834,76.283268,10.062834,76.363268,16-02-2022,19:45,19:50,Windy,Jam,0,Buffet,motorcycle,1.0,No,Urban,30,KOC,South India,19
0x4545,CHENRES19DEL03,38.0,5.0,12.986047,80.218114,13.046047,80.278114,01-03-2022,17:30,17:35,Fog,Medium,2,Snack,motorcycle,0.0,No,Urban,15,CHE,South India,17
0xb8fc,BANGRES17DEL02,25.0,4.8,12.972532,77.608179,13.102532,77.738179,04-04-2022,22:45,22:55,Sunny,Low,1,Snack,motorcycle,1.0,No,Urban,30,BAN,South India,22
0xa412,COIMBRES15DEL03,20.0,4.8,11.006686,76.951736,11.036686,76.981736,03-03-2022,23:20,23:35,Stormy,Low,2,Snack,motorcycle,0.0,No,Urban,15,COI,South India,23
0x710c,MYSRES18DEL02,22.0,4.8,12.337928,76.617889,12.357928,76.637889,13-03-2022,11:30,11:40,Sunny,High,2,Snack,electric_scooter,1.0,No,Urban,12,MYS,South India,11
0x73b2,MYSRES18DEL01,26.0,4.8,12.337928,76.617889,12.347928,76.627889,19-03-2022,08:10,08:15,Fog,Low,2,Meal,scooter,1.0,No,Urban,13,MYS,South India,8
0x4a38,COIMBRES08DEL03,39.0,4.7,11.001852,76.976268,11.031852,77.006268,03-03-2022,21:35,21:50,Sandstorms,Jam,1,Buffet,motorcycle,1.0,No,Urban,29,COI,South India,21
0x42f6,HYDRES17DEL01,35.0,4.9,17.451976,78.385883,17.491976,78.425883,30-03-2022,13:15,13:30,Stormy,High,1,Meal,motorcycle,1.0,No,Urban,31,HYD,South India,13
0x7d71,COIMBRES010DEL02,25.0,4.6,11.003008,76.97544,11.023008,76.99544,05-04-2022,09:55,10:10,Fog,Low,1,Meal,motorcycle,1.0,No,Urban,10,COI,South India,9
0x4e08,CHENRES11DEL02,26.0,4.7,13.064181,80.236442,13.084181,80.256442,05-04-2022,11:25,11:40,Sandstorms,High,0,Snack,motorcycle,1.0,No,Urban,28,CHE,South India,11
0x237f,COIMBRES09DEL02,28.0,4.9,11.008638,76.984311,11.088638,77.064311,06-04-2022,22:20,22:35,Sandstorms,Low,1,Drinks,scooter,1.0,No,Urban,15,COI,South India,22
0x8bb4,CHENRES20DEL03,31.0,4.9,12.975996,80.221898,13.065996,80.311898,18-03-2022,23:20,23:25,Sunny,Low,1,Drinks,scooter,1.0,No,Urban,18,CHE,South India,23
0x6fee,MYSRES17DEL01,31.0,4.7,12.326356,76.619103,12.436356,76.729103,02-03-2022,22:45,22:50,Sunny,Low,1,Drinks,motorcycle,1.0,No,Urban,19,MYS,South India,22
0x1cd6,MYSRES11DEL03,25.0,4.9,12.323225,76.630028,12.353225,76.660028,11-03-2022,23:35,23:45,Fog,Low,0,Drinks,motorcycle,1.0,No,Urban,16,MYS,South India,23
0x4512,COIMBRES12DEL01,35.0,4.6,11.000762,76.981876,11.070762,77.051876,12-03-2022,23:30,23:40,Stormy,Low,0,Meal,motorcycle,0.0,No,Urban,21,COI,South India,23
0x8be7,HYDRES010DEL03,27.0,4.6,17.428294,78.404423,17.458294,78.434423,17-03-2022,18:25,18:30,Cloudy,Medium,2,Buffet,scooter,0.0,No,Urban,12,HYD,South India,18
0x3170,HYDRES17DEL02,25.0,4.7,17.451976,78.385883,17.471976,78.405883,28-03-2022,11:40,11:50,Windy,High,2,Drinks,scooter,,No,Urban,11,HYD,South India,11
0xba6a,CHENRES20DEL02,29.0,4.5,12.975996,80.221898,13.025996,80.271898,21-03-2022,21:15,21:20,Sunny,Jam,0,Buffet,motorcycle,0.0,Yes,Urban,53,CHE,South India,21
0xb15a,CHENRES18DEL03,36.0,4.6,12.981615,80.231598,13.071615,80.321598,25-03-2022,23:40,23:45,Sunny,Low,0,Buffet,motorcycle,1.0,No,Urban,27,CHE,South India,23
0x8987,COIMBRES17DEL01,24.0,4.7,11.026117,76.944652,11.036117,76.954652,26-03-2022,11:45,0.5,Stormy,High,2,Drinks,scooter,1.0,No,Urban,10,COI,South India,11
0x4187,MYSRES05DEL02,33.0,4.6,12.323978,76.627961,12.373978,76.677961,01-03-2022,20:20,20:25,Windy,Jam,2,Meal,electric_scooter,0.0,No,Urban,25,MYS,South India,20
0x790e,BANGRES08DEL02,26.0,4.8,12.906229,77.596791,13.036229,77.726791,16-03-2022,17:55,0.75,Windy,Medium,1,Meal,scooter,1.0,No,Urban,20,BAN,South India,17
0x9d9d,CHENRES09DEL02,33.0,4.8,13.044694,80.26147,13.124694,80.34147,14-03-2022,23:55,1,Stormy,Low,0,Snack,motorcycle,0.0,No,Urban,28,CHE,South India,23
0x7ebf,COIMBRES17DEL02,22.0,4.7,11.026117,76.944652,11.106117,77.024652,04-03-2022,19:40,19:50,Stormy,Jam,2,Snack,scooter,1.0,No,Urban,26,COI,South India,19
0x3713,COIMBRES010DEL01,36.0,4.6,11.003008,76.97544,11.073009,77.04544,23-03-2022,17:10,17:15,Windy,Medium,2,Drinks,motorcycle,,No,Urban,24,COI,South India,17
0xc7c,CHENRES010DEL02,36.0,4.9,13.066762,80.251865,13.196762,80.381865,20-03-2022,22:20,22:25,Cloudy,Low,0,Buffet,motorcycle,2.0,No,Urban,41,CHE,South India,22
0x56e8,COIMBRES16DEL01,22.0,5.0,11.010375,76.95295,11.080375,77.02295,29-03-2022,18:20,18:30,Sunny,Medium,1,Drinks,motorcycle,0.0,No,Urban,16,COI,South India,18
0x7712,MYSRES18DEL01,26.0,4.7,12.337928,76.617889,12.447928,76.727889,10-03-2022,17:50,18:05,Windy,Medium,0,Snack,motorcycle,1.0,No,Urban,20,MYS,South India,17
0x90cd,MYSRES04DEL02,32.0,4.7,12.3085,76.665808,12.3585,76.715808,05-04-2022,22:45,0.958333333,Sunny,Low,2,Meal,scooter,1.0,No,Urban,19,MYS,South India,22
0xa4e4,BANGRES04DEL01,37.0,4.7,12.98041,77.640489,13.05041,77.710489,10-03-2022,17:55,18:10,Sunny,Medium,1,Drinks,scooter,1.0,No,Urban,29,BAN,South India,17
0xdfce,KOCRES15DEL02,28.0,4.7,10.027364,76.308258,10.047364,76.328258,11-02-2022,11:50,12:05,Cloudy,High,2,Snack,scooter,1.0,No,Urban,20,KOC,South India,11
0x5763,COIMBRES01DEL01,20.0,4.8,11.016298,76.972076,11.056298,77.012076,17-03-2022,16:45,16:55,Cloudy,Medium,2,Meal,scooter,1.0,No,Urban,14,COI,South India,16
0xc413,KOCRES16DEL01,33.0,4.9,10.003064,76.307589,10.043064,76.347589,17-02-2022,16:20,16:35,Cloudy,Medium,2,Meal,scooter,0.0,No,Urban,15,KOC,South India,16
0xa634,BANGRES16DEL02,39.0,4.8,13.029198,77.570997,13.049198,77.590997,24-03-2022,11:40,11:55,Stormy,High,1,Snack,motorcycle,1.0,No,Urban,33,BAN,South India,11
0x4535,HYDRES09DEL02,21.0,5.0,17.431668,78.408321,17.511668,78.488321,18-03-2022,23:35,23:40,Fog,Low,2,Meal,scooter,1.0,No,Urban,24,HYD,South India,23
0x481f,COIMBRES13DEL01,27.0,4.7,11.003669,76.976494,11.013669,76.986494,05-04-2022,11:55,12:05,Fog,High,0,Buffet,motorcycle,1.0,No,Urban,28,COI,South India,11
0x628e,MYSRES17DEL03,36.0,5.0,12.326356,76.619103,12.356356,76.649103,28-03-2022,23:40,23:50,Stormy,Low,1,Meal,motorcycle,1.0,No,Urban,20,MYS,South India,23
0x9afa,HYDRES06DEL03,26.0,4.6,17.455894,78.375467,17.545894,78.465467,16-03-2022,23:45,23:50,Windy,Low,1,Snack,scooter,1.0,No,Urban,15,HYD,South India,23
0x7e42,HYDRES11DEL02,22.0,4.6,17.430448,78.418213,17.510448,78.498213,20-03-2022,21:25,21:30,Windy,Jam,1,Buffet,motorcycle,1.0,No,Urban,26,HYD,South India,21
0x864e,HYDRES18DEL02,36.0,5.0,17.450851,78.379347,17.500851,78.429347,26-03-2022,17:40,17:45,Fog,Medium,0,Buffet,motorcycle,1.0,No,Urban,30,HYD,South India,17
0x51e5,CHENRES010DEL03,21.0,4.8,13.066762,80.251865,13.126762,80.311865,07-03-2022,23:25,23:35,Fog,Low,0,Buffet,motorcycle,0.0,No,Urban,15,CHE,South India,23
0x555a,HYDRES17DEL02,22.0,4.8,17.451976,78.385883,17.471976,78.405883,26-03-2022,10:55,11:05,Windy,Low,1,Meal,scooter,0.0,No,Urban,15,HYD,South India,10
0x5a63,MYSRES01DEL03,35.0,5.0,12.311072,76.654878,12.341072,76.684878,03-04-2022,22:40,22:50,Fog,Low,1,Drinks,motorcycle,1.0,No,Urban,17,MYS,South India,22
0x5f0c,MYSRES03DEL02,34.0,4.9,12.299524,76.64262,12.319524,76.66262,26-03-2022,11:45,11:50,Sunny,High,2,Meal,scooter,1.0,No,Urban,18,MYS,South India,11
0xa98e,CHENRES16DEL03,35.0,4.8,13.049645,80.242268,13.139645,80.332268,29-03-2022,22:40,22:50,Fog,Low,2,Snack,scooter,1.0,No,Urban,29,CHE,South India,22
0x7c32,BANGRES14DEL01,29.0,4.7,12.949934,77.699386,13.059934,77.809386,04-04-2022,17:45,0.75,Fog,Medium,0,Drinks,motorcycle,1.0,No,Urban,32,BAN,South India,17
0xa148,BANGRES01DEL02,26.0,4.6,12.933284,77.615428,12.983284,77.665428,17-03-2022,21:15,21:30,Windy,Jam,1,Drinks,motorcycle,1.0,No,Urban,10,BAN,South India,21
0x3ff3,CHENRES18DEL02,36.0,4.6,12.981615,80.231598,13.061615,80.311598,12-03-2022,17:50,17:55,Sunny,Medium,0,Snack,motorcycle,1.0,No,Urban,30,CHE,South India,17
0x8e66,BANGRES08DEL03,28.0,4.6,12.906229,77.596791,12.996229,77.686791,18-03-2022,23:55,24:10:00,Stormy,Low,0,Drinks,motorcycle,0.0,No,Urban,24,BAN,South India,23
0x4f1e,HYDRES14DEL01,27.0,4.8,17.426228,78.407495,17.436228,78.417495,17-03-2022,08:35,08:45,Stormy,Low,1,Drinks,motorcycle,1.0,No,Urban,18,HYD,South India,8
0x772e,BANGRES03DEL03,28.0,5.0,12.979166,77.640709,13.039166,77.700709,01-04-2022,23:30,23:40,Windy,Low,2,Drinks,scooter,0.0,,Urban,10,BAN,South India,23
0xa9e7,CHENRES010DEL02,28.0,4.9,13.066762,80.251865,13.196762,80.381865,31-03-2022,18:40,18:55,Sunny,Medium,2,Buffet,scooter,0.0,No,Urban,13,CHE,South India,18
0xaafa,HYDRES010DEL02,22.0,4.9,17.428294,78.404423,17.478294,78.454423,11-03-2022,18:15,18:30,Windy,Medium,1,Drinks,motorcycle,,No,Urban,25,HYD,South India,18
0x4c98,COIMBRES20DEL03,36.0,4.1,10.994136,76.963303,11.054136,77.023303,24-03-2022,17:55,18:05,Cloudy,Medium,0,Drinks,motorcycle,1.0,No,Urban,32,COI,South India,17
0x1809,COIMBRES19DEL03,24.0,4.7,11.022298,76.998349,11.082298,77.058349,24-03-2022,21:15,21:25,Sandstorms,Jam,2,Meal,scooter,0.0,No,Urban,11,COI,South India,21
0x7765,HYDRES07DEL01,39.0,4.6,17.424114,78.347554,17.494114,78.417554,08-03-2022,23:20,23:30,Windy,Low,2,Buffet,motorcycle,1.0,No,Urban,22,HYD,South India,23
0xd62a,KOCRES02DEL02,28.0,5.0,10.028047,76.310019,10.158047,76.440019,14-02-2022,23:25,23:35,Fog,Low,0,Buffet,motorcycle,1.0,No,Urban,22,KOC,South India,23
0xb386,MYSRES19DEL03,37.0,4.5,12.334022,76.618203,12.424022,76.708203,31-03-2022,22:20,22:30,Stormy,Low,1,Drinks,motorcycle,1.0,No,Urban,17,MYS,South India,22
0x1650,HYDRES13DEL03,30.0,4.1,17.431477,78.40035,17.461477,78.43035,01-03-2022,18:45,0.791666667,Windy,Medium,0,Meal,motorcycle,1.0,No,Urban,36,HYD,South India,18
0x41d3,HYDRES17DEL02,38.0,4.6,17.451976,78.385883,17.501976,78.435883,13-03-2022,21:45,21:55,Sunny,Jam,0,Meal,motorcycle,0.0,No,Urban,24,HYD,South India,21
0x1c74,COIMBRES20DEL02,22.0,4.7,10.994136,76.963303,11.044136,77.013303,05-03-2022,23:45,1,Cloudy,Low,1,Snack,scooter,,No,Urban,12,COI,South India,23
0xd736,KOCRES01DEL02,27.0,4.9,9.979363,76.285001,10.109363,76.415001,18-02-2022,17:10,17:20,Sandstorms,Medium,1,Snack,motorcycle,0.0,No,Urban,25,KOC,South India,17
0x3426,CHENRES09DEL02,22.0,4.6,13.044694,80.26147,13.094694,80.31147,28-03-2022,19:50,19:55,Cloudy,Jam,0,Snack,motorcycle,1.0,No,Urban,23,CHE,South India,19
0x7e67,MYSRES02DEL02,33.0,4.9,12.304569,76.643622,12.384569,76.723622,06-04-2022,22:30,22:40,Sandstorms,Low,2,Drinks,electric_scooter,1.0,No,Urban,25,MYS,South India,22
0x1986,BANGRES18DEL03,20.0,4.9,12.913041,77.683237,12.943041,77.713237,07-03-2022,22:50,23:05,Fog,Low,2,Buffet,motorcycle,1.0,No,Urban,13,BAN,South India,22
0x920e,HYDRES04DEL03,39.0,5.0,17.411028,78.329645,17.501028,78.419645,27-03-2022,21:55,22:10,Cloudy,Jam,1,Meal,scooter,2.0,No,Urban,39,HYD,South India,21
0x148b,COIMBRES04DEL02,26.0,4.5,11.024839,77.007003,11.154839,77.137003,04-04-2022,18:30,18:35,Sunny,Medium,0,Snack,motorcycle,0.0,No,Urban,15,COI,South India,18
0x7db7,BANGRES01DEL01,21.0,4.7,12.933284,77.615428,12.973284,77.655428,01-04-2022,16:50,16:55,Stormy,Medium,2,Buffet,electric_scooter,0.0,No,Urban,26,BAN,South India,16
0x545a,HYDRES18DEL03,35.0,4.6,17.450851,78.379347,17.480851,78.409347,21-03-2022,18:15,18:25,Sunny,Medium,1,Meal,scooter,1.0,No,Urban,19,HYD,South India,18
0x2ef1,HYDRES05DEL02,23.0,4.6,17.433809,78.386744,17.453809,78.406744,13-03-2022,10:40,10:50,Cloudy,Low,2,Drinks,motorcycle,0.0,No,Urban,15,HYD,South India,10
0x2ec4,CHENRES03DEL03,33.0,5.0,13.091809,80.219104,13.121809,80.249104,11-03-2022,19:55,0.833333333,Cloudy,Jam,0,Meal,motorcycle,1.0,No,Urban,34,CHE,South India,19
0x4b66,BANGRES18DEL02,30.0,4.8,12.913041,77.683237,12.963041,77.733237,28-03-2022,17:15,17:30,Sunny,Medium,0,Meal,motorcycle,1.0,No,Urban,24,BAN,South India,17
0x212a,HYDRES13DEL01,35.0,4.7,17.431477,78.40035,17.501477,78.47035,20-03-2022,18:55,0.791666667,Sunny,Medium,2,Snack,scooter,1.0,No,Urban,17,HYD,South India,18
0x9d5f,COIMBRES16DEL03,34.0,5.0,11.010375,76.95295,11.070375,77.01295,13-03-2022,17:30,17:40,Sandstorms,Medium,0,Snack,motorcycle,1.0,No,Urban,28,COI,South India,17
0x2f65,MYSRES04DEL01,20.0,4.6,12.3085,76.665808,12.3185,76.675808,28-03-2022,09:50,0.416666667,Sandstorms,Low,2,Snack,electric_scooter,0.0,No,Urban,10,MYS,South India,9
0x12ed,HYDRES07DEL02,22.0,4.9,17.424114,78.347554,17.474114,78.397554,17-03-2022,19:45,19:55,Fog,Jam,2,Meal,scooter,0.0,No,Urban,20,HYD,South India,19
0x6ef0,BANGRES05DEL03,23.0,4.9,12.970324,77.645748,13.000324,77.675748,11-03-2022,18:10,18:25,Sunny,Medium,2,Buffet,motorcycle,1.0,No,Urban,18,BAN,South India,18
0x5831,HYDRES14DEL02,29.0,4.8,17.426228,78.407495,17.446228,78.427495,21-03-2022,10:50,0.458333333,Cloudy,Low,1,Drinks,motorcycle,0.0,No,Urban,19,HYD,South India,10
0x2909,HYDRES010DEL01,27.0,4.5,17.428294,78.404423,17.468294,78.444423,05-04-2022,12:20,12:30,Fog,High,0,Meal,motorcycle,0.0,No,Urban,29,HYD,South India,12
0x19d1,CHENRES20DEL02,28.0,4.6,12.975996,80.221898,13.025996,80.271898,28-03-2022,19:30,19:45,Stormy,Jam,1,Drinks,scooter,1.0,No,Urban,27,CHE,South India,19
0x76c9,COIMBRES05DEL01,27.0,4.7,11.022169,76.999594,11.032169,77.009594,19-03-2022,08:35,08:45,Windy,Low,2,Snack,scooter,0.0,No,Urban,19,COI,South India,8
0x9d1c,HYDRES11DEL01,32.0,4.8,17.430448,78.418213,17.500448,78.488213,06-03-2022,17:15,17:25,Sunny,Medium,0,Drinks,motorcycle,1.0,No,Urban,28,HYD,South India,17
0xb68a,CHENRES04DEL03,21.0,4.7,13.02978,80.208812,13.05978,80.238812,26-03-2022,18:55,19:10,Fog,Medium,2,Buffet,motorcycle,1.0,No,Urban,14,CHE,South India,18
0xafcf,MYSRES02DEL02,33.0,4.9,12.304569,76.643622,12.324569,76.663622,15-03-2022,10:40,10:45,Sunny,Low,1,Meal,motorcycle,0.0,No,Urban,14,MYS,South India,10
0x5733,BANGRES14DEL03,24.0,4.7,12.949934,77.699386,13.039934,77.789386,18-03-2022,18:45,0.791666667,Sunny,Medium,2,Snack,scooter,0.0,No,Urban,10,BAN,South India,18
0x27b6,BANGRES03DEL03,34.0,5.0,12.979166,77.640709,13.009166,77.670709,01-03-2022,22:20,22:25,Windy,Low,1,Buffet,scooter,1.0,No,Urban,29,BAN,South India,22
0x909,MYSRES19DEL02,35.0,4.9,12.334022,76.618203,12.384022,76.668203,01-03-2022,18:15,18:25,Fog,Medium,2,Buffet,scooter,0.0,No,Urban,18,MYS,South India,18
0x4cc5,MYSRES15DEL03,32.0,4.7,12.352058,76.60665,12.382058,76.63665,03-04-2022,17:35,17:50,Sandstorms,Medium,1,Buffet,scooter,1.0,No,Urban,34,MYS,South India,17
0xbc69,HYDRES16DEL01,33.0,4.7,17.440827,78.393391,17.480827,78.433391,28-03-2022,13:45,13:50,Sunny,High,0,Buffet,motorcycle,0.0,No,Urban,22,HYD,South India,13
0xa046,MYSRES05DEL01,32.0,4.9,12.323978,76.627961,12.433978,76.737961,18-03-2022,23:40,23:55,Cloudy,Low,1,Buffet,scooter,1.0,No,Urban,27,MYS,South India,23
0x55e7,CHENRES18DEL03,23.0,4.7,12.981615,80.231598,13.011615,80.261598,17-03-2022,19:40,19:45,Cloudy,Jam,1,Buffet,motorcycle,1.0,No,Urban,28,CHE,South India,19
0x767c,COIMBRES13DEL02,32.0,4.7,11.003669,76.976494,11.083669,77.056494,20-03-2022,17:55,0.75,Cloudy,Medium,1,Meal,scooter,1.0,No,Urban,38,COI,South India,17
0x2770,CHENRES20DEL01,22.0,4.8,12.975996,80.221898,13.045996,80.291898,14-03-2022,19:30,19:40,Sandstorms,Jam,2,Buffet,scooter,1.0,No,Urban,20,CHE,South India,19
0x9069,MYSRES18DEL03,24.0,4.8,12.337928,76.617889,12.397928,76.677889,15-03-2022,19:20,19:30,Sandstorms,Jam,0,Meal,motorcycle,1.0,No,Urban,24,MYS,South India,19
0x434f,HYDRES12DEL02,26.0,4.7,17.429585,78.392621,17.559585,78.522621,27-03-2022,22:40,22:45,Sandstorms,Low,0,Snack,motorcycle,1.0,No,Urban,15,HYD,South India,22
0x16e8,COIMBRES14DEL03,33.0,4.0,11.003681,76.975525,11.063681,77.035525,17-03-2022,19:10,19:15,Fog,Jam,2,Buffet,scooter,0.0,No,Urban,37,COI,South India,19
0xb7e1,HYDRES09DEL02,20.0,4.7,17.431668,78.408321,17.451668,78.428321,07-03-2022,11:35,11:45,Cloudy,High,0,Meal,motorcycle,1.0,No,Urban,29,HYD,South India,11
0x65a4,MYSRES18DEL01,29.0,4.9,12.337928,76.617889,12.447928,76.727889,20-03-2022,23:55,1,Cloudy,Low,1,Meal,scooter,0.0,No,Urban,20,MYS,South India,23
0x1b3c,CHENRES11DEL01,28.0,4.9,13.064181,80.236442,13.074181,80.246442,07-03-2022,08:15,08:20,Cloudy,Low,1,Meal,motorcycle,0.0,No,Urban,10,CHE,South India,8
0x22ce,CHENRES15DEL02,25.0,4.7,13.026286,80.275235,13.076286,80.325235,24-03-2022,22:15,22:30,Sandstorms,Low,1,Snack,motorcycle,,,Urban,10,CHE,South India,22
0x3da5,BANGRES19DEL01,32.0,4.8,12.914264,77.6784,12.954264,77.7184,09-03-2022,13:50,14:05,Cloudy,High,2,Buffet,scooter,1.0,No,Urban,28,BAN,South India,13
0x6fd2,MYSRES13DEL02,21.0,5.0,12.310972,76.659264,12.390972,76.739264,29-03-2022,20:50,20:55,Sunny,Jam,2,Meal,motorcycle,0.0,No,Urban,13,MYS,South India,20
0x7836,CHENRES11DEL02,34.0,5.0,13.064181,80.236442,13.114181,80.286442,05-03-2022,21:25,21:40,Fog,Jam,0,Meal,motorcycle,0.0,No,Urban,26,CHE,South India,21
0x75eb,CHENRES06DEL02,28.0,4.9,13.054347,80.257221,13.104347,80.307221,07-03-2022,23:40,23:55,Cloudy,Low,2,Drinks,motorcycle,1.0,No,Urban,19,CHE,South India,23
0x60ff,HYDRES06DEL02,26.0,4.6,17.455894,78.375467,17.535894,78.455467,14-03-2022,18:10,18:15,Sunny,Medium,0,Meal,motorcycle,1.0,No,Urban,19,HYD,South India,18
0x73d8,BANGRES20DEL02,34.0,4.6,12.972161,77.596014,13.102161,77.726014,16-03-2022,22:50,23:05,Sandstorms,Low,1,Buffet,motorcycle,0.0,No,Urban,15,BAN,South India,22
0x5fc7,CHENRES03DEL03,39.0,4.7,13.091809,80.219104,13.121809,80.249104,05-03-2022,20:10,20:25,Sunny,Jam,2,Snack,scooter,1.0,No,Urban,21,CHE,South India,20
0xbce3,COIMBRES02DEL03,24.0,4.8,11.022477,76.995667,11.082477,77.055667,26-03-2022,19:50,0.833333333,Fog,Jam,1,Drinks,motorcycle,0.0,No,Urban,31,COI,South India,19
0x6bf,COIMBRES15DEL01,30.0,4.6337736972250205,11.006686,76.951736,11.076686,77.021736,14-03-2022,19:40,19:45,Stormy,Jam,2,Buffet,scooter,2.0,No,Urban,38,COI,South India,19
0xa795,HYDRES16DEL01,28.0,4.5,17.440827,78.393391,17.480827,78.433391,03-04-2022,15:45,15:50,Cloudy,Medium,2,Drinks,electric_scooter,1.0,No,Urban,15,HYD,South India,15
0xa8b4,COIMBRES010DEL02,36.0,4.9,11.003008,76.97544,11.023008,76.99544,15-03-2022,09:35,09:45,Sunny,Low,1,Snack,motorcycle,0.0,,Urban,13,COI,South India,9
0x2801,HYDRES15DEL03,31.0,4.6,17.45971,78.368855,17.54971,78.458855,20-03-2022,22:55,23:05,Sunny,Low,1,Meal,motorcycle,0.0,No,Urban,18,HYD,South India,22
0xaa60,BANGRES11DEL02,27.0,4.8,12.934365,77.616155,12.984365,77.666155,03-03-2022,21:55,22:05,Windy,Jam,0,Snack,motorcycle,0.0,No,Urban,16,BAN,South India,21
0xeca,MYSRES03DEL01,33.0,4.3,12.299524,76.64262,12.409524,76.75262,20-03-2022,17:55,0.75,Stormy,Medium,0,Meal,motorcycle,1.0,No,Urban,35,MYS,South India,17
0x7869,HYDRES04DEL01,29.0,4.7,17.411028,78.329645,17.521028,78.439645,10-03-2022,17:40,17:55,Cloudy,Medium,1,Meal,scooter,1.0,No,Urban,29,HYD,South India,17
0xb93e,HYDRES07DEL01,21.0,4.4,17.424114,78.347554,17.494114,78.417554,20-03-2022,19:35,19:40,Sandstorms,Jam,0,Snack,motorcycle,0.0,No,Urban,37,HYD,South India,19
0x9cc3,CHENRES15DEL02,31.0,4.5,13.026286,80.275235,13.156286,80.405235,20-03-2022,20:40,20:45,Cloudy,Jam,0,Buffet,motorcycle,1.0,No,Urban,50,CHE,South India,20
0x17a9,CHENRES05DEL02,24.0,4.7,13.058616,80.264151,13.108616,80.314151,09-03-2022,17:45,0.75,Sunny,Medium,1,Buffet,scooter,0.0,No,Urban,10,CHE,South India,17
0x3f00,BANGRES15DEL01,33.0,4.5,12.975377,77.696664,13.085377,77.806664,12-03-2022,22:45,22:55,Stormy,Low,1,Drinks,motorcycle,1.0,No,Urban,17,BAN,South India,22
0x541c,CHENRES04DEL02,29.0,4.9,13.02978,80.208812,13.04978,80.228812,15-03-2022,09:55,10:10,Sandstorms,Low,1,Meal,scooter,1.0,No,Urban,17,CHE,South India,9
0xae76,BANGRES17DEL01,32.0,5.0,12.972532,77.608179,12.982532,77.618179,05-03-2022,10:45,10:55,Stormy,Low,1,Buffet,scooter,1.0,No,Urban,26,BAN,South India,10
0x546c,HYDRES16DEL01,29.0,4.6,17.440827,78.393391,17.550827,78.503391,06-03-2022,23:50,24:05:00,Sunny,Low,0,Drinks,motorcycle,1.0,No,Urban,28,HYD,South India,23
0xd2a,COIMBRES07DEL01,30.0,4.9,10.96185,76.971082,11.07185,77.081082,29-03-2022,22:25,22:30,Stormy,Low,0,Snack,motorcycle,1.0,No,Urban,24,COI,South India,22
0x901b,BANGRES18DEL01,34.0,4.5,12.913041,77.683237,12.983041,77.753237,04-04-2022,19:10,19:20,Windy,Jam,2,Snack,scooter,1.0,No,Urban,44,BAN,South India,19
0xc3ac,KOCRES11DEL01,26.0,5.0,10.006881,76.345397,10.116881,76.455397,18-02-2022,22:35,22:45,Stormy,Low,1,Drinks,scooter,0.0,No,Urban,17,KOC,South India,22
0xa308,MYSRES010DEL02,30.0,4.9,12.321214,76.621094,12.341214,76.641094,03-03-2022,10:20,10:35,Windy,Low,2,Buffet,motorcycle,1.0,No,Urban,24,MYS,South India,10
0x45d2,CHENRES13DEL03,20.0,4.8,13.027018,80.254791,13.087018,80.314791,07-03-2022,23:50,24:05:00,Sunny,Low,0,Snack,motorcycle,0.0,No,Urban,18,CHE,South India,23
0x879b,HYDRES14DEL03,39.0,4.6,17.426228,78.407495,17.456228,78.437495,09-03-2022,23:30,23:40,Fog,Low,1,Meal,scooter,1.0,No,Urban,17,HYD,South India,23
0xa21e,HYDRES03DEL01,38.0,4.0,17.422819,78.449578,17.532819,78.559578,02-03-2022,19:15,19:25,Fog,Jam,2,Buffet,scooter,1.0,No,Urban,43,HYD,South India,19
0x8e8a,HYDRES01DEL02,34.0,4.7,17.410371,78.437225,17.540371,78.567225,29-03-2022,22:10,22:20,Sunny,Low,2,Drinks,scooter,1.0,No,Urban,28,HYD,South India,22
0xbce4,MYSRES15DEL02,21.0,4.5,12.352058,76.60665,12.402058,76.65665,07-03-2022,21:25,21:35,Fog,Jam,0,Meal,motorcycle,1.0,No,Urban,21,MYS,South India,21
0x8c59,HYDRES11DEL02,23.0,4.6,17.430448,78.418213,17.480448,78.468213,15-03-2022,17:35,17:45,Fog,Medium,0,Snack,motorcycle,0.0,No,Urban,27,HYD,South India,17
0x7713,CHENRES16DEL03,36.0,4.2,13.049645,80.242268,13.139645,80.332268,02-04-2022,17:55,18:05,Sandstorms,Medium,2,Buffet,scooter,2.0,No,Urban,38,CHE,South India,17
0xc658,KOCRES15DEL02,26.0,4.6,10.027364,76.308258,10.077364,76.358258,15-02-2022,22:20,22:35,Cloudy,Low,0,Buffet,motorcycle,1.0,No,Urban,18,KOC,South India,22
0x5270,COIMBRES06DEL03,38.0,4.5,11.021278,76.995017,11.081278,77.055017,19-03-2022,23:15,23:20,Windy,Low,0,Drinks,motorcycle,1.0,No,Urban,22,COI,South India,23
0x1031,HYDRES01DEL03,31.0,4.9,17.410371,78.437225,17.470371,78.497225,17-03-2022,19:10,19:25,Windy,Jam,1,Buffet,motorcycle,0.0,No,Urban,32,HYD,South India,19
0x46da,HYDRES11DEL02,38.0,4.5,17.430448,78.418213,17.450448,78.438213,05-04-2022,08:55,09:05,Fog,Low,0,Drinks,motorcycle,1.0,No,Urban,27,HYD,South India,8
0x7f75,HYDRES06DEL03,28.0,5.0,17.455894,78.375467,17.515894,78.435467,19-03-2022,23:45,23:55,Sunny,Low,1,Drinks,scooter,0.0,No,Urban,15,HYD,South India,23
0x9830,BANGRES16DEL01,24.0,4.9,13.029198,77.570997,13.099198,77.640997,29-03-2022,17:20,17:25,Sandstorms,Medium,1,Drinks,scooter,0.0,No,Urban,18,BAN,South India,17
0x6c2b,COIMBRES11DEL01,35.0,4.9,11.001753,76.986241,11.041753,77.026241,21-03-2022,13:15,13:20,Sunny,High,0,Drinks,motorcycle,1.0,No,Urban,25,COI,South India,13
0x52bf,HYDRES010DEL03,33.0,4.9,17.428294,78.404423,17.458294,78.434423,13-03-2022,19:50,0.833333333,Fog,Jam,2,Drinks,electric_scooter,1.0,No,Urban,25,HYD,South India,19
0xb21,HYDRES20DEL02,26.0,4.6,17.483216,78.552111,17.613216,78.682111,06-04-2022,18:40,18:55,Fog,Medium,0,Snack,motorcycle,2.0,No,Urban,39,HYD,South India,18
0x3201,COIMBRES20DEL02,25.0,4.7,10.994136,76.963303,11.074136,77.043303,06-04-2022,23:10,23:20,Windy,Low,2,Snack,scooter,1.0,,Urban,12,COI,South India,23
0x3f30,CHENRES20DEL01,21.0,4.9,12.975996,80.221898,13.085996,80.331898,02-04-2022,18:25,18:40,Sunny,Medium,2,Meal,motorcycle,1.0,No,Urban,11,CHE,South India,18
0x8bb8,MYSRES16DEL01,30.0,4.7,12.316967,76.603067,12.426967,76.713067,29-03-2022,23:35,23:40,Sunny,Low,2,Meal,scooter,1.0,No,Urban,17,MYS,South India,23
0x17bd,HYDRES03DEL01,38.0,3.7,17.422819,78.449578,17.532819,78.559578,27-03-2022,23:40,23:55,Fog,Low,2,Snack,motorcycle,0.0,No,Urban,34,HYD,South India,23
0x2932,HYDRES03DEL02,38.0,5.0,17.422819,78.449578,17.442819,78.469578,03-03-2022,11:15,11:20,Fog,High,1,Drinks,motorcycle,1.0,No,Urban,29,HYD,South India,11
0x9493,MYSRES14DEL01,32.0,4.5,0.0,0.0,0.01,0.01,03-03-2022,10:50,0.458333333,Fog,Low,1,Snack,motorcycle,1.0,No,Urban,16,MYS,South India,10
0xcc61,KOCRES010DEL02,34.0,4.6,10.035573,76.336958,10.085573,76.386958,13-02-2022,21:55,22:10,Stormy,Jam,1,Buffet,motorcycle,1.0,No,Urban,30,KOC,South India,21
0xe05e,KOCRES14DEL02,27.0,4.7,10.027014,76.308053,10.077014,76.358053,17-02-2022,17:45,0.75,Windy,Medium,0,Snack,motorcycle,0.0,No,Urban,23,KOC,South India,17
0x4a04,HYDRES11DEL01,35.0,4.0,17.430448,78.418213,17.540448,78.528213,16-03-2022,20:30,20:40,Sunny,Jam,0,Drinks,motorcycle,1.0,No,Urban,37,HYD,South India,20
0x38e0,BANGRES010DEL02,29.0,4.5,12.933298,77.614293,12.953298,77.634293,28-03-2022,10:40,10:55,Stormy,Low,0,Meal,motorcycle,0.0,No,Urban,15,BAN,South India,10
0x3d03,MYSRES11DEL01,37.0,4.7,12.323225,76.630028,12.363225,76.670028,05-04-2022,13:35,13:50,Stormy,High,1,Buffet,scooter,1.0,No,Urban,26,MYS,South India,13
0x355a,MYSRES02DEL02,28.0,4.6,12.304569,76.643622,12.324569,76.663622,07-03-2022,10:15,10:30,Stormy,Low,1,Drinks,motorcycle,0.0,No,Urban,16,MYS,South India,10
0xb141,HYDRES09DEL01,20.0,4.8,17.431668,78.408321,17.541668,78.518321,23-03-2022,22:40,22:55,Sandstorms,Low,1,Drinks,motorcycle,0.0,No,Urban,11,HYD,South India,22
0xfd4,HYDRES20DEL02,33.0,4.8,17.483216,78.552111,17.503216,78.572111,21-03-2022,08:40,08:50,Fog,Low,2,Meal,electric_scooter,1.0,No,Urban,15,HYD,South India,8
0x1aa4,COIMBRES11DEL02,27.0,4.7,11.001753,76.986241,11.021753,77.006241,15-03-2022,10:55,11:10,Sunny,Low,0,Buffet,motorcycle,0.0,No,Urban,13,COI,South India,10
0x3f2d,HYDRES13DEL01,27.0,4.6,17.431477,78.40035,17.441477,78.41035,17-03-2022,09:10,09:20,Cloudy,Low,0,Drinks,motorcycle,1.0,No,Urban,19,HYD,South India,9
0x37df,CHENRES18DEL03,27.0,4.9,12.981615,80.231598,13.071615,80.321598,27-03-2022,22:50,23:05,Sandstorms,Low,1,Drinks,motorcycle,1.0,No,Urban,16,CHE,South India,22
0x5568,BANGRES14DEL01,30.0,4.7,12.949934,77.699386,12.959934,77.709386,07-03-2022,11:25,11:40,Sunny,High,1,Meal,motorcycle,0.0,No,Urban,15,BAN,South India,11
0xc8cb,KOCRES19DEL03,32.0,4.8,9.960846,76.293936,10.020846,76.353936,15-02-2022,17:40,17:55,Sunny,Medium,0,Buffet,motorcycle,0.0,No,Urban,28,KOC,South India,17
0x8dac,CHENRES11DEL01,20.0,4.9,13.064181,80.236442,13.174181,80.346442,31-03-2022,17:55,18:05,Cloudy,Medium,2,Drinks,electric_scooter,1.0,No,Urban,27,CHE,South India,17
0x6276,COIMBRES17DEL03,25.0,4.7,11.026117,76.944652,11.056117,76.974652,15-03-2022,21:35,21:40,Windy,Jam,1,Snack,scooter,0.0,No,Urban,14,COI,South India,21
0x8782,HYDRES01DEL01,30.0,5.0,17.410371,78.437225,17.520371,78.547225,08-03-2022,17:55,18:10,Windy,Medium,2,Snack,motorcycle,0.0,No,Urban,21,HYD,South India,17
0x6d45,HYDRES010DEL02,26.0,4.8,17.428294,78.404423,17.558294,78.534423,06-04-2022,17:45,0.75,Sunny,Medium,2,Meal,scooter,0.0,No,Urban,19,HYD,South India,17
0xbde9,BANGRES07DEL01,38.0,4.3,12.978453,77.643685,12.988453,77.653685,09-03-2022,09:45,09:50,Stormy,Low,0,Buffet,motorcycle,1.0,No,Urban,28,BAN,South India,9
0x7283,MYSRES04DEL01,37.0,4.6,12.3085,76.665808,12.4185,76.775808,12-03-2022,22:45,22:55,Sunny,Low,1,Snack,scooter,1.0,No,Urban,29,MYS,South India,22
0xb2da,CHENRES15DEL02,21.0,4.7,13.026286,80.275235,13.076286,80.325235,03-04-2022,18:55,0.791666667,Fog,Medium,0,Snack,motorcycle,1.0,No,Urban,27,CHE,South India,18
0x21c5,COIMBRES16DEL03,31.0,4.2,11.010375,76.95295,11.040375,76.98295,13-03-2022,23:45,23:50,Windy,Low,0,Meal,motorcycle,0.0,No,Urban,31,COI,South India,23
0x60d6,CHENRES02DEL03,23.0,4.5,13.086438,80.220672,13.116438,80.250672,26-03-2022,23:25,23:40,Sandstorms,Low,2,Snack,electric_scooter,0.0,,Urban,12,CHE,South India,23
0xada6,COIMBRES03DEL03,37.0,4.1,11.025083,77.015393,11.115083,77.105393,23-03-2022,22:30,22:35,Fog,Low,2,Buffet,electric_scooter,1.0,No,Urban,31,COI,South India,22
0x2b65,COIMBRES05DEL01,36.0,4.8,11.022169,76.999594,11.032169,77.009594,24-03-2022,08:35,08:45,Cloudy,Low,1,Snack,scooter,1.0,No,Urban,18,COI,South India,8
0x2b10,BANGRES04DEL02,23.0,4.8,12.98041,77.640489,13.03041,77.690489,26-03-2022,23:30,23:45,Sunny,Low,2,Drinks,scooter,1.0,No,Urban,23,BAN,South India,23
0x87f4,BANGRES15DEL01,33.0,5.0,12.975377,77.696664,13.015377,77.736664,24-03-2022,15:55,0.666666667,Fog,Medium,1,Meal,motorcycle,0.0,No,Urban,15,BAN,South India,15
0x24ca,COIMBRES02DEL02,35.0,5.0,11.022477,76.995667,11.152477,77.125667,31-03-2022,23:20,23:30,Cloudy,Low,0,Snack,motorcycle,2.0,No,Urban,39,COI,South India,23
0xa429,MYSRES09DEL01,31.0,4.6,12.323194,76.630583,12.433194,76.740583,04-03-2022,22:55,0.958333333,Sandstorms,Low,1,Drinks,scooter,1.0,No,Urban,21,MYS,South India,22
0xa9c6,BANGRES01DEL01,34.0,4.8,12.933284,77.615428,13.043284,77.725428,06-03-2022,19:20,19:25,Sunny,Jam,1,Buffet,scooter,1.0,No,Urban,24,BAN,South India,19
0x28f4,BANGRES09DEL01,20.0,4.6,12.934179,77.615797,12.974179,77.655797,24-03-2022,15:50,16:05,Cloudy,Medium,0,Drinks,motorcycle,1.0,No,Urban,23,BAN,South India,15
0xbf8,MYSRES20DEL02,23.0,4.9,12.337978,76.616792,12.417978,76.696792,04-04-2022,17:20,17:25,Stormy,Medium,2,Buffet,electric_scooter,1.0,No,Urban,15,MYS,South India,17
0x5183,HYDRES03DEL01,31.0,4.2,17.422819,78.449578,17.492819,78.519578,02-03-2022,21:40,21:50,Fog,Jam,2,Meal,motorcycle,0.0,No,Urban,40,HYD,South India,21
0x7dd5,CHENRES20DEL03,36.0,4.9,12.975996,80.221898,13.005996,80.251898,13-03-2022,22:40,22:50,Sunny,Low,2,Meal,scooter,0.0,No,Urban,17,CHE,South India,22
0x2d98,MYSRES07DEL01,22.0,4.9,12.325461,76.632278,12.395461,76.702278,10-03-2022,20:35,20:45,Fog,Jam,2,Meal,motorcycle,1.0,No,Urban,43,MYS,South India,20
0x4ebf,BANGRES04DEL01,26.0,4.6,12.98041,77.640489,13.05041,77.710489,25-03-2022,20:10,20:25,Cloudy,Jam,1,Drinks,motorcycle,2.0,No,Urban,31,BAN,South India,20
0x9bcd,BANGRES03DEL01,21.0,4.6,12.979166,77.640709,12.989166,77.650709,26-03-2022,10:50,10:55,Windy,Low,2,Snack,scooter,,No,Urban,11,BAN,South India,10
0x67f8,CHENRES03DEL01,20.0,5.0,13.091809,80.219104,13.201809,80.329104,04-04-2022,21:20,21:25,Cloudy,Jam,1,Snack,motorcycle,1.0,No,Urban,31,CHE,South India,21
0x2de4,BANGRES14DEL02,29.0,4.8,12.949934,77.699386,12.999934,77.749386,17-03-2022,23:25,23:35,Windy,Low,2,Meal,scooter,0.0,No,Urban,15,BAN,South India,23
0x423e,CHENRES18DEL02,25.0,4.8,12.981615,80.231598,13.111615,80.361598,23-03-2022,18:40,18:55,Sunny,Medium,0,Buffet,motorcycle,1.0,No,Urban,17,CHE,South India,18
0x3749,COIMBRES010DEL02,38.0,4.7,11.003008,76.97544,11.023008,76.99544,24-03-2022,09:30,09:35,Cloudy,Low,2,Meal,motorcycle,1.0,No,Urban,15,COI,South India,9
0x6e93,COIMBRES01DEL02,21.0,4.6,11.016298,76.972076,11.036298,76.992076,05-04-2022,09:55,10:10,Sandstorms,Low,1,Snack,scooter,0.0,No,Urban,10,COI,South India,9
0x5191,MYSRES19DEL01,20.0,4.9,12.334022,76.618203,12.404022,76.688203,04-03-2022,21:15,21:25,Fog,Jam,2,Buffet,scooter,1.0,No,Urban,34,MYS,South India,21
0x1437,BANGRES02DEL02,22.0,4.9,12.970221,77.645396,13.100221,77.775396,27-03-2022,19:30,19:40,Sunny,Jam,2,Buffet,motorcycle,1.0,No,Urban,22,BAN,South India,19
0x9e48,HYDRES16DEL03,34.0,4.0,17.440827,78.393391,17.500827,78.453391,03-03-2022,23:55,1,Windy,Low,0,Meal,motorcycle,1.0,No,Urban,33,HYD,South India,23
0x510f,COIMBRES09DEL01,30.0,4.7,11.008638,76.984311,11.118638,77.094311,27-03-2022,20:55,21:10,Sunny,Jam,2,Snack,scooter,0.0,No,Urban,20,COI,South India,20
0xb42c,HYDRES11DEL01,29.0,4.5,17.430448,78.418213,17.540448,78.528213,10-03-2022,19:40,19:50,Sunny,Jam,0,Drinks,motorcycle,0.0,No,Urban,15,HYD,South India,19
0x4758,MYSRES010DEL02,29.0,4.6,12.321214,76.621094,12.371214,76.671094,19-03-2022,19:10,19:25,Cloudy,Jam,0,Snack,motorcycle,1.0,No,Urban,25,MYS,South India,19
0xd22a,KOCRES09DEL03,31.0,4.5,10.000706,76.349516,10.090706,76.439516,14-02-2022,18:20,18:35,Sunny,Medium,0,Drinks,motorcycle,1.0,No,Urban,26,KOC,South India,18
0xbc65,BANGRES16DEL02,26.0,4.0,13.029198,77.570997,13.159198,77.700997,04-04-2022,21:25,21:30,Cloudy,Jam,1,Meal,scooter,1.0,Yes,Urban,42,BAN,South India,21
0x333e,BANGRES11DEL01,23.0,4.7,12.934365,77.616155,13.044365,77.726155,29-03-2022,21:50,21:55,Fog,Jam,0,Snack,motorcycle,2.0,No,Urban,47,BAN,South India,21
0x19b4,HYDRES12DEL02,36.0,4.8,17.429585,78.392621,17.479585,78.442621,05-03-2022,22:20,22:25,Cloudy,Low,1,Buffet,scooter,1.0,No,Urban,15,HYD,South India,22
0x8249,BANGRES19DEL03,24.0,4.6,12.914264,77.6784,12.944264,77.7084,07-03-2022,23:40,23:50,Windy,Low,2,Snack,motorcycle,1.0,No,Urban,19,BAN,South India,23
0x321f,COIMBRES05DEL03,24.0,4.2,11.022169,76.999594,11.112169,77.089594,23-03-2022,19:40,19:50,Sandstorms,Jam,0,Meal,motorcycle,1.0,No,Urban,33,COI,South India,19
0x2032,MYSRES04DEL01,25.0,4.9,12.3085,76.665808,12.3185,76.675808,26-03-2022,10:10,10:20,Windy,Low,2,Buffet,scooter,0.0,No,Urban,10,MYS,South India,10
0x4e51,COIMBRES19DEL01,38.0,5.0,11.022298,76.998349,11.092298,77.068349,06-03-2022,22:30,22:40,Windy,Low,0,Drinks,motorcycle,1.0,No,Urban,26,COI,South India,22
0x711f,CHENRES05DEL03,33.0,4.7,13.058616,80.264151,13.148616,80.354151,27-03-2022,17:15,17:25,Sunny,Medium,0,Snack,motorcycle,2.0,No,Urban,39,CHE,South India,17
0x6f9d,HYDRES01DEL03,28.0,4.6,17.410371,78.437225,17.440371,78.467225,15-03-2022,23:40,23:55,Cloudy,Low,1,Drinks,motorcycle,1.0,No,Urban,10,HYD,South India,23
0xa1f0,BANGRES11DEL01,30.0,4.5,12.934365,77.616155,12.974365,77.656155,24-03-2022,15:35,15:50,Sunny,Medium,0,Meal,motorcycle,1.0,No,Urban,20,BAN,South India,15
0x8180,COIMBRES16DEL01,31.0,4.7,11.010375,76.95295,11.120375,77.06295,10-03-2022,22:25,22:40,Stormy,Low,0,Snack,motorcycle,1.0,No,Urban,24,COI,South India,22
0xa9ce,HYDRES01DEL01,39.0,4.0,17.410371,78.437225,17.450371,78.477225,09-03-2022,13:50,13:55,Stormy,High,1,Snack,scooter,1.0,No,Urban,33,HYD,South India,13
0xa253,COIMBRES06DEL03,20.0,4.9,11.021278,76.995017,11.111278,77.085017,04-03-2022,17:40,17:45,Fog,Medium,0,Drinks,motorcycle,0.0,No,Urban,33,COI,South India,17
0x776b,BANGRES20DEL02,21.0,4.6,12.972161,77.596014,13.102161,77.726014,31-03-2022,21:30,21:45,Windy,Jam,1,Snack,scooter,1.0,No,Urban,19,BAN,South India,21
0x6e28,MYSRES06DEL02,33.0,4.7,12.323994,76.626167,12.373994,76.676167,26-03-2022,23:50,24:05:00,Windy,Low,1,Snack,scooter,1.0,No,Urban,29,MYS,South India,23
0x7587,MYSRES11DEL01,34.0,3.8,12.323225,76.630028,12.433225,76.740028,12-03-2022,23:35,23:40,Fog,Low,1,Snack,motorcycle,1.0,No,Urban,33,MYS,South India,23
0x5da6,MYSRES03DEL02,23.0,4.8,12.299524,76.64262,12.319524,76.66262,05-04-2022,11:15,11:20,Stormy,High,0,Snack,motorcycle,1.0,No,Urban,29,MYS,South India,11
0xcb8b,KOCRES05DEL01,37.0,4.9,9.970717,76.285447,10.040717,76.355447,18-02-2022,23:45,23:50,Windy,Low,0,Buffet,motorcycle,0.0,No,Urban,28,KOC,South India,23
0xb501,MYSRES18DEL02,33.0,4.5,12.337928,76.617889,12.357928,76.637889,30-03-2022,11:55,12:05,Sunny,High,1,Meal,scooter,1.0,No,Urban,23,MYS,South India,11
0x1233,HYDRES09DEL03,23.0,4.9,17.431668,78.408321,17.461668,78.438321,05-04-2022,23:55,24:05:00,Sandstorms,Low,1,Drinks,motorcycle,1.0,No,Urban,14,HYD,South India,23
0x8796,COIMBRES02DEL01,30.0,4.6,11.022477,76.995667,11.032477,77.005667,05-03-2022,08:20,08:25,Stormy,Low,1,Snack,scooter,1.0,No,Urban,28,COI,South India,8
0xa498,COIMBRES19DEL02,24.0,4.6,11.022298,76.998349,11.152298,77.128349,18-03-2022,19:25,19:35,Sandstorms,Jam,1,Buffet,motorcycle,1.0,No,Urban,16,COI,South India,19
0xd319,KOCRES02DEL01,23.0,5.0,10.028047,76.310019,10.068047,76.350019,15-02-2022,15:50,15:55,Windy,Medium,0,Drinks,motorcycle,1.0,No,Urban,11,KOC,South India,15
0xa53e,MYSRES09DEL03,34.0,4.6,12.323194,76.630583,12.353194,76.660583,01-04-2022,17:25,17:35,Stormy,Medium,1,Meal,motorcycle,0.0,No,Urban,25,MYS,South India,17
0xabb3,HYDRES01DEL01,27.0,5.0,17.410371,78.437225,17.450371,78.477225,01-03-2022,14:55,0.625,Stormy,High,1,Drinks,motorcycle,1.0,No,Urban,13,HYD,South India,14
0x5fbc,CHENRES20DEL01,28.0,4.9,12.975996,80.221898,13.015996,80.261898,07-03-2022,16:20,16:30,Fog,Medium,2,Snack,scooter,0.0,No,Urban,10,CHE,South India,16
0x75bc,BANGRES010DEL01,33.0,5.0,12.933298,77.614293,12.943298,77.624293,28-03-2022,08:20,08:25,Stormy,Low,1,Meal,scooter,1.0,No,Urban,22,BAN,South India,8
0x1664,CHENRES12DEL02,39.0,4.8,12.972793,80.249982,13.052793,80.329982,18-03-2022,17:25,17:40,Windy,Medium,1,Drinks,motorcycle,1.0,No,Urban,24,CHE,South India,17
0x2c5e,BANGRES20DEL02,25.0,4.5,12.972161,77.596014,13.052161,77.676014,14-03-2022,21:20,21:25,Stormy,Jam,2,Buffet,scooter,1.0,No,Urban,21,BAN,South India,21
0x61de,BANGRES03DEL02,25.0,4.9,12.979166,77.640709,13.109166,77.770709,25-03-2022,18:15,18:30,Cloudy,Medium,1,Drinks,motorcycle,1.0,No,Urban,31,BAN,South India,18
0xb1f5,HYDRES04DEL02,30.0,4.8,17.411028,78.329645,17.461028,78.379645,26-03-2022,22:40,22:50,Stormy,Low,1,Drinks,scooter,1.0,No,Urban,26,HYD,South India,22
0x8a51,MYSRES18DEL02,33.0,4.8,12.337928,76.617889,12.467928,76.747889,06-04-2022,18:20,18:35,Windy,Medium,0,Drinks,motorcycle,1.0,No,Urban,30,MYS,South India,18
0x90f6,CHENRES01DEL01,22.0,4.8,13.005801,80.250744,13.075801,80.320744,02-04-2022,17:55,18:05,Sunny,Medium,2,Snack,motorcycle,0.0,No,Urban,15,CHE,South India,17
0xdada,KOCRES08DEL01,36.0,5.0,9.985497,76.276999,10.025497,76.316999,11-02-2022,16:15,16:30,Sandstorms,Medium,0,Meal,motorcycle,1.0,No,Urban,31,KOC,South India,16
0x3561,HYDRES02DEL01,32.0,4.6,17.41233,78.449654,17.42233,78.459654,01-04-2022,09:25,09:35,Stormy,Low,2,Snack,motorcycle,1.0,No,Urban,24,HYD,South India,9
0x9f66,HYDRES01DEL01,23.0,4.8,17.410371,78.437225,17.480371,78.507225,23-03-2022,23:35,23:45,Sandstorms,Low,1,Snack,scooter,0.0,No,Urban,19,HYD,South India,23
0x6082,BANGRES04DEL02,35.0,4.4,12.98041,77.640489,13.11041,77.770489,23-03-2022,21:20,21:35,Windy,Jam,1,Drinks,motorcycle,1.0,No,Urban,32,BAN,South India,21
0xb13a,MYSRES07DEL01,37.0,4.7,12.325461,76.632278,12.435461,76.742278,10-03-2022,18:40,18:55,Stormy,Medium,1,Snack,scooter,1.0,No,Urban,24,MYS,South India,18
0x2129,BANGRES01DEL01,38.0,4.9,12.933284,77.615428,12.943284,77.625428,07-03-2022,09:45,0.416666667,Sunny,Low,1,Buffet,scooter,1.0,No,Urban,14,BAN,South India,9
0x6ed1,HYDRES13DEL02,31.0,4.8,17.431477,78.40035,17.561477,78.53035,25-03-2022,21:35,21:40,Sandstorms,Jam,2,Snack,scooter,1.0,No,Urban,30,HYD,South India,21
0xab8f,BANGRES05DEL01,26.0,4.9,12.970324,77.645748,13.010324,77.685748,05-03-2022,13:25,13:30,Stormy,High,2,Snack,scooter,1.0,No,Urban,25,BAN,South India,13
0xa088,CHENRES14DEL01,28.0,4.8,13.026279,80.174568,13.136279,80.284568,06-04-2022,19:45,0.833333333,Stormy,Jam,2,Buffet,motorcycle,1.0,No,Urban,21,CHE,South India,19
0x2da1,HYDRES08DEL02,24.0,4.6,17.438263,78.397865,17.518263,78.477865,16-03-2022,19:25,19:35,Windy,Jam,2,Drinks,electric_scooter,1.0,No,Urban,25,HYD,South India,19
0x9e18,CHENRES03DEL01,30.0,4.6,13.091809,80.219104,13.201809,80.329104,10-03-2022,18:25,18:30,Stormy,Medium,2,Drinks,scooter,1.0,No,Urban,25,CHE,South India,18
0xbaee,MYSRES14DEL03,23.0,4.5,0.0,0.0,0.03,0.03,21-03-2022,21:45,0.916666667,Stormy,Jam,2,Buffet,motorcycle,0.0,No,Urban,13,MYS,South India,21
0x6347,MYSRES14DEL02,22.0,4.6,0.0,0.0,0.05,0.05,19-03-2022,22:20,22:30,Cloudy,Low,2,Meal,electric_scooter,1.0,No,Urban,17,MYS,South India,22
0x2295,CHENRES15DEL02,34.0,4.3,13.026286,80.275235,13.106286,80.355235,10-03-2022,21:50,22:05,Stormy,Jam,0,Buffet,motorcycle,0.0,No,Urban,49,CHE,South India,21
0xc4c,HYDRES06DEL02,23.0,4.6,17.455894,78.375467,17.585894,78.505467,08-03-2022,22:45,22:55,Sandstorms,Low,1,Snack,scooter,0.0,No,Urban,17,HYD,South India,22
0xb2bb,CHENRES010DEL03,33.0,4.7,13.066762,80.251865,13.126762,80.311865,15-03-2022,21:25,21:35,Sunny,Jam,2,Drinks,scooter,1.0,No,Urban,23,CHE,South India,21
0x5f19,COIMBRES14DEL03,27.0,4.9,11.003681,76.975525,11.033681,77.005525,09-03-2022,17:40,17:45,Stormy,Medium,0,Drinks,motorcycle,1.0,No,Urban,26,COI,South India,17
0x1270,HYDRES17DEL02,24.0,4.2,17.451976,78.385883,17.471976,78.405883,21-03-2022,09:20,09:30,Sandstorms,Low,0,Drinks,motorcycle,1.0,No,Urban,24,HYD,South India,9
0x7e78,BANGRES06DEL01,30.0,4.4,12.979096,77.640625,12.989096,77.650625,17-03-2022,08:30,08:35,Stormy,Low,0,Drinks,motorcycle,1.0,No,Urban,21,BAN,South India,8
0x453f,CHENRES13DEL01,25.0,4.7,13.027018,80.254791,13.137018,80.364791,04-03-2022,20:45,20:55,Stormy,Jam,2,Meal,scooter,0.0,No,Urban,16,CHE,South India,20
0x42fd,CHENRES16DEL03,32.0,4.7,13.049645,80.242268,13.109645,80.302268,05-04-2022,21:50,22:05,Cloudy,Jam,1,Drinks,scooter,1.0,No,Urban,26,CHE,South India,21
0x6bf4,CHENRES15DEL02,24.0,4.9,13.026286,80.275235,13.106286,80.355235,08-03-2022,20:25,20:35,Stormy,Jam,0,Drinks,motorcycle,1.0,No,Urban,34,CHE,South India,20
0x53d6,BANGRES04DEL01,32.0,4.8,12.98041,77.640489,13.09041,77.750489,31-03-2022,22:25,22:30,Cloudy,Low,1,Buffet,scooter,1.0,No,Urban,30,BAN,South India,22
0x1f01,CHENRES05DEL03,29.0,4.8,13.058616,80.264151,13.148616,80.354151,06-03-2022,19:20,19:25,Sandstorms,Jam,2,Snack,motorcycle,1.0,No,Urban,19,CHE,South India,19
0x6464,HYDRES19DEL03,30.0,4.9,17.458998,78.500366,17.518998,78.560366,11-03-2022,19:20,19:30,Windy,Jam,0,Drinks,motorcycle,2.0,No,Urban,38,HYD,South India,19
0x9aa7,BANGRES03DEL02,31.0,4.1,12.979166,77.640709,12.999166,77.660709,09-03-2022,09:50,0.416666667,Stormy,Low,0,Buffet,motorcycle,1.0,No,Urban,30,BAN,South India,9
0xc71e,KOCRES14DEL01,32.0,4.9,10.027014,76.308053,10.137014,76.418053,16-02-2022,22:50,23:05,Windy,Low,2,Snack,scooter,0.0,No,Urban,22,KOC,South India,22
0xa393,COIMBRES010DEL02,27.0,4.7,11.003008,76.97544,11.053009,77.02544,30-03-2022,21:25,21:40,Sandstorms,Jam,1,Snack,scooter,0.0,No,Urban,21,COI,South India,21
0xce53,KOCRES18DEL02,28.0,4.9,9.957144,76.296783,10.037144,76.376783,14-02-2022,19:30,19:35,Stormy,Jam,2,Buffet,scooter,0.0,No,Urban,26,KOC,South India,19
0x7625,BANGRES03DEL02,34.0,4.3,12.979166,77.640709,13.059166,77.720709,10-03-2022,18:50,18:55,Stormy,Medium,1,Buffet,scooter,1.0,No,Urban,36,BAN,South India,18
0x664a,CHENRES07DEL02,23.0,4.6,13.081878,80.248519,13.131878,80.298519,17-03-2022,21:15,21:30,Sunny,Jam,2,Drinks,scooter,1.0,No,Urban,19,CHE,South India,21
0x26a3,MYSRES15DEL01,29.0,4.5,12.352058,76.60665,12.422058,76.67665,02-03-2022,23:35,23:45,Stormy,Low,2,Meal,electric_scooter,0.0,No,Urban,18,MYS,South India,23
0xd903,KOCRES02DEL02,39.0,4.9,10.028047,76.310019,10.048047,76.330019,17-02-2022,10:10,10:15,Fog,Low,0,Snack,motorcycle,1.0,No,Urban,28,KOC,South India,10
0x241b,CHENRES04DEL01,20.0,4.3,13.02978,80.208812,13.03978,80.218812,30-03-2022,09:20,09:25,Windy,Low,0,Snack,motorcycle,,No,Urban,19,CHE,South India,9
0x44a8,COIMBRES01DEL01,35.0,4.8,11.016298,76.972076,11.126298,77.082076,06-03-2022,18:40,18:45,Fog,Medium,0,Buffet,motorcycle,2.0,No,Urban,37,COI,South India,18
0xa721,BANGRES19DEL01,26.0,4.6,12.914264,77.6784,12.924264,77.6884,09-03-2022,11:30,11:35,Stormy,High,2,Meal,scooter,0.0,No,Urban,11,BAN,South India,11
0xb836,CHENRES19DEL03,26.0,4.7,12.986047,80.218114,13.016047,80.248114,26-03-2022,18:25,18:30,Sunny,Medium,2,Buffet,electric_scooter,0.0,No,Urban,14,CHE,South India,18
0x37f9,MYSRES03DEL02,36.0,4.6,12.299524,76.64262,12.319524,76.66262,03-04-2022,10:20,10:25,Stormy,Low,1,Drinks,scooter,0.0,No,Urban,29,MYS,South India,10
0xb484,MYSRES04DEL01,25.0,4.6,12.3085,76.665808,12.3785,76.735808,23-03-2022,20:25,20:40,Sunny,Jam,1,Snack,motorcycle,0.0,No,Urban,15,MYS,South India,20
0xb25b,MYSRES11DEL02,24.0,4.9,12.323225,76.630028,12.373225,76.680028,05-03-2022,22:45,22:55,Fog,Low,0,Snack,motorcycle,0.0,No,Urban,15,MYS,South India,22
0xa0f5,COIMBRES18DEL03,28.0,4.5,11.02091,76.940432,11.11091,77.030432,14-03-2022,23:40,23:50,Windy,Low,1,Buffet,motorcycle,0.0,No,Urban,18,COI,South India,23
0x5223,HYDRES01DEL02,20.0,4.9,17.410371,78.437225,17.540371,78.567225,31-03-2022,19:30,19:35,Sunny,Jam,1,Snack,motorcycle,0.0,No,Urban,10,HYD,South India,19
0x103e,COIMBRES01DEL02,34.0,4.5,11.016298,76.972076,11.036298,76.992076,15-03-2022,09:55,0.416666667,Stormy,Low,1,Snack,scooter,1.0,No,Urban,23,COI,South India,9
0x1cbe,HYDRES15DEL02,35.0,4.7,17.45971,78.368855,17.53971,78.448855,20-03-2022,21:20,21:25,Cloudy,Jam,2,Meal,motorcycle,1.0,No,Urban,45,HYD,South India,21
0x2e09,COIMBRES09DEL03,21.0,4.8,11.008638,76.984311,11.068638,77.044311,17-03-2022,23:20,23:35,Sandstorms,Low,1,Meal,scooter,1.0,No,Urban,10,COI,South India,23
0x92b9,COIMBRES07DEL01,26.0,4.0,10.96185,76.971082,10.97185,76.981082,28-03-2022,09:55,10:10,Windy,Low,0,Drinks,motorcycle,0.0,No,Urban,23,COI,South India,9
0x522f,COIMBRES14DEL01,26.0,4.6,11.003681,76.975525,11.043681,77.015525,01-03-2022,12:35,12:45,Sandstorms,High,2,Buffet,motorcycle,0.0,No,Urban,16,COI,South India,12
0x308a,CHENRES18DEL03,22.0,4.7,12.981615,80.231598,13.041615,80.291598,03-04-2022,21:40,21:50,Windy,Jam,0,Meal,motorcycle,0.0,No,Urban,23,CHE,South India,21
0x2f4e,BANGRES05DEL02,24.0,4.7,12.970324,77.645748,13.050324,77.725748,06-03-2022,22:55,0.958333333,Sandstorms,Low,1,Buffet,motorcycle,1.0,No,Urban,17,BAN,South India,22
0xff4,MYSRES04DEL01,22.0,4.8,12.3085,76.665808,12.3485,76.705808,05-04-2022,15:40,15:50,Sandstorms,Medium,0,Drinks,motorcycle,1.0,No,Urban,23,MYS,South India,15
0x809e,COIMBRES13DEL01,34.0,4.3,11.003669,76.976494,11.073669,77.046494,04-04-2022,23:40,23:50,Fog,Low,0,Snack,motorcycle,1.0,No,Urban,40,COI,South India,23
0x46c6,BANGRES15DEL02,21.0,4.6,12.975377,77.696664,12.995377,77.716664,05-04-2022,11:55,12:10,Sunny,High,1,Meal,motorcycle,0.0,No,Urban,10,BAN,South India,11
0x84ae,COIMBRES15DEL01,35.0,4.4,11.006686,76.951736,11.076686,77.021736,10-03-2022,20:55,21:05,Fog,Jam,1,Meal,motorcycle,1.0,No,Urban,44,COI,South India,20
0xbd1b,HYDRES17DEL01,27.0,4.7,17.451976,78.385883,17.521976,78.455883,25-03-2022,17:40,17:50,Sunny,Medium,0,Buffet,motorcycle,0.0,No,Urban,29,HYD,South India,17
0x31e4,COIMBRES02DEL03,33.0,4.9,11.022477,76.995667,11.052477,77.025667,26-03-2022,22:20,22:35,Fog,Low,2,Snack,motorcycle,1.0,No,Urban,16,COI,South India,22
0x9a4a,COIMBRES02DEL02,28.0,4.9,11.022477,76.995667,11.072477,77.045667,24-03-2022,22:45,22:55,Cloudy,Low,1,Drinks,scooter,0.0,No,Urban,15,COI,South India,22
0x2155,MYSRES20DEL02,28.0,4.8,12.337978,76.616792,12.467978,76.746792,12-03-2022,21:10,21:20,Sunny,Jam,1,Drinks,scooter,0.0,No,Urban,13,MYS,South India,21
0x9650,COIMBRES05DEL01,27.0,4.3,11.022169,76.999594,11.062169,77.039594,15-03-2022,12:25,12:30,Windy,High,0,Meal,motorcycle,0.0,No,Urban,31,COI,South India,12
0x5a6c,COIMBRES20DEL02,29.0,4.7,10.994136,76.963303,11.124136,77.093303,20-03-2022,21:15,21:20,Sunny,Jam,0,Drinks,motorcycle,1.0,No,Urban,33,COI,South India,21
0x4656,MYSRES09DEL03,31.0,4.7,12.323194,76.630583,12.413194,76.720583,06-03-2022,18:15,18:30,Sunny,Medium,2,Drinks,electric_scooter,1.0,No,Urban,27,MYS,South India,18
0x7bf6,MYSRES010DEL03,20.0,4.9,12.321214,76.621094,12.411214,76.711094,27-03-2022,18:30,18:40,Windy,Medium,1,Buffet,motorcycle,0.0,No,Urban,22,MYS,South India,18
0xd1ca,KOCRES08DEL03,38.0,4.9,9.985497,76.276999,10.015497,76.306999,17-02-2022,23:45,1,Sunny,Low,0,Drinks,motorcycle,1.0,No,Urban,27,KOC,South India,23
0x99e,COIMBRES17DEL03,21.0,4.5,11.026117,76.944652,11.056117,76.974652,19-03-2022,22:10,22:15,Cloudy,Low,2,Buffet,scooter,0.0,No,Urban,17,COI,South India,22
0xceb9,KOCRES08DEL01,21.0,4.5,9.985497,76.276999,10.055497,76.346999,12-02-2022,19:15,19:25,Sandstorms,Jam,1,Drinks,scooter,0.0,No,Urban,15,KOC,South India,19
0x15e3,HYDRES03DEL01,22.0,5.0,17.422819,78.449578,17.492819,78.519578,10-03-2022,19:55,20:05,Stormy,Jam,2,Meal,electric_scooter,0.0,No,Urban,23,HYD,South India,19
0x9d3f,COIMBRES18DEL02,35.0,4.4,11.02091,76.940432,11.04091,76.960432,03-04-2022,10:40,10:55,Sandstorms,Low,0,Snack,motorcycle,1.0,No,Urban,29,COI,South India,10
0x1f64,HYDRES13DEL01,27.0,4.9,17.431477,78.40035,17.471477,78.44035,03-04-2022,15:40,15:45,Cloudy,Medium,1,Drinks,scooter,1.0,No,Urban,11,HYD,South India,15
0x727f,HYDRES16DEL02,25.0,4.8,17.440827,78.393391,17.520827,78.473391,02-03-2022,20:10,20:25,Windy,Jam,2,Buffet,motorcycle,1.0,No,Urban,24,HYD,South India,20
0x5b94,HYDRES13DEL02,21.0,5.0,17.431477,78.40035,17.451477,78.42035,24-03-2022,10:15,10:20,Sandstorms,Low,2,Buffet,scooter,0.0,No,Urban,11,HYD,South India,10
0x8c6d,MYSRES12DEL03,25.0,4.6,12.284747,76.625861,12.314747,76.655861,15-03-2022,19:45,0.833333333,Sunny,Jam,2,Buffet,motorcycle,1.0,No,Urban,12,MYS,South India,19
0xa9d9,CHENRES14DEL03,31.0,4.9,13.026279,80.174568,13.086279,80.234568,05-03-2022,22:10,22:15,Sunny,Low,1,Snack,scooter,0.0,No,Urban,10,CHE,South India,22
0x1e5c,COIMBRES18DEL03,28.0,4.8,11.02091,76.940432,11.08091,77.000432,26-03-2022,20:45,20:50,Cloudy,Jam,2,Snack,electric_scooter,0.0,No,Urban,23,COI,South India,20
0xdfc,BANGRES01DEL01,22.0,4.9,12.933284,77.615428,12.973284,77.655428,30-03-2022,13:35,13:40,Fog,High,0,Meal,motorcycle,1.0,No,Urban,24,BAN,South India,13
0x103f,BANGRES02DEL03,24.0,4.1,12.970221,77.645396,13.000221,77.675396,19-03-2022,20:25,20:30,Stormy,Jam,0,Drinks,motorcycle,1.0,No,Urban,35,BAN,South India,20
0x4b7c,CHENRES11DEL03,24.0,4.5,13.064181,80.236442,13.094181,80.266442,19-03-2022,18:15,18:20,Sunny,Medium,2,Drinks,scooter,1.0,No,Urban,12,CHE,South India,18
0xa2f3,CHENRES13DEL01,25.0,4.8,13.027018,80.254791,13.037018,80.264791,05-03-2022,10:35,10:50,Fog,Low,0,Snack,motorcycle,1.0,No,Urban,15,CHE,South India,10
0x577a,COIMBRES04DEL01,20.0,5.0,11.024839,77.007003,11.034839,77.017003,01-03-2022,09:30,09:40,Cloudy,Low,1,Drinks,scooter,1.0,,Urban,11,COI,South India,9
0x9ed5,HYDRES15DEL02,27.0,4.5,17.45971,78.368855,17.53971,78.448855,16-03-2022,18:10,18:25,Cloudy,Medium,0,Snack,motorcycle,1.0,No,Urban,44,HYD,South India,18
0x991c,BANGRES11DEL03,39.0,4.2,12.934365,77.616155,13.024365,77.706155,20-03-2022,19:25,19:35,Cloudy,Jam,1,Snack,motorcycle,1.0,No,Urban,45,BAN,South India,19
0x8ae0,COIMBRES14DEL02,33.0,4.6,11.003681,76.975525,11.083681,77.055525,23-03-2022,23:45,1,Stormy,Low,0,Meal,motorcycle,1.0,No,Urban,21,COI,South India,23
0x81ce,CHENRES11DEL01,34.0,4.9,13.064181,80.236442,13.174181,80.346442,25-03-2022,22:15,22:20,Sandstorms,Low,2,Meal,scooter,1.0,No,Urban,16,CHE,South India,22
0x7000,MYSRES07DEL02,32.0,4.9,12.325461,76.632278,12.455461,76.762278,04-03-2022,22:40,22:45,Cloudy,Low,2,Snack,scooter,1.0,No,Urban,30,MYS,South India,22
0x6992,HYDRES15DEL03,27.0,4.9,17.45971,78.368855,17.48971,78.398855,15-03-2022,22:45,22:55,Sandstorms,Low,1,Snack,motorcycle,1.0,No,Urban,12,HYD,South India,22
0x3bd6,COIMBRES010DEL02,30.0,4.6,11.003008,76.97544,11.053009,77.02544,15-03-2022,20:20,20:25,Cloudy,Jam,2,Drinks,scooter,1.0,No,Urban,30,COI,South India,20
0x1d2e,HYDRES11DEL01,25.0,4.8,17.430448,78.418213,17.540448,78.528213,27-03-2022,21:40,21:50,Sandstorms,Jam,1,Snack,scooter,0.0,No,Urban,25,HYD,South India,21
0x9934,CHENRES15DEL02,30.0,4.7,13.026286,80.275235,13.046286,80.295235,15-03-2022,09:25,09:35,Sunny,Low,0,Meal,motorcycle,0.0,No,Urban,29,CHE,South India,9
0x858d,CHENRES18DEL01,30.0,4.7,12.981615,80.231598,13.051615,80.301598,02-04-2022,17:25,17:30,Sunny,Medium,1,Snack,motorcycle,1.0,No,Urban,24,CHE,South India,17
0x6a04,COIMBRES07DEL02,21.0,4.8,10.96185,76.971082,11.01185,77.021082,30-03-2022,20:10,20:25,Windy,Jam,1,Drinks,scooter,1.0,No,Urban,27,COI,South India,20
0xba05,MYSRES01DEL03,27.0,4.3,12.311072,76.654878,12.371072,76.714878,17-03-2022,22:10,22:15,Sandstorms,Low,0,Snack,motorcycle,1.0,No,Urban,22,MYS,South India,22
0x22e5,COIMBRES16DEL02,24.0,4.9,11.010375,76.95295,11.090375,77.03295,10-03-2022,23:40,23:50,Stormy,Low,2,Buffet,scooter,0.0,No,Urban,10,COI,South India,23
0x8e3e,HYDRES010DEL03,36.0,4.9,17.428294,78.404423,17.488294,78.464423,01-04-2022,22:35,22:45,Stormy,Low,1,Meal,scooter,0.0,No,Urban,23,HYD,South India,22
0x24e8,CHENRES19DEL01,34.0,4.9,12.986047,80.218114,12.996047,80.228114,05-03-2022,08:55,09:05,Windy,Low,1,Snack,motorcycle,0.0,No,Urban,24,CHE,South India,8
0x9ce4,CHENRES08DEL02,22.0,4.7,13.022394,80.242439,13.042394,80.262439,24-03-2022,08:50,0.375,Cloudy,Low,1,Drinks,motorcycle,1.0,No,Urban,14,CHE,South India,8
0x20b2,HYDRES04DEL03,32.0,4.8,17.411028,78.329645,17.471028,78.389645,05-03-2022,21:55,22:05,Windy,Jam,2,Buffet,electric_scooter,,No,Urban,33,HYD,South India,21
0x558c,CHENRES08DEL02,31.0,4.8,13.022394,80.242439,13.042394,80.262439,07-03-2022,10:25,10:30,Sandstorms,Low,2,Meal,electric_scooter,1.0,No,Urban,22,CHE,South India,10
0x3f9c,MYSRES07DEL03,24.0,4.7,12.325461,76.632278,12.415461,76.722278,14-03-2022,22:15,22:25,Fog,Low,0,Drinks,motorcycle,0.0,No,Urban,23,MYS,South India,22
0x8de8,CHENRES05DEL02,23.0,4.7,13.058616,80.264151,13.138616,80.344151,16-03-2022,19:45,19:55,Stormy,Jam,2,Buffet,motorcycle,1.0,No,Urban,18,CHE,South India,19
0xb564,COIMBRES18DEL03,28.0,4.9,11.02091,76.940432,11.08091,77.000432,30-03-2022,21:40,21:45,Stormy,Jam,1,Buffet,scooter,1.0,No,Urban,11,COI,South India,21
0x4890,BANGRES19DEL02,30.0,5.0,12.914264,77.6784,12.964264,77.7284,05-04-2022,1,24:15:00,Sunny,Low,2,Snack,motorcycle,0.0,No,Urban,15,BAN,South India,1
0xab38,MYSRES03DEL01,39.0,4.9,12.299524,76.64262,12.369524,76.71262,18-03-2022,21:55,0.916666667,Stormy,Jam,0,Drinks,motorcycle,2.0,No,Urban,35,MYS,South India,21
0x91ee,CHENRES03DEL02,29.0,4.8,13.091809,80.219104,13.171809,80.299104,29-03-2022,23:50,1,Sandstorms,Low,0,Meal,motorcycle,1.0,No,Urban,16,CHE,South India,23
0x51fe,COIMBRES07DEL03,25.0,4.8,10.96185,76.971082,11.05185,77.061082,06-03-2022,18:35,18:45,Stormy,Medium,2,Drinks,scooter,1.0,No,Urban,23,COI,South India,18
0x8185,MYSRES01DEL02,32.0,4.7,12.311072,76.654878,12.331072,76.674878,05-04-2022,08:25,08:30,Cloudy,Low,2,Snack,motorcycle,0.0,No,Urban,16,MYS,South India,8
0x36b7,HYDRES12DEL03,20.0,4.6,17.429585,78.392621,17.459585,78.422621,21-03-2022,23:10,23:15,Fog,Low,0,Meal,motorcycle,1.0,No,Urban,22,HYD,South India,23
0x9a2,MYSRES03DEL03,22.0,4.9,12.299524,76.64262,12.329524,76.67262,09-03-2022,21:50,22:05,Windy,Jam,0,Buffet,motorcycle,0.0,No,Urban,29,MYS,South India,21
0x352f,HYDRES08DEL02,39.0,4.5,17.438263,78.397865,17.518263,78.477865,14-03-2022,22:35,22:45,Sandstorms,Low,1,Meal,scooter,1.0,No,Urban,27,HYD,South India,22
0x6706,HYDRES04DEL02,39.0,4.7,17.411028,78.329645,17.491028,78.409645,06-04-2022,21:15,21:30,Cloudy,Jam,1,Meal,scooter,1.0,No,Urban,49,HYD,South India,21
0x41f2,COIMBRES02DEL01,26.0,4.8,11.022477,76.995667,11.132477,77.105667,02-03-2022,20:40,20:50,Sunny,Jam,1,Buffet,motorcycle,0.0,No,Urban,12,COI,South India,20
0x73b5,BANGRES05DEL03,32.0,4.8,12.970324,77.645748,13.000324,77.675748,19-03-2022,22:55,23:05,Fog,Low,1,Snack,scooter,1.0,No,Urban,15,BAN,South India,22
0xdbd1,KOCRES04DEL03,31.0,5.0,9.966783,76.242981,10.026783,76.302981,11-02-2022,21:50,21:55,Cloudy,Jam,2,Snack,electric_scooter,0.0,No,Urban,31,KOC,South India,21
0xb0af,BANGRES20DEL01,25.0,4.8,12.972161,77.596014,12.982161,77.606014,13-03-2022,11:15,11:20,Sunny,High,1,Buffet,motorcycle,0.0,No,Urban,13,BAN,South India,11
0x4a54,BANGRES13DEL02,29.0,4.2,12.935662,77.61413,12.955662,77.63413,03-04-2022,09:20,09:30,Sandstorms,Low,0,Meal,motorcycle,1.0,No,Urban,21,BAN,South India,9
0x13b2,COIMBRES01DEL01,27.0,4.8,11.016298,76.972076,11.026298,76.982076,05-03-2022,11:30,11:40,Cloudy,High,1,Snack,scooter,1.0,No,Urban,32,COI,South India,11
0x13d6,MYSRES19DEL03,30.0,4.7,12.334022,76.618203,12.424022,76.708203,29-03-2022,21:35,21:45,Sunny,Jam,1,Drinks,motorcycle,1.0,No,Urban,30,MYS,South India,21
0x3b94,HYDRES08DEL01,27.0,4.6,17.438263,78.397865,17.508263,78.467865,06-04-2022,23:40,23:45,Windy,Low,0,Snack,motorcycle,1.0,No,Urban,17,HYD,South India,23
0x52b5,COIMBRES15DEL02,26.0,4.6,11.006686,76.951736,11.056686,77.001736,30-03-2022,18:45,0.791666667,Sandstorms,Medium,1,Drinks,motorcycle,0.0,No,Urban,20,COI,South India,18
0xbea2,HYDRES19DEL01,31.0,4.9,17.458998,78.500366,17.528998,78.570366,06-03-2022,23:40,23:45,Cloudy,Low,1,Drinks,motorcycle,0.0,No,Urban,26,HYD,South India,23
0xec0,BANGRES11DEL01,27.0,4.9,12.934365,77.616155,13.044365,77.726155,02-04-2022,21:20,21:35,Cloudy,Jam,2,Drinks,motorcycle,1.0,No,Urban,32,BAN,South India,21
0x2d21,BANGRES19DEL02,21.0,5.0,12.914264,77.6784,12.994264,77.7584,04-03-2022,23:30,23:35,Windy,Low,2,Buffet,scooter,0.0,No,Urban,10,BAN,South India,23
0x6279,BANGRES03DEL02,22.0,5.0,12.979166,77.640709,13.109166,77.770709,04-04-2022,19:50,19:55,Sandstorms,Jam,2,Drinks,electric_scooter,1.0,No,Urban,25,BAN,South India,19
0x4e55,MYSRES14DEL01,38.0,4.6,0.0,0.0,0.07,0.07,04-04-2022,23:45,1,Stormy,Low,2,Snack,scooter,1.0,No,Urban,28,MYS,South India,23
0x6a86,HYDRES07DEL03,32.0,4.3,17.424114,78.347554,17.454114,78.377554,21-03-2022,20:50,20:55,Stormy,Jam,0,Drinks,motorcycle,0.0,No,Urban,33,HYD,South India,20
0x5629,CHENRES06DEL02,29.0,4.8,13.054347,80.257221,13.104347,80.307221,03-04-2022,22:30,22:45,Sandstorms,Low,1,Meal,scooter,,No,Urban,13,CHE,South India,22
0xc087,KOCRES17DEL01,32.0,4.3,-9.959778,76.296106,10.069778,76.406106,12-02-2022,18:50,0.791666667,Sunny,Medium,0,Buffet,motorcycle,1.0,No,Urban,37,KOC,South India,18
0xac89,BANGRES03DEL01,31.0,4.6,12.979166,77.640709,13.089166,77.750709,20-03-2022,22:40,22:45,Windy,Low,2,Buffet,motorcycle,0.0,No,Urban,26,BAN,South India,22
0x7902,MYSRES03DEL01,38.0,5.0,12.299524,76.64262,12.409524,76.75262,02-03-2022,22:40,22:45,Sandstorms,Low,0,Snack,motorcycle,1.0,No,Urban,21,MYS,South India,22
0x16f1,HYDRES07DEL01,24.0,4.6,17.424114,78.347554,17.464114,78.387554,01-04-2022,14:10,14:25,Sunny,High,2,Snack,scooter,1.0,No,Urban,14,HYD,South India,14
0xa0aa,CHENRES18DEL02,37.0,4.5,12.981615,80.231598,13.001615,80.251598,03-03-2022,08:10,08:20,Cloudy,Low,2,Buffet,electric_scooter,1.0,No,Urban,18,CHE,South India,8
0xa719,MYSRES08DEL03,38.0,4.8,12.297954,76.665169,12.327954,76.695169,05-04-2022,18:30,18:40,Fog,Medium,1,Buffet,scooter,0.0,No,Urban,19,MYS,South India,18
0x7a51,HYDRES09DEL02,38.0,4.9,17.431668,78.408321,17.481668,78.458321,07-03-2022,22:35,22:50,Sandstorms,Low,2,Buffet,motorcycle,1.0,No,Urban,22,HYD,South India,22
0xb981,HYDRES08DEL02,26.0,4.8,17.438263,78.397865,17.518263,78.477865,18-03-2022,23:15,23:30,Stormy,Low,0,Buffet,motorcycle,1.0,No,Urban,15,HYD,South India,23
0x875e,BANGRES12DEL03,38.0,4.1,12.939496,77.625999,13.029496,77.715999,10-03-2022,17:20,17:35,Stormy,Medium,2,Buffet,electric_scooter,1.0,No,Urban,39,BAN,South India,17
0x2b3c,MYSRES13DEL02,25.0,4.9,12.310972,76.659264,12.330972,76.679264,03-03-2022,10:25,10:35,Stormy,Low,1,Meal,scooter,1.0,No,Urban,17,MYS,South India,10
0x7b09,CHENRES15DEL02,35.0,4.7,13.026286,80.275235,13.046286,80.295235,05-03-2022,08:25,08:40,Windy,Low,1,Drinks,motorcycle,0.0,No,Urban,25,CHE,South India,8
0xa56b,HYDRES07DEL02,20.0,4.8,17.424114,78.347554,17.444114,78.367554,21-03-2022,09:50,0.416666667,Sandstorms,Low,1,Drinks,motorcycle,1.0,No,Urban,16,HYD,South India,9
0xa725,HYDRES20DEL02,25.0,4.7,17.483216,78.552111,17.533216,78.602111,09-03-2022,21:25,21:35,Stormy,Jam,2,Buffet,electric_scooter,1.0,No,Urban,17,HYD,South India,21
0x534b,COIMBRES05DEL02,22.0,5.0,11.022169,76.999594,11.072169,77.049594,07-03-2022,21:35,21:50,Stormy,Jam,0,Meal,motorcycle,1.0,No,Urban,24,COI,South India,21
0xffc,MYSRES11DEL02,38.0,3.8,12.323225,76.630028,12.453225,76.760028,23-03-2022,20:50,21:05,Sandstorms,Jam,1,Meal,motorcycle,1.0,No,Urban,33,MYS,South India,20
0xb4cb,BANGRES14DEL01,30.0,4.7,12.949934,77.699386,12.989934,77.739386,01-04-2022,13:25,13:30,Sunny,High,1,Buffet,scooter,1.0,No,Urban,15,BAN,South India,13
0x8964,MYSRES09DEL03,25.0,4.8,12.323194,76.630583,12.383194,76.690583,11-03-2022,17:15,17:25,Fog,Medium,2,Buffet,electric_scooter,1.0,No,Urban,17,MYS,South India,17
0x1636,BANGRES13DEL02,39.0,4.4,12.935662,77.61413,12.985662,77.66413,05-03-2022,21:35,21:45,Windy,Jam,0,Meal,motorcycle,0.0,No,Urban,39,BAN,South India,21
0x9e69,CHENRES19DEL01,27.0,4.8,12.986047,80.218114,13.056047,80.288114,20-03-2022,18:15,18:20,Sandstorms,Medium,1,Buffet,motorcycle,0.0,No,Urban,27,CHE,South India,18
0x7b6b,CHENRES01DEL02,32.0,4.9,13.005801,80.250744,13.025801,80.270744,01-03-2022,08:40,08:45,Cloudy,Low,0,Meal,motorcycle,,No,Urban,22,CHE,South India,8
0x82a3,COIMBRES02DEL02,28.0,4.6,11.022477,76.995667,11.152477,77.125667,12-03-2022,21:55,0.916666667,Sandstorms,Jam,2,Buffet,scooter,1.0,No,Urban,23,COI,South India,21
0x9ce9,CHENRES11DEL03,30.0,4.2,13.064181,80.236442,13.124181,80.296442,17-03-2022,23:50,23:55,Windy,Low,0,Snack,motorcycle,1.0,No,Urban,34,CHE,South India,23
0x8b3e,CHENRES18DEL02,37.0,4.8,12.981615,80.231598,13.031615,80.281598,26-03-2022,23:20,23:35,Sunny,Low,2,Meal,scooter,1.0,No,Urban,12,CHE,South India,23
0x75d6,MYSRES09DEL02,35.0,4.5,12.323194,76.630583,12.373194,76.680583,21-03-2022,23:30,23:45,Stormy,Low,2,Buffet,scooter,1.0,No,Urban,22,MYS,South India,23
0x3405,COIMBRES15DEL01,25.0,4.2,11.006686,76.951736,11.046686,76.991736,05-04-2022,12:30,12:45,Sandstorms,High,0,Meal,motorcycle,1.0,No,Urban,35,COI,South India,12
0xb72a,HYDRES03DEL01,34.0,4.5,17.422819,78.449578,17.462819,78.489578,15-03-2022,16:50,16:55,Fog,Medium,2,Meal,electric_scooter,0.0,No,Urban,19,HYD,South India,16
0x70cd,BANGRES09DEL03,22.0,4.1,12.934179,77.615797,12.964179,77.645797,03-04-2022,22:15,22:25,Stormy,Low,0,Meal,motorcycle,1.0,No,Urban,29,BAN,South India,22
0x944e,BANGRES15DEL03,30.0,4.5,12.975377,77.696664,13.065377,77.786664,04-04-2022,21:15,21:25,Sunny,Jam,2,Buffet,electric_scooter,0.0,No,Urban,31,BAN,South India,21
0x7b77,BANGRES07DEL01,26.0,4.9,12.978453,77.643685,13.048453,77.713685,10-03-2022,20:50,0.875,Windy,Jam,2,Snack,motorcycle,1.0,No,Urban,18,BAN,South India,20
0xbbe5,MYSRES16DEL02,38.0,4.7,12.316967,76.603067,12.366967,76.653067,19-03-2022,18:45,18:50,Cloudy,Medium,1,Snack,motorcycle,1.0,No,Urban,18,MYS,South India,18
0xbb7f,CHENRES01DEL01,27.0,4.7,13.005801,80.250744,13.015801,80.260744,24-03-2022,11:45,11:50,Stormy,High,1,Buffet,scooter,1.0,No,Urban,19,CHE,South India,11
0xaf5e,BANGRES12DEL03,30.0,4.7,12.939496,77.625999,12.969496,77.655999,17-03-2022,21:50,22:05,Sunny,Jam,1,Meal,scooter,1.0,No,Urban,19,BAN,South India,21
0x3d67,HYDRES19DEL02,20.0,4.9,17.458998,78.500366,17.508998,78.550366,30-03-2022,20:15,20:30,Windy,Jam,2,Drinks,scooter,0.0,No,Urban,19,HYD,South India,20
0xb676,COIMBRES07DEL01,24.0,4.9,10.96185,76.971082,11.00185,77.011082,24-03-2022,15:35,15:40,Cloudy,Medium,2,Snack,motorcycle,,No,Urban,12,COI,South India,15
0x3738,CHENRES16DEL01,21.0,4.5,13.049645,80.242268,13.059645,80.252268,24-03-2022,11:50,11:55,Stormy,High,1,Buffet,motorcycle,0.0,No,Urban,28,CHE,South India,11
0xb0a6,CHENRES06DEL03,29.0,4.5,13.054347,80.257221,13.084347,80.287221,15-03-2022,18:35,18:45,Cloudy,Medium,0,Meal,motorcycle,1.0,No,Urban,29,CHE,South India,18
0x79a4,BANGRES05DEL02,38.0,4.9,12.970324,77.645748,12.990324,77.665748,05-04-2022,11:40,11:55,Sunny,High,1,Drinks,scooter,1.0,No,Urban,18,BAN,South India,11
0x2eb4,HYDRES19DEL01,31.0,4.7,17.458998,78.500366,17.568998,78.610366,29-03-2022,22:10,22:20,Stormy,Low,1,Snack,motorcycle,1.0,No,Urban,15,HYD,South India,22
0xbc1f,MYSRES08DEL02,20.0,4.9,12.297954,76.665169,12.347954,76.715169,01-03-2022,22:15,22:20,Fog,Low,2,Meal,motorcycle,0.0,No,Urban,14,MYS,South India,22
0xb74f,HYDRES11DEL02,23.0,4.3,17.430448,78.418213,17.510448,78.498213,27-03-2022,18:20,18:30,Cloudy,Medium,2,Buffet,electric_scooter,1.0,No,Urban,32,HYD,South India,18
0xebd,HYDRES03DEL02,23.0,4.6,17.422819,78.449578,17.442819,78.469578,21-03-2022,10:50,0.458333333,Fog,Low,1,Meal,motorcycle,1.0,No,Urban,18,HYD,South India,10
0x7752,COIMBRES01DEL01,25.0,4.8,11.016298,76.972076,11.026298,76.982076,17-03-2022,10:10,10:25,Fog,Low,1,Meal,motorcycle,1.0,No,Urban,17,COI,South India,10
0x27bf,CHENRES09DEL02,36.0,4.8,13.044694,80.26147,13.094694,80.31147,01-04-2022,22:25,22:30,Fog,Low,1,Meal,scooter,1.0,No,Urban,19,CHE,South India,22
0xb7c0,HYDRES07DEL01,36.0,4.7,17.424114,78.347554,17.494114,78.417554,18-03-2022,23:25,23:35,Stormy,Low,2,Buffet,scooter,1.0,No,Urban,22,HYD,South India,23
0xb9be,HYDRES04DEL02,37.0,4.5,17.411028,78.329645,17.431028,78.349645,07-03-2022,09:30,09:40,Sunny,Low,0,Meal,motorcycle,1.0,No,Urban,29,HYD,South India,9
0xa95e,MYSRES19DEL02,34.0,4.9,12.334022,76.618203,12.464022,76.748203,12-03-2022,17:50,17:55,Sunny,Medium,2,Buffet,scooter,0.0,No,Urban,26,MYS,South India,17
0x6ea3,HYDRES19DEL02,25.0,4.9,17.458998,78.500366,17.588998,78.630366,29-03-2022,19:25,19:35,Stormy,Jam,2,Drinks,motorcycle,1.0,No,Urban,15,HYD,South India,19
0x307a,MYSRES08DEL01,26.0,4.2,12.297954,76.665169,12.407954,76.775169,04-03-2022,18:55,0.791666667,Fog,Medium,2,Buffet,motorcycle,1.0,No,Urban,31,MYS,South India,18
0xad87,BANGRES09DEL01,31.0,4.5,12.934179,77.615797,12.974179,77.655797,15-03-2022,14:35,14:40,Cloudy,High,0,Drinks,motorcycle,1.0,No,Urban,29,BAN,South India,14
0x7c52,CHENRES14DEL02,28.0,4.9,13.026279,80.174568,13.106279,80.254568,10-03-2022,21:15,21:30,Cloudy,Jam,2,Buffet,electric_scooter,1.0,No,Urban,34,CHE,South India,21
0x8a9d,BANGRES01DEL01,29.0,4.7,12.933284,77.615428,12.943284,77.625428,21-03-2022,11:20,11:35,Sandstorms,High,1,Snack,motorcycle,0.0,No,Urban,16,BAN,South India,11
0xb139,COIMBRES11DEL02,28.0,4.8,11.001753,76.986241,11.021753,77.006241,09-03-2022,08:15,08:25,Sandstorms,Low,1,Buffet,scooter,0.0,No,Urban,14,COI,South India,8
0x8488,COIMBRES04DEL03,22.0,4.6,11.024839,77.007003,11.114839,77.097003,23-03-2022,18:10,18:15,Sandstorms,Medium,1,Snack,motorcycle,1.0,No,Urban,20,COI,South India,18
0x69d8,BANGRES11DEL03,27.0,4.6,12.934365,77.616155,12.994365,77.676155,05-04-2022,20:40,20:55,Sunny,Jam,1,Drinks,motorcycle,0.0,No,Urban,11,BAN,South India,20
0x3295,MYSRES01DEL02,23.0,4.9,12.311072,76.654878,12.361072,76.704878,19-03-2022,20:55,21:05,Sandstorms,Jam,0,Drinks,motorcycle,1.0,No,Urban,18,MYS,South India,20
0x8776,BANGRES16DEL02,21.0,4.8,13.029198,77.570997,13.079198,77.620997,05-03-2022,19:50,0.833333333,Fog,Jam,2,Snack,scooter,,No,Urban,24,BAN,South India,19
0x1edd,HYDRES05DEL03,31.0,4.1,17.433809,78.386744,17.523809,78.476744,08-03-2022,17:10,17:25,Fog,Medium,2,Meal,motorcycle,0.0,No,Urban,34,HYD,South India,17
0x196d,CHENRES01DEL03,33.0,5.0,13.005801,80.250744,13.065801,80.310744,30-03-2022,19:55,0.833333333,Stormy,Jam,1,Meal,motorcycle,1.0,No,Urban,25,CHE,South India,19
0xbbd2,HYDRES14DEL02,33.0,4.3,17.426228,78.407495,17.556228,78.537495,29-03-2022,19:15,19:20,Windy,Jam,1,Buffet,motorcycle,0.0,No,Urban,44,HYD,South India,19
0x60a5,COIMBRES010DEL01,37.0,4.6,11.003008,76.97544,11.043008,77.01544,03-03-2022,13:40,13:55,Stormy,High,0,Snack,motorcycle,1.0,No,Urban,34,COI,South India,13
0x7ac0,CHENRES010DEL01,28.0,4.7,13.066762,80.251865,13.176762,80.361865,25-03-2022,18:45,18:55,Stormy,Medium,1,Drinks,scooter,1.0,No,Urban,15,CHE,South India,18
0x615e,MYSRES13DEL01,21.0,4.4,12.310972,76.659264,12.320972,76.669264,05-03-2022,10:40,10:50,Stormy,Low,0,Meal,motorcycle,0.0,No,Urban,19,MYS,South India,10
0x8b16,MYSRES08DEL03,26.0,4.6,12.297954,76.665169,12.327954,76.695169,01-03-2022,22:55,0.958333333,Sandstorms,Low,1,Buffet,scooter,0.0,No,Urban,13,MYS,South India,22
0x936a,BANGRES06DEL02,24.0,4.8,12.979096,77.640625,13.109096,77.770625,02-03-2022,17:30,17:45,Sunny,Medium,1,Buffet,motorcycle,1.0,No,Urban,14,BAN,South India,17
0xe07d,KOCRES11DEL02,25.0,4.7,10.006881,76.345397,10.056881,76.395397,13-02-2022,21:35,21:50,Sunny,Jam,1,Buffet,motorcycle,1.0,No,Urban,13,KOC,South India,21
0x45b8,HYDRES18DEL03,22.0,4.5,17.450851,78.379347,17.510851,78.439347,15-03-2022,17:25,17:40,Windy,Medium,2,Snack,motorcycle,1.0,No,Urban,27,HYD,South India,17
0xa0be,COIMBRES15DEL02,25.0,4.6,11.006686,76.951736,11.086686,77.031736,18-03-2022,17:25,17:40,Stormy,Medium,2,Meal,scooter,0.0,No,Urban,20,COI,South India,17
0x890f,COIMBRES02DEL03,26.0,4.6,11.022477,76.995667,11.052477,77.025667,24-03-2022,18:15,18:25,Windy,Medium,1,Snack,motorcycle,1.0,No,Urban,28,COI,South India,18
0xbdbe,MYSRES14DEL03,25.0,4.6,0.0,0.0,0.06,0.06,17-03-2022,22:10,22:25,Cloudy,Low,2,Meal,motorcycle,1.0,No,Urban,12,MYS,South India,22
0x1e9e,BANGRES16DEL03,23.0,4.9,13.029198,77.570997,13.119198,77.660997,16-03-2022,23:35,23:50,Cloudy,Low,0,Snack,motorcycle,0.0,No,Urban,23,BAN,South India,23
0x4cba,MYSRES12DEL02,32.0,4.4,12.284747,76.625861,12.364747,76.705861,04-03-2022,18:10,18:20,Windy,Medium,0,Buffet,motorcycle,1.0,No,Urban,38,MYS,South India,18
0x7c71,MYSRES18DEL02,37.0,4.8,12.337928,76.617889,12.417928,76.697889,18-03-2022,17:10,17:20,Sunny,Medium,2,Meal,motorcycle,1.0,No,Urban,29,MYS,South India,17
0x833c,BANGRES03DEL02,20.0,4.7,12.979166,77.640709,13.109166,77.770709,27-03-2022,23:25,23:30,Windy,Low,0,Meal,motorcycle,1.0,No,Urban,19,BAN,South India,23
0x1e51,COIMBRES09DEL02,38.0,4.2,11.008638,76.984311,11.088638,77.064311,08-03-2022,19:20,19:35,Sunny,Jam,0,Drinks,motorcycle,1.0,No,Urban,35,COI,South India,19
0xbb2a,BANGRES07DEL03,24.0,4.9,12.978453,77.643685,13.038453,77.703685,11-03-2022,20:40,20:55,Sunny,Jam,1,Meal,motorcycle,0.0,No,Urban,10,BAN,South India,20
0x9554,HYDRES09DEL01,33.0,4.6,17.431668,78.408321,17.541668,78.518321,27-03-2022,20:30,20:35,Sunny,Jam,1,Drinks,scooter,0.0,No,Urban,23,HYD,South India,20
0xa9ec,HYDRES09DEL02,20.0,4.7,17.431668,78.408321,17.451668,78.428321,24-03-2022,09:25,09:35,Cloudy,Low,1,Snack,scooter,0.0,No,Urban,10,HYD,South India,9
0x88b6,HYDRES17DEL02,22.0,4.9,17.451976,78.385883,17.471976,78.405883,30-03-2022,08:10,08:25,Stormy,Low,1,Drinks,scooter,0.0,No,Urban,19,HYD,South India,8
0xbe94,HYDRES09DEL02,21.0,5.0,17.431668,78.408321,17.451668,78.428321,30-03-2022,10:15,10:30,Sunny,Low,2,Snack,scooter,1.0,No,Urban,15,HYD,South India,10
0x5c24,HYDRES11DEL02,37.0,5.0,17.430448,78.418213,17.450448,78.438213,21-03-2022,10:45,10:55,Stormy,Low,1,Buffet,motorcycle,1.0,No,Urban,21,HYD,South India,10
0x39c3,CHENRES06DEL02,29.0,4.8,13.054347,80.257221,13.104347,80.307221,21-03-2022,21:35,21:50,Cloudy,Jam,1,Meal,scooter,0.0,No,Urban,20,CHE,South India,21
0xa0d4,COIMBRES08DEL01,28.0,4.9,11.001852,76.976268,11.041852,77.016268,01-03-2022,15:30,15:45,Cloudy,Medium,2,Snack,electric_scooter,0.0,No,Urban,10,COI,South India,15
0x9cf2,CHENRES19DEL02,32.0,4.8,12.986047,80.218114,13.066047,80.298114,06-03-2022,17:55,18:05,Sunny,Medium,2,Buffet,scooter,1.0,No,Urban,18,CHE,South India,17
0xb741,CHENRES20DEL01,36.0,4.8,12.975996,80.221898,13.015996,80.261898,01-03-2022,16:45,16:55,Windy,Medium,0,Snack,motorcycle,1.0,No,Urban,25,CHE,South India,16
0x44e1,CHENRES04DEL03,28.0,4.9,13.02978,80.208812,13.05978,80.238812,19-03-2022,22:55,23:10,Cloudy,Low,2,Snack,electric_scooter,0.0,No,Urban,11,CHE,South India,22
0xd421,KOCRES13DEL01,35.0,5.0,9.991703,76.293136,10.061703,76.363136,14-02-2022,21:45,0.916666667,Cloudy,Jam,2,Buffet,scooter,2.0,No,Urban,43,KOC,South India,21
0x2dda,MYSRES06DEL01,23.0,4.7,12.323994,76.626167,12.433994,76.736167,23-03-2022,22:15,22:20,Windy,Low,0,Snack,motorcycle,1.0,No,Urban,22,MYS,South India,22
0x85e0,BANGRES01DEL02,36.0,3.8,12.933284,77.615428,13.063284,77.745428,12-03-2022,20:20,20:25,Windy,Jam,2,Meal,motorcycle,2.0,No,Urban,33,BAN,South India,20
0x7963,MYSRES07DEL03,26.0,4.9,12.325461,76.632278,12.385461,76.692278,15-03-2022,19:25,19:35,Cloudy,Jam,1,Meal,scooter,1.0,No,Urban,21,MYS,South India,19
0x7bd2,MYSRES15DEL02,29.0,4.8,12.352058,76.60665,12.482058,76.73665,27-03-2022,23:30,23:45,Stormy,Low,2,Meal,motorcycle,1.0,No,Urban,11,MYS,South India,23
0x7949,MYSRES09DEL01,22.0,4.6,12.323194,76.630583,12.393194,76.700583,06-04-2022,21:20,21:35,Windy,Jam,2,Buffet,scooter,0.0,No,Urban,22,MYS,South India,21
0x1f91,MYSRES12DEL03,29.0,4.6,12.284747,76.625861,12.374747,76.715861,08-03-2022,17:15,17:30,Stormy,Medium,2,Buffet,scooter,1.0,No,Urban,29,MYS,South India,17
0xaff9,HYDRES07DEL03,22.0,4.6,17.424114,78.347554,17.514114,78.437554,16-03-2022,23:40,23:45,Stormy,Low,0,Drinks,motorcycle,1.0,No,Urban,23,HYD,South India,23
0xddee,KOCRES18DEL02,28.0,4.7,9.957144,76.296783,10.037144,76.376783,18-02-2022,22:50,22:55,Sunny,Low,2,Buffet,scooter,1.0,No,Urban,25,KOC,South India,22
0xb215,CHENRES04DEL02,28.0,4.0,13.02978,80.208812,13.07978,80.258812,03-04-2022,20:45,20:55,Fog,Jam,2,Meal,electric_scooter,,No,Urban,34,CHE,South India,20
0xafa2,MYSRES15DEL02,38.0,4.4,12.352058,76.60665,12.482058,76.73665,29-03-2022,19:30,19:35,Fog,Jam,2,Meal,scooter,2.0,Yes,Urban,49,MYS,South India,19
0x78c,MYSRES08DEL02,29.0,4.8,12.297954,76.665169,12.347954,76.715169,03-04-2022,21:40,21:45,Cloudy,Jam,0,Meal,motorcycle,1.0,No,Urban,24,MYS,South India,21
0x9bd1,MYSRES07DEL02,26.0,4.9,12.325461,76.632278,12.375461,76.682278,15-03-2022,21:45,0.916666667,Sunny,Jam,1,Meal,scooter,1.0,No,Urban,17,MYS,South India,21
0x7ad4,COIMBRES18DEL01,20.0,4.7,11.02091,76.940432,11.09091,77.010432,10-03-2022,18:50,18:55,Windy,Medium,2,Drinks,scooter,1.0,No,Urban,23,COI,South India,18
0xcbe1,KOCRES05DEL01,33.0,4.7,9.970717,76.285447,9.980717,76.295447,15-02-2022,11:20,11:30,Stormy,High,2,Buffet,motorcycle,0.0,No,Urban,33,KOC,South India,11
0x470a,HYDRES02DEL01,29.0,4.6,17.41233,78.449654,17.45233,78.489654,13-03-2022,15:15,15:25,Sunny,Medium,2,Snack,motorcycle,0.0,No,Urban,10,HYD,South India,15
0x6784,MYSRES02DEL02,24.0,4.8,12.304569,76.643622,12.324569,76.663622,03-03-2022,11:35,11:45,Stormy,High,0,Drinks,motorcycle,1.0,No,Urban,31,MYS,South India,11
0x771d,BANGRES15DEL03,20.0,4.9,12.975377,77.696664,13.005377,77.726664,03-03-2022,17:20,17:30,Sandstorms,Medium,2,Drinks,electric_scooter,0.0,No,Urban,24,BAN,South India,17
0x7259,CHENRES17DEL03,31.0,4.6,13.045479,80.23311,13.105479,80.29311,28-03-2022,17:45,0.75,Stormy,Medium,2,Drinks,scooter,1.0,No,Urban,33,CHE,South India,17
0x6a9d,BANGRES15DEL01,29.0,4.8,12.975377,77.696664,13.015377,77.736664,05-04-2022,12:45,12:50,Fog,High,0,Meal,motorcycle,0.0,No,Urban,23,BAN,South India,12
0x2d6a,MYSRES18DEL01,25.0,4.7,12.337928,76.617889,12.347928,76.627889,03-04-2022,11:10,11:15,Fog,High,2,Snack,motorcycle,1.0,No,Urban,27,MYS,South India,11
0xbd0f,MYSRES03DEL01,23.0,4.7,12.299524,76.64262,12.309524,76.65262,15-03-2022,08:35,08:50,Sandstorms,Low,2,Snack,electric_scooter,0.0,No,Urban,11,MYS,South India,8
0xaedc,MYSRES15DEL03,37.0,4.7,12.352058,76.60665,12.412058,76.66665,21-03-2022,20:25,20:35,Stormy,Jam,2,Buffet,scooter,0.0,No,Urban,31,MYS,South India,20
0x6810,HYDRES08DEL03,37.0,4.6,17.438263,78.397865,17.468263,78.427865,24-03-2022,22:25,22:35,Sunny,Low,0,Snack,motorcycle,1.0,No,Urban,23,HYD,South India,22
0x8d60,MYSRES07DEL03,26.0,4.6,12.325461,76.632278,12.355461,76.662278,24-03-2022,18:40,18:50,Cloudy,Medium,1,Snack,motorcycle,1.0,No,Urban,11,MYS,South India,18
0x6381,HYDRES010DEL03,39.0,4.6,17.428294,78.404423,17.518294,78.494423,18-03-2022,19:25,19:40,Windy,Jam,1,Buffet,scooter,0.0,No,Urban,25,HYD,South India,19
0x3699,MYSRES010DEL01,28.0,4.6,12.321214,76.621094,12.391214,76.691094,25-03-2022,21:40,21:50,Stormy,Jam,1,Drinks,motorcycle,1.0,No,Urban,22,MYS,South India,21
0x4c1d,BANGRES04DEL02,35.0,4.8,12.98041,77.640489,13.00041,77.660489,01-04-2022,10:40,10:45,Cloudy,Low,2,Drinks,scooter,1.0,No,Urban,15,BAN,South India,10
0x4718,HYDRES18DEL02,20.0,4.8,17.450851,78.379347,17.580851,78.509347,31-03-2022,1,24:10:00,Sandstorms,Low,0,Buffet,motorcycle,1.0,No,Urban,18,HYD,South India,1
0xa503,MYSRES03DEL02,29.0,4.9,12.299524,76.64262,12.349524,76.69262,28-03-2022,20:30,20:40,Sunny,Jam,1,Drinks,motorcycle,1.0,No,Urban,17,MYS,South India,20
0xb5c8,MYSRES14DEL02,32.0,3.8,0.0,0.0,0.13,0.13,18-03-2022,21:35,21:50,Stormy,Jam,1,Buffet,scooter,1.0,No,Urban,34,MYS,South India,21
0x819e,BANGRES010DEL02,22.0,4.3,12.933298,77.614293,12.953298,77.634293,30-03-2022,10:20,10:25,Windy,Low,0,Snack,motorcycle,1.0,No,Urban,15,BAN,South India,10
0x13fd,CHENRES13DEL03,33.0,4.5,13.027018,80.254791,13.057018,80.284791,15-03-2022,18:30,18:40,Sandstorms,Medium,0,Drinks,motorcycle,1.0,No,Urban,30,CHE,South India,18
0x5c8d,HYDRES09DEL02,25.0,4.8,17.431668,78.408321,17.511668,78.488321,08-03-2022,22:30,22:40,Fog,Low,0,Buffet,motorcycle,1.0,No,Urban,21,HYD,South India,22
0x2e31,CHENRES16DEL01,24.0,4.5,13.049645,80.242268,13.089645,80.282268,03-04-2022,12:10,12:20,Stormy,High,2,Meal,motorcycle,1.0,No,Urban,23,CHE,South India,12
0x69a9,MYSRES14DEL01,27.0,4.7,0.0,0.0,0.04,0.04,11-03-2022,16:45,16:55,Sunny,Medium,0,Drinks,motorcycle,1.0,No,Urban,15,MYS,South India,16
0x7925,COIMBRES07DEL01,24.0,4.9,10.96185,76.971082,11.03185,77.041082,31-03-2022,20:20,20:25,Stormy,Jam,2,Buffet,scooter,0.0,No,Urban,27,COI,South India,20
0x5008,COIMBRES12DEL02,26.0,4.9,11.000762,76.981876,11.050762,77.031876,03-03-2022,17:20,17:35,Fog,Medium,2,Meal,electric_scooter,1.0,No,Urban,16,COI,South India,17
0x988f,COIMBRES14DEL01,28.0,4.7,11.003681,76.975525,11.113681,77.085525,02-04-2022,22:30,22:40,Stormy,Low,2,Meal,motorcycle,0.0,No,Urban,16,COI,South India,22
0xa398,HYDRES09DEL03,20.0,4.2,17.431668,78.408321,17.491668,78.468321,11-03-2022,22:35,22:50,Stormy,Low,0,Meal,motorcycle,1.0,No,Urban,23,HYD,South India,22
0x9138,HYDRES20DEL02,20.0,5.0,17.483216,78.552111,17.563216,78.632111,25-03-2022,22:40,22:45,Stormy,Low,0,Snack,motorcycle,0.0,No,Urban,20,HYD,South India,22
0x8506,HYDRES16DEL01,20.0,4.7,17.440827,78.393391,17.550827,78.503391,08-03-2022,17:50,18:05,Sandstorms,Medium,2,Buffet,electric_scooter,0.0,No,Urban,27,HYD,South India,17
0x917a,MYSRES13DEL01,21.0,4.6,12.310972,76.659264,12.420972,76.769264,10-03-2022,17:10,17:15,Sunny,Medium,1,Snack,scooter,0.0,No,Urban,17,MYS,South India,17
0xdb2f,KOCRES11DEL02,20.0,4.6,10.006881,76.345397,10.086881,76.425397,12-02-2022,17:45,17:50,Sunny,Medium,1,Buffet,scooter,,No,Urban,13,KOC,South India,17
0x55d7,COIMBRES18DEL01,27.0,4.9,11.02091,76.940432,11.03091,76.950432,07-03-2022,08:10,08:20,Stormy,Low,2,Buffet,electric_scooter,1.0,No,Urban,18,COI,South India,8
0x8ea5,HYDRES13DEL02,35.0,4.7,17.431477,78.40035,17.481477,78.45035,05-04-2022,18:35,18:45,Windy,Medium,0,Buffet,motorcycle,1.0,No,Urban,36,HYD,South India,18
0x1dbe,BANGRES12DEL01,26.0,4.8,12.939496,77.625999,13.009496,77.695999,06-03-2022,17:25,17:40,Fog,Medium,2,Snack,scooter,0.0,No,Urban,30,BAN,South India,17
0x6956,COIMBRES18DEL02,22.0,4.8,11.02091,76.940432,11.15091,77.070432,31-03-2022,21:55,0.916666667,Sandstorms,Jam,1,Meal,motorcycle,1.0,No,Urban,28,COI,South India,21
0x7f2b,BANGRES17DEL03,22.0,4.6,12.972532,77.608179,13.002532,77.638179,17-03-2022,22:25,22:30,Windy,Low,2,Drinks,motorcycle,1.0,No,Urban,17,BAN,South India,22
0x54c4,MYSRES15DEL02,33.0,4.8,12.352058,76.60665,12.432058,76.68665,23-03-2022,19:40,19:55,Fog,Jam,2,Buffet,motorcycle,1.0,No,Urban,40,MYS,South India,19
0x8ad4,CHENRES04DEL03,35.0,4.9,13.02978,80.208812,13.08978,80.268812,15-03-2022,17:55,18:05,Cloudy,Medium,0,Snack,motorcycle,0.0,No,Urban,28,CHE,South India,17
0xad49,HYDRES15DEL03,35.0,4.0,17.45971,78.368855,17.51971,78.428855,09-03-2022,18:15,18:30,Windy,Medium,1,Buffet,scooter,1.0,No,Urban,33,HYD,South India,18
0x2810,COIMBRES17DEL03,39.0,4.7,11.026117,76.944652,11.056117,76.974652,07-03-2022,17:45,17:55,Sandstorms,Medium,1,Snack,scooter,0.0,No,Urban,25,COI,South India,17
0x4eb5,HYDRES18DEL01,23.0,4.8,17.450851,78.379347,17.490851,78.419347,11-03-2022,12:30,12:45,Sandstorms,High,2,Meal,electric_scooter,1.0,No,Urban,18,HYD,South India,12
0x50de,CHENRES16DEL02,29.0,4.6,13.049645,80.242268,13.069645,80.262268,13-03-2022,11:35,11:40,Fog,High,0,Meal,motorcycle,1.0,No,Urban,25,CHE,South India,11
0x5c31,MYSRES18DEL03,37.0,3.5,12.337928,76.617889,12.427928,76.707889,04-04-2022,22:50,23:05,Cloudy,Low,2,Buffet,scooter,1.0,No,Urban,37,MYS,South India,22
0xbbfe,HYDRES03DEL02,28.0,4.8,17.422819,78.449578,17.442819,78.469578,26-03-2022,11:10,11:25,Cloudy,High,1,Buffet,motorcycle,1.0,No,Urban,29,HYD,South India,11
0xb4a2,BANGRES09DEL02,36.0,4.7,12.934179,77.615797,13.014179,77.695797,27-03-2022,23:40,23:45,Sandstorms,Low,2,Meal,scooter,0.0,No,Urban,19,BAN,South India,23
0x1ecd,COIMBRES20DEL03,30.0,4.6337736972250205,10.994136,76.963303,11.024136,76.993303,05-03-2022,17:45,17:50,Stormy,Medium,1,Snack,scooter,,No,Urban,26,COI,South India,17
0x875a,HYDRES16DEL02,23.0,4.9,17.440827,78.393391,17.460827,78.413391,24-03-2022,08:30,08:45,Stormy,Low,2,Drinks,scooter,0.0,No,Urban,12,HYD,South India,8
0x7bea,BANGRES16DEL02,38.0,4.6,13.029198,77.570997,13.109198,77.650997,08-03-2022,22:50,23:05,Sunny,Low,2,Snack,scooter,1.0,No,Urban,25,BAN,South India,22
0x6dac,CHENRES05DEL03,32.0,4.6,13.058616,80.264151,13.088616,80.294151,19-03-2022,22:40,22:55,Fog,Low,0,Snack,motorcycle,1.0,No,Urban,24,CHE,South India,22
0x9224,MYSRES20DEL01,22.0,4.7,12.337978,76.616792,12.377978,76.656792,01-04-2022,14:50,15:05,Stormy,High,2,Meal,scooter,0.0,No,Urban,12,MYS,South India,14
0xb2c9,MYSRES07DEL03,38.0,4.9,12.325461,76.632278,12.385461,76.692278,19-03-2022,17:10,17:20,Fog,Medium,2,Buffet,electric_scooter,1.0,No,Urban,18,MYS,South India,17
0x2f99,COIMBRES19DEL03,35.0,4.6,11.022298,76.998349,11.082298,77.058349,17-03-2022,21:50,21:55,Cloudy,Jam,0,Snack,motorcycle,0.0,No,Urban,30,COI,South India,21
0x8a88,COIMBRES14DEL03,33.0,4.8,11.003681,76.975525,11.063681,77.035525,01-04-2022,21:55,22:05,Fog,Jam,0,Buffet,motorcycle,0.0,No,Urban,26,COI,South India,21
0x6486,MYSRES03DEL02,20.0,4.8,12.299524,76.64262,12.429524,76.77262,12-03-2022,19:15,19:30,Stormy,Jam,1,Drinks,motorcycle,,No,Urban,22,MYS,South India,19
0x8818,COIMBRES06DEL02,39.0,4.8,11.021278,76.995017,11.041278,77.015017,03-03-2022,08:15,08:25,Windy,Low,1,Drinks,motorcycle,0.0,No,Urban,26,COI,South India,8
0x1f46,MYSRES19DEL01,20.0,4.7,12.334022,76.618203,12.344022,76.628203,21-03-2022,11:50,12:05,Stormy,High,1,Drinks,motorcycle,0.0,No,Urban,14,MYS,South India,11
0xa5b4,CHENRES20DEL01,35.0,4.6,12.975996,80.221898,12.985996,80.231898,03-04-2022,09:15,09:30,Cloudy,Low,2,Drinks,electric_scooter,0.0,No,Urban,16,CHE,South India,9
0xb971,HYDRES02DEL02,29.0,4.7,17.41233,78.449654,17.54233,78.579654,10-03-2022,20:50,20:55,Windy,Jam,1,Meal,scooter,1.0,No,Urban,25,HYD,South India,20
0xad51,MYSRES010DEL03,32.0,4.7,12.321214,76.621094,12.351214,76.651094,01-03-2022,18:15,18:25,Stormy,Medium,0,Meal,motorcycle,1.0,No,Urban,30,MYS,South India,18
0xae47,HYDRES05DEL03,25.0,4.8,17.433809,78.386744,17.493809,78.446744,09-03-2022,22:20,22:35,Sunny,Low,2,Snack,scooter,0.0,No,Urban,16,HYD,South India,22
0x7d83,BANGRES07DEL03,39.0,4.8,12.978453,77.643685,13.038453,77.703685,07-03-2022,22:35,22:40,Cloudy,Low,2,Snack,motorcycle,1.0,No,Urban,18,BAN,South India,22
0x3014,CHENRES02DEL01,39.0,4.7,13.086438,80.220672,13.096438,80.230672,19-03-2022,10:20,10:25,Cloudy,Low,0,Meal,motorcycle,0.0,No,Urban,25,CHE,South India,10
0xbe12,BANGRES010DEL03,39.0,4.6,12.933298,77.614293,12.963298,77.644293,28-03-2022,22:30,22:40,Cloudy,Low,0,Drinks,motorcycle,1.0,No,Urban,26,BAN,South India,22
0xdc9d,KOCRES18DEL02,27.0,4.6,9.957144,76.296783,10.007144,76.346783,15-02-2022,17:25,17:30,Stormy,Medium,0,Snack,motorcycle,0.0,No,Urban,29,KOC,South India,17
0x5853,COIMBRES03DEL02,28.0,4.5,11.025083,77.015393,11.075083,77.065393,11-03-2022,19:15,19:30,Windy,Jam,1,Meal,scooter,1.0,No,Urban,12,COI,South India,19
0x2e54,BANGRES07DEL01,34.0,4.5,12.978453,77.643685,13.048453,77.713685,25-03-2022,22:55,0.958333333,Fog,Low,2,Snack,scooter,1.0,No,Urban,31,BAN,South India,22
0x3f69,COIMBRES19DEL02,29.0,4.7,11.022298,76.998349,11.042298,77.018349,19-03-2022,11:10,11:15,Cloudy,High,2,Snack,scooter,1.0,No,Urban,27,COI,South India,11
0x9bb5,MYSRES12DEL01,20.0,4.7,12.284747,76.625861,12.354747,76.695861,14-03-2022,21:35,21:50,Sandstorms,Jam,0,Snack,motorcycle,1.0,No,Urban,26,MYS,South India,21
0x59dd,MYSRES16DEL03,34.0,4.8,12.316967,76.603067,12.406967,76.693067,23-03-2022,19:50,19:55,Sandstorms,Jam,1,Snack,motorcycle,1.0,No,Urban,29,MYS,South India,19
0x1ab0,CHENRES03DEL02,25.0,5.0,13.091809,80.219104,13.141809,80.269104,03-03-2022,21:15,21:25,Windy,Jam,1,Buffet,motorcycle,1.0,No,Urban,13,CHE,South India,21
0x2a45,BANGRES04DEL01,24.0,4.6,12.98041,77.640489,13.05041,77.710489,04-04-2022,23:55,24:10:00,Windy,Low,1,Snack,motorcycle,1.0,No,Urban,15,BAN,South India,23
0x6353,HYDRES06DEL01,37.0,5.0,17.455894,78.375467,17.495894,78.415467,24-03-2022,14:55,0.625,Stormy,High,1,Drinks,motorcycle,0.0,No,Urban,26,HYD,South India,14
0xb18c,MYSRES05DEL02,36.0,4.7,12.323978,76.627961,12.453978,76.757961,02-04-2022,21:35,21:50,Sunny,Jam,1,Meal,motorcycle,1.0,No,Urban,17,MYS,South India,21
0x4339,COIMBRES11DEL02,29.0,5.0,11.001753,76.986241,11.131753,77.116241,12-03-2022,23:15,23:30,Windy,Low,1,Buffet,motorcycle,1.0,No,Urban,12,COI,South India,23
0xd33d,KOCRES05DEL03,39.0,4.5,9.970717,76.285447,10.000717,76.315447,15-02-2022,22:10,22:20,Stormy,Low,1,Buffet,scooter,1.0,No,Urban,24,KOC,South India,22
0x3f93,COIMBRES19DEL03,31.0,4.2,11.022298,76.998349,11.082298,77.058349,28-03-2022,21:15,21:30,Cloudy,Jam,1,Snack,scooter,1.0,No,Urban,37,COI,South India,21
0x4109,HYDRES09DEL03,39.0,4.7,17.431668,78.408321,17.491668,78.468321,28-03-2022,18:35,18:40,Sandstorms,Medium,2,Snack,scooter,1.0,No,Urban,27,HYD,South India,18
0x19be,MYSRES17DEL02,37.0,4.8,12.326356,76.619103,12.406356,76.699103,23-03-2022,17:20,17:35,Stormy,Medium,1,Meal,scooter,1.0,No,Urban,30,MYS,South India,17
0xb7fd,HYDRES06DEL02,26.0,4.7,17.455894,78.375467,17.505894,78.425467,30-03-2022,20:40,20:45,Fog,Jam,2,Meal,scooter,1.0,No,Urban,24,HYD,South India,20
0x6120,BANGRES03DEL03,34.0,4.8,12.979166,77.640709,13.069166,77.730709,02-04-2022,23:30,23:40,Windy,Low,0,Drinks,motorcycle,1.0,No,Urban,20,BAN,South India,23
0xb81c,MYSRES16DEL03,29.0,4.6,12.316967,76.603067,12.376967,76.663067,07-03-2022,17:25,17:35,Windy,Medium,1,Meal,scooter,0.0,No,Urban,26,MYS,South India,17
0x5a85,MYSRES20DEL02,35.0,4.1,12.337978,76.616792,12.387978,76.666792,13-03-2022,19:15,19:30,Cloudy,Jam,0,Buffet,motorcycle,1.0,No,Urban,31,MYS,South India,19
0x8de3,COIMBRES01DEL02,21.0,4.8,11.016298,76.972076,11.036298,76.992076,09-03-2022,08:20,08:35,Stormy,Low,1,Buffet,scooter,0.0,,Urban,10,COI,South India,8
0x9d29,CHENRES08DEL02,31.0,4.9,13.022394,80.242439,13.042394,80.262439,17-03-2022,08:30,08:45,Stormy,Low,2,Meal,scooter,0.0,No,Urban,20,CHE,South India,8
0x62d1,HYDRES04DEL01,29.0,4.8,17.411028,78.329645,17.481028,78.399645,31-03-2022,21:30,21:35,Stormy,Jam,1,Snack,motorcycle,1.0,No,Urban,25,HYD,South India,21
0x514a,CHENRES05DEL01,22.0,4.8,13.058616,80.264151,13.068616,80.274151,03-04-2022,10:40,10:45,Sunny,Low,1,Buffet,motorcycle,1.0,No,Urban,15,CHE,South India,10
0x71fe,MYSRES08DEL02,30.0,4.5,12.297954,76.665169,12.427954,76.795169,16-03-2022,18:30,18:40,Windy,Medium,2,Drinks,scooter,1.0,No,Urban,37,MYS,South India,18
0x6d27,BANGRES18DEL01,25.0,4.5,12.913041,77.683237,12.953041,77.723237,05-03-2022,13:15,13:25,Stormy,High,2,Drinks,scooter,0.0,No,Urban,12,BAN,South India,13
0x3ec8,MYSRES010DEL01,27.0,4.6,12.321214,76.621094,12.331214,76.631094,03-04-2022,09:35,09:40,Stormy,Low,2,Buffet,scooter,0.0,No,Urban,19,MYS,South India,9
0x4b9a,BANGRES14DEL02,37.0,4.7,12.949934,77.699386,12.969934,77.719386,09-03-2022,09:55,10:10,Sunny,Low,0,Buffet,motorcycle,1.0,No,Urban,23,BAN,South India,9
0x36a7,MYSRES15DEL03,36.0,5.0,12.352058,76.60665,12.412058,76.66665,01-04-2022,18:45,18:55,Sunny,Medium,0,Drinks,motorcycle,1.0,No,Urban,21,MYS,South India,18
0x2cdd,MYSRES010DEL01,23.0,4.6,12.321214,76.621094,12.361214,76.661094,03-03-2022,15:15,15:20,Fog,Medium,1,Snack,motorcycle,0.0,No,Urban,14,MYS,South India,15
0x8e4c,CHENRES19DEL02,35.0,4.6,12.986047,80.218114,13.006047,80.238114,30-03-2022,10:50,0.458333333,Fog,Low,2,Drinks,electric_scooter,1.0,No,Urban,16,CHE,South India,10
0x4efa,MYSRES06DEL01,22.0,4.8,12.323994,76.626167,12.333994,76.636167,01-04-2022,09:35,09:50,Sunny,Low,2,Meal,electric_scooter,1.0,No,Urban,20,MYS,South India,9
0x29da,CHENRES04DEL02,31.0,4.9,13.02978,80.208812,13.04978,80.228812,13-03-2022,11:40,11:55,Sandstorms,High,0,Snack,motorcycle,0.0,No,Urban,37,CHE,South India,11
0x2513,MYSRES11DEL03,37.0,4.6,12.323225,76.630028,12.353225,76.660028,28-03-2022,18:25,18:30,Cloudy,Medium,2,Buffet,electric_scooter,1.0,No,Urban,16,MYS,South India,18
0x7edb,BANGRES11DEL01,35.0,4.5,12.934365,77.616155,12.974365,77.656155,17-03-2022,15:20,15:30,Stormy,Medium,0,Meal,motorcycle,1.0,No,Urban,28,BAN,South India,15
0x68d1,HYDRES18DEL01,29.0,4.6,17.450851,78.379347,17.460851,78.389347,17-03-2022,08:15,08:25,Sunny,Low,0,Buffet,motorcycle,0.0,No,Urban,10,HYD,South India,8
0xa882,CHENRES20DEL03,38.0,4.8,12.975996,80.221898,13.065996,80.311898,16-03-2022,22:25,22:35,Sandstorms,Low,0,Drinks,motorcycle,1.0,No,Urban,20,CHE,South India,22
0x1a58,CHENRES20DEL02,39.0,4.9,12.975996,80.221898,12.995996,80.241898,21-03-2022,10:10,10:25,Sunny,Low,0,Meal,motorcycle,0.0,No,Urban,22,CHE,South India,10
0x7728,MYSRES02DEL03,22.0,5.0,12.304569,76.643622,12.364569,76.703622,09-03-2022,20:15,20:25,Fog,Jam,0,Meal,motorcycle,,No,Urban,24,MYS,South India,20
0xbd72,BANGRES05DEL01,22.0,4.7,12.970324,77.645748,13.040324,77.715748,08-03-2022,21:55,22:05,Windy,Jam,0,Drinks,motorcycle,1.0,No,Urban,36,BAN,South India,21
0xafd6,COIMBRES18DEL03,34.0,4.6,11.02091,76.940432,11.08091,77.000432,13-03-2022,23:35,23:40,Cloudy,Low,2,Meal,motorcycle,1.0,No,Urban,18,COI,South India,23
0xa1a3,HYDRES07DEL02,38.0,4.6,17.424114,78.347554,17.474114,78.397554,05-04-2022,17:55,18:05,Windy,Medium,1,Meal,motorcycle,1.0,No,Urban,28,HYD,South India,17
0xb07b,CHENRES20DEL01,23.0,4.8,12.975996,80.221898,13.015996,80.261898,30-03-2022,12:20,12:35,Stormy,High,2,Meal,scooter,0.0,No,Urban,12,CHE,South India,12
0xa283,HYDRES12DEL02,35.0,4.7,17.429585,78.392621,17.509585,78.472621,31-03-2022,22:50,22:55,Stormy,Low,0,Drinks,motorcycle,1.0,No,Urban,28,HYD,South India,22
0x655e,MYSRES20DEL01,22.0,5.0,12.337978,76.616792,12.407978,76.686792,10-03-2022,20:30,20:40,Fog,Jam,1,Buffet,scooter,1.0,No,Urban,31,MYS,South India,20
0x8e4a,BANGRES04DEL03,38.0,4.6,12.98041,77.640489,13.07041,77.730489,23-03-2022,22:45,22:50,Stormy,Low,0,Drinks,motorcycle,1.0,No,Urban,24,BAN,South India,22
0x2cfc,HYDRES08DEL03,20.0,4.8,17.438263,78.397865,17.468263,78.427865,03-03-2022,18:15,18:20,Windy,Medium,2,Drinks,scooter,1.0,No,Urban,23,HYD,South India,18
0x73e5,COIMBRES17DEL02,38.0,4.5,11.026117,76.944652,11.156117,77.074652,31-03-2022,23:30,23:40,Cloudy,Low,2,Snack,electric_scooter,1.0,No,Urban,35,COI,South India,23
0x5450,BANGRES05DEL01,22.0,4.7,12.970324,77.645748,13.010324,77.685748,01-03-2022,15:20,15:30,Stormy,Medium,2,Snack,scooter,1.0,No,Urban,22,BAN,South India,15
0x750e,COIMBRES04DEL02,35.0,5.0,11.024839,77.007003,11.044839,77.027003,17-03-2022,11:40,11:45,Sandstorms,High,0,Meal,motorcycle,1.0,No,Urban,32,COI,South India,11
0x878f,HYDRES08DEL02,36.0,4.8,17.438263,78.397865,17.488263,78.447865,05-03-2022,20:45,20:55,Stormy,Jam,2,Snack,scooter,1.0,No,Urban,30,HYD,South India,20
0x49cd,HYDRES03DEL03,23.0,4.8,17.422819,78.449578,17.482819,78.509578,26-03-2022,20:40,20:55,Windy,Jam,1,Meal,scooter,0.0,No,Urban,19,HYD,South India,20
0xe054,KOCRES18DEL02,29.0,4.7,9.957144,76.296783,10.087144,76.426783,16-02-2022,23:40,23:45,Stormy,Low,0,Snack,motorcycle,1.0,No,Urban,19,KOC,South India,23
0x5a0e,CHENRES12DEL01,34.0,4.3,12.972793,80.249982,13.012793,80.289982,24-03-2022,15:40,15:45,Sandstorms,Medium,1,Buffet,motorcycle,1.0,No,Urban,32,CHE,South India,15
0x6d65,HYDRES03DEL01,32.0,4.6,17.422819,78.449578,17.432819,78.459578,11-03-2022,10:45,10:50,Fog,Low,2,Buffet,motorcycle,1.0,No,Urban,15,HYD,South India,10
0x7b0e,CHENRES02DEL03,31.0,4.5,13.086438,80.220672,13.146439,80.280672,07-03-2022,17:20,17:35,Cloudy,Medium,1,Buffet,scooter,1.0,No,Urban,17,CHE,South India,17
0x9641,MYSRES18DEL02,29.0,4.6,12.337928,76.617889,12.417928,76.697889,27-03-2022,22:10,22:20,Sandstorms,Low,1,Drinks,motorcycle,0.0,No,Urban,16,MYS,South India,22
0x4997,BANGRES19DEL01,27.0,5.0,12.914264,77.6784,13.024264,77.7884,04-04-2022,22:25,22:40,Sandstorms,Low,0,Buffet,motorcycle,0.0,No,Urban,17,BAN,South India,22
0x61a8,HYDRES12DEL02,28.0,4.6,17.429585,78.392621,17.449585,78.412621,03-03-2022,10:10,10:20,Sunny,Low,0,Drinks,motorcycle,1.0,No,Urban,15,HYD,South India,10
0x56f3,MYSRES14DEL02,28.0,4.8,0.0,0.0,0.05,0.05,17-03-2022,17:30,17:45,Windy,Medium,0,Snack,motorcycle,0.0,No,Urban,14,MYS,South India,17
0xcbd,MYSRES11DEL02,29.0,5.0,12.323225,76.630028,12.343225,76.650028,28-03-2022,08:25,08:30,Fog,Low,0,Buffet,motorcycle,1.0,No,Urban,15,MYS,South India,8
0xad43,BANGRES05DEL03,28.0,4.2,12.970324,77.645748,13.030324,77.705748,01-03-2022,21:45,0.916666667,Windy,Jam,0,Drinks,motorcycle,1.0,No,Urban,35,BAN,South India,21
0x898f,BANGRES13DEL02,27.0,4.8,12.935662,77.61413,12.985662,77.66413,19-03-2022,22:55,0.958333333,Sandstorms,Low,2,Drinks,motorcycle,0.0,No,Urban,12,BAN,South India,22
0xc6bf,KOCRES09DEL02,27.0,4.7,10.000706,76.349516,10.050706,76.399516,17-02-2022,18:40,18:45,Fog,Medium,1,Buffet,scooter,1.0,No,Urban,15,KOC,South India,18
0xbe4,CHENRES17DEL02,30.0,4.6337736972250205,13.045479,80.23311,13.095479,80.28311,11-03-2022,20:45,20:50,Sunny,Jam,2,Snack,electric_scooter,,,Urban,14,CHE,South India,20
0xa264,MYSRES18DEL03,30.0,4.8,12.337928,76.617889,12.427928,76.707889,04-03-2022,17:15,17:30,Fog,Medium,0,Snack,motorcycle,1.0,Yes,Urban,40,MYS,South India,17
0x771c,CHENRES15DEL02,38.0,4.5,13.026286,80.275235,13.106286,80.355235,06-04-2022,21:30,21:45,Stormy,Jam,2,Drinks,scooter,1.0,No,Urban,38,CHE,South India,21
0x1e88,CHENRES06DEL01,20.0,4.5,13.054347,80.257221,13.124347,80.327221,02-04-2022,19:25,19:35,Sunny,Jam,2,Snack,scooter,0.0,No,Urban,10,CHE,South India,19
0xa47e,HYDRES16DEL03,38.0,4.8,17.440827,78.393391,17.500827,78.453391,07-03-2022,18:50,18:55,Fog,Medium,1,Snack,motorcycle,0.0,No,Urban,18,HYD,South India,18
0x263b,COIMBRES02DEL01,22.0,4.7,11.022477,76.995667,11.062477,77.035667,03-04-2022,15:35,15:50,Windy,Medium,2,Drinks,scooter,1.0,No,Urban,27,COI,South India,15
0x3335,BANGRES18DEL03,22.0,4.9,12.913041,77.683237,12.943041,77.713237,24-03-2022,23:25,23:35,Stormy,Low,2,Meal,motorcycle,0.0,,Urban,11,BAN,South India,23
0x272f,MYSRES09DEL03,38.0,4.9,12.323194,76.630583,12.353194,76.660583,05-03-2022,17:20,17:25,Fog,Medium,2,Meal,scooter,0.0,No,Urban,17,MYS,South India,17
0x20e2,COIMBRES14DEL03,26.0,5.0,11.003681,76.975525,11.033681,77.005525,13-03-2022,23:15,23:30,Sandstorms,Low,2,Buffet,electric_scooter,0.0,No,Urban,10,COI,South India,23
0x7734,CHENRES05DEL02,32.0,4.5,13.058616,80.264151,13.108616,80.314151,11-03-2022,22:45,22:55,Sandstorms,Low,0,Snack,motorcycle,0.0,No,Urban,29,CHE,South India,22
0x92de,MYSRES13DEL01,20.0,4.6,12.310972,76.659264,12.420972,76.769264,27-03-2022,22:15,22:25,Stormy,Low,1,Buffet,scooter,1.0,No,Urban,12,MYS,South India,22
0x95ca,BANGRES16DEL01,26.0,4.8,13.029198,77.570997,13.069198,77.610997,07-03-2022,15:55,16:10,Cloudy,Medium,0,Buffet,motorcycle,0.0,No,Urban,20,BAN,South India,15
0x5b89,MYSRES13DEL02,27.0,4.6,12.310972,76.659264,12.330972,76.679264,05-03-2022,11:25,11:40,Stormy,High,1,Buffet,motorcycle,1.0,,Urban,12,MYS,South India,11
0xa2f6,HYDRES03DEL02,20.0,4.7,17.422819,78.449578,17.502819,78.529578,12-03-2022,21:10,21:15,Sandstorms,Jam,2,Snack,motorcycle,1.0,No,Urban,19,HYD,South India,21
0xae09,MYSRES03DEL02,21.0,4.7,12.299524,76.64262,12.379524,76.72262,29-03-2022,23:40,23:50,Stormy,Low,2,Meal,motorcycle,1.0,No,Urban,17,MYS,South India,23
0x81c4,COIMBRES20DEL03,35.0,4.8,10.994136,76.963303,11.024136,76.993303,30-03-2022,20:30,20:35,Windy,Jam,1,Meal,motorcycle,0.0,No,Urban,26,COI,South India,20
0x2fad,CHENRES13DEL02,36.0,4.5,13.027018,80.254791,13.107018,80.334791,16-03-2022,17:50,18:05,Sandstorms,Medium,2,Drinks,electric_scooter,1.0,No,Urban,35,CHE,South India,17
0x4697,CHENRES09DEL02,27.0,4.9,13.044694,80.26147,13.174694,80.39147,02-03-2022,20:25,20:35,Sandstorms,Jam,0,Snack,motorcycle,1.0,No,Urban,28,CHE,South India,20
0x9737,BANGRES06DEL03,26.0,4.6,12.979096,77.640625,13.069096,77.730625,23-03-2022,21:40,21:45,Stormy,Jam,1,Drinks,scooter,0.0,No,Urban,20,BAN,South India,21
0x4e57,MYSRES12DEL03,39.0,4.9,12.284747,76.625861,12.344747,76.685861,17-03-2022,22:40,22:55,Fog,Low,0,Buffet,motorcycle,1.0,No,Urban,23,MYS,South India,22
0x4eee,COIMBRES07DEL02,39.0,4.9,10.96185,76.971082,11.01185,77.021082,05-03-2022,18:25,18:35,Cloudy,Medium,2,Buffet,scooter,1.0,No,Urban,17,COI,South India,18
0x5910,COIMBRES02DEL03,23.0,4.9,11.022477,76.995667,11.082477,77.055667,28-03-2022,19:45,19:55,Sandstorms,Jam,0,Meal,motorcycle,0.0,No,Urban,27,COI,South India,19
0x3899,MYSRES04DEL03,30.0,4.6,12.3085,76.665808,12.3385,76.695808,26-03-2022,22:50,0.958333333,Cloudy,Low,0,Buffet,motorcycle,1.0,No,Urban,25,MYS,South India,22
0x38e5,HYDRES12DEL02,23.0,4.7,17.429585,78.392621,17.509585,78.472621,18-03-2022,20:35,20:50,Sunny,Jam,2,Drinks,scooter,1.0,No,Urban,10,HYD,South India,20
0x4cfc,HYDRES18DEL01,23.0,4.8,17.450851,78.379347,17.520851,78.449347,06-03-2022,20:45,0.875,Fog,Jam,0,Meal,motorcycle,1.0,No,Urban,42,HYD,South India,20
0x2e18,MYSRES18DEL02,29.0,4.8,12.337928,76.617889,12.467928,76.747889,14-03-2022,19:25,19:30,Sunny,Jam,1,Drinks,scooter,1.0,No,Urban,10,MYS,South India,19
0xb23d,CHENRES12DEL01,34.0,4.7,12.972793,80.249982,13.082793,80.359982,16-03-2022,23:50,23:55,Sunny,Low,0,Buffet,motorcycle,1.0,No,Urban,25,CHE,South India,23
0x2149,BANGRES18DEL03,34.0,4.5,12.913041,77.683237,12.973041,77.743237,09-03-2022,19:40,19:45,Stormy,Jam,1,Buffet,scooter,0.0,No,Urban,30,BAN,South India,19
0x5031,HYDRES19DEL03,29.0,4.7,17.458998,78.500366,17.488998,78.530366,05-04-2022,19:10,19:15,Windy,Jam,0,Snack,motorcycle,1.0,No,Urban,20,HYD,South India,19
0x41fc,CHENRES13DEL02,29.0,4.7,13.027018,80.254791,13.107018,80.334791,04-04-2022,22:30,22:45,Windy,Low,1,Buffet,motorcycle,,No,Urban,15,CHE,South India,22
0x72f1,COIMBRES08DEL02,38.0,4.2,11.001852,76.976268,11.081852,77.056268,27-03-2022,20:25,20:30,Sandstorms,Jam,2,Drinks,motorcycle,1.0,No,Urban,40,COI,South India,20
0x1781,MYSRES010DEL03,22.0,4.5,12.321214,76.621094,12.381214,76.681094,17-03-2022,21:25,21:30,Fog,Jam,1,Meal,scooter,0.0,No,Urban,24,MYS,South India,21
0x4e1a,BANGRES20DEL03,38.0,4.9,12.972161,77.596014,13.032161,77.656014,28-03-2022,22:55,23:10,Cloudy,Low,1,Meal,motorcycle,0.0,No,Urban,18,BAN,South India,22
0x4bc2,COIMBRES09DEL02,37.0,4.8,11.008638,76.984311,11.028638,77.004311,01-04-2022,09:35,09:45,Fog,Low,1,Meal,scooter,1.0,No,Urban,19,COI,South India,9
0x2b14,BANGRES04DEL03,27.0,4.1,12.98041,77.640489,13.01041,77.670489,05-03-2022,22:30,22:40,Windy,Low,0,Buffet,motorcycle,1.0,No,Urban,22,BAN,South India,22
0x2dc8,CHENRES01DEL02,27.0,4.9,13.005801,80.250744,13.085801,80.330744,04-04-2022,19:50,0.833333333,Windy,Jam,1,Drinks,motorcycle,1.0,No,Urban,24,CHE,South India,19
0x25f9,BANGRES07DEL02,32.0,5.0,12.978453,77.643685,13.058453,77.723685,23-03-2022,17:30,17:45,Windy,Medium,1,Drinks,motorcycle,1.0,No,Urban,20,BAN,South India,17
0xa7fb,HYDRES07DEL01,38.0,5.0,17.424114,78.347554,17.534114,78.457554,16-03-2022,20:25,20:40,Fog,Jam,1,Drinks,scooter,1.0,No,Urban,39,HYD,South India,20
0x8c6b,COIMBRES11DEL02,23.0,4.9,11.001753,76.986241,11.131753,77.116241,10-03-2022,17:55,0.75,Windy,Medium,1,Buffet,motorcycle,0.0,No,Urban,22,COI,South India,17
0x3a60,CHENRES08DEL03,21.0,4.8,13.022394,80.242439,13.082394,80.302439,09-03-2022,19:30,19:35,Stormy,Jam,1,Meal,scooter,1.0,No,Urban,16,CHE,South India,19
0x7f90,HYDRES01DEL01,35.0,3.8,17.410371,78.437225,17.480371,78.507225,18-03-2022,19:25,19:40,Sandstorms,Jam,1,Buffet,motorcycle,1.0,No,Urban,34,HYD,South India,19
0x6782,HYDRES02DEL03,26.0,3.7,17.41233,78.449654,17.44233,78.479654,07-03-2022,19:55,0.833333333,Sunny,Jam,0,Buffet,motorcycle,1.0,No,Urban,42,HYD,South India,19
0x3cce,HYDRES17DEL02,30.0,4.6,17.451976,78.385883,17.531976,78.465883,12-03-2022,21:40,21:55,Fog,Jam,0,Buffet,motorcycle,0.0,No,Urban,43,HYD,South India,21
0x9277,HYDRES18DEL03,21.0,4.6,17.450851,78.379347,17.480851,78.409347,09-03-2022,22:15,22:20,Stormy,Low,1,Snack,scooter,0.0,No,Urban,16,HYD,South India,22
0xacfd,HYDRES05DEL02,27.0,4.3,17.433809,78.386744,17.453809,78.406744,19-03-2022,08:25,08:35,Sandstorms,Low,0,Snack,motorcycle,0.0,No,Urban,28,HYD,South India,8
0x543f,HYDRES15DEL02,25.0,4.8,17.45971,78.368855,17.47971,78.388855,30-03-2022,08:45,08:50,Cloudy,Low,2,Buffet,scooter,0.0,No,Urban,12,HYD,South India,8
0x51b9,HYDRES20DEL01,29.0,4.9,17.483216,78.552111,17.553216,78.622111,20-03-2022,19:15,19:25,Fog,Jam,0,Snack,motorcycle,1.0,No,Urban,39,HYD,South India,19
0x767e,HYDRES08DEL02,20.0,4.8,17.438263,78.397865,17.458263,78.417865,26-03-2022,11:25,11:30,Sunny,High,2,Snack,motorcycle,1.0,No,Urban,15,HYD,South India,11
0x614f,COIMBRES010DEL01,36.0,4.6,11.003008,76.97544,11.013008,76.98544,11-03-2022,11:40,11:55,Sandstorms,High,0,Snack,motorcycle,2.0,No,Urban,38,COI,South India,11
0xaf96,CHENRES17DEL01,39.0,3.5,13.045479,80.23311,13.155479,80.34311,06-04-2022,19:10,19:20,Sandstorms,Jam,1,Buffet,motorcycle,1.0,No,Urban,34,CHE,South India,19
0x3259,MYSRES11DEL03,20.0,4.8,12.323225,76.630028,12.383225,76.690028,13-03-2022,22:10,22:25,Stormy,Low,2,Snack,scooter,0.0,No,Urban,16,MYS,South India,22
0xbaf1,MYSRES07DEL01,25.0,4.9,12.325461,76.632278,12.435461,76.742278,04-03-2022,23:45,23:55,Sandstorms,Low,1,Meal,scooter,0.0,No,Urban,10,MYS,South India,23
0x7256,COIMBRES08DEL02,31.0,4.4,11.001852,76.976268,11.081852,77.056268,20-03-2022,18:10,18:20,Windy,Medium,0,Snack,motorcycle,1.0,No,Urban,44,COI,South India,18
0xbc71,MYSRES03DEL01,24.0,4.1,12.299524,76.64262,12.309524,76.65262,01-03-2022,08:45,08:50,Sandstorms,Low,0,Buffet,motorcycle,1.0,No,Urban,28,MYS,South India,8
0xa6ec,BANGRES19DEL03,32.0,4.6,12.914264,77.6784,12.974264,77.7384,28-03-2022,21:30,21:40,Windy,Jam,1,Meal,scooter,1.0,No,Urban,27,BAN,South India,21
0x6f09,COIMBRES11DEL02,20.0,4.5,11.001753,76.986241,11.051753,77.036241,26-03-2022,21:50,22:05,Windy,Jam,2,Drinks,motorcycle,0.0,No,Urban,18,COI,South India,21
0x6609,CHENRES11DEL02,36.0,4.8,13.064181,80.236442,13.114181,80.286442,26-03-2022,23:20,23:25,Sandstorms,Low,1,Drinks,scooter,1.0,No,Urban,26,CHE,South India,23
0x64d9,HYDRES010DEL03,33.0,3.9,17.428294,78.404423,17.518294,78.494423,12-03-2022,21:35,21:45,Sunny,Jam,2,Snack,scooter,1.0,No,Urban,31,HYD,South India,21
0x3256,COIMBRES010DEL01,37.0,4.7,11.003008,76.97544,11.043008,77.01544,11-03-2022,15:50,16:05,Sandstorms,Medium,0,Buffet,motorcycle,0.0,No,Urban,29,COI,South India,15
0x96cd,MYSRES06DEL01,24.0,4.6,12.323994,76.626167,12.433994,76.736167,16-03-2022,18:45,18:55,Stormy,Medium,2,Snack,electric_scooter,1.0,No,Urban,15,MYS,South India,18
0x84f,HYDRES03DEL03,32.0,4.1,17.422819,78.449578,17.452819,78.479578,03-04-2022,21:20,21:35,Stormy,Jam,0,Snack,motorcycle,0.0,No,Urban,43,HYD,South India,21
0x1a25,CHENRES07DEL01,24.0,4.8,13.081878,80.248519,13.191878,80.358519,14-03-2022,22:45,22:50,Sandstorms,Low,1,Meal,motorcycle,0.0,No,Urban,11,CHE,South India,22
0x8d0,BANGRES18DEL02,26.0,4.7,12.913041,77.683237,13.043041,77.813237,02-04-2022,21:45,21:50,Windy,Jam,2,Meal,scooter,0.0,No,Urban,16,BAN,South India,21
0x8a4e,BANGRES13DEL02,23.0,4.9,12.935662,77.61413,12.985662,77.66413,01-03-2022,22:40,22:50,Windy,Low,2,Meal,scooter,1.0,No,Urban,10,BAN,South India,22
0x79b6,CHENRES06DEL02,29.0,4.5,13.054347,80.257221,13.184347,80.387221,29-03-2022,17:25,17:30,Fog,Medium,2,Buffet,scooter,1.0,No,Urban,26,CHE,South India,17
0x657d,COIMBRES11DEL02,37.0,4.4,11.001753,76.986241,11.051753,77.036241,13-03-2022,21:30,21:45,Fog,Jam,2,Buffet,electric_scooter,1.0,No,Urban,37,COI,South India,21
0x4da8,MYSRES20DEL02,29.0,4.6,12.337978,76.616792,12.357978,76.636792,17-03-2022,09:30,09:45,Stormy,Low,1,Buffet,scooter,0.0,No,Urban,11,MYS,South India,9
0x430b,HYDRES04DEL01,37.0,4.5,17.411028,78.329645,17.521028,78.439645,14-03-2022,23:45,1,Fog,Low,1,Buffet,motorcycle,0.0,No,Urban,37,HYD,South India,23
0x1707,COIMBRES17DEL01,31.0,4.7,11.026117,76.944652,11.036117,76.954652,01-03-2022,09:25,09:35,Sunny,Low,1,Buffet,scooter,1.0,No,Urban,19,COI,South India,9
0x2dea,HYDRES19DEL01,20.0,4.7,17.458998,78.500366,17.468998,78.510366,05-03-2022,09:10,09:20,Windy,Low,1,Drinks,motorcycle,0.0,,Urban,13,HYD,South India,9
0xd2b8,KOCRES06DEL02,26.0,4.8,9.982834,76.283268,10.002834,76.303268,15-02-2022,10:40,10:50,Fog,Low,1,Meal,motorcycle,1.0,No,Urban,19,KOC,South India,10
0x7678,BANGRES09DEL01,39.0,3.5,12.934179,77.615797,13.044179,77.725797,02-03-2022,22:35,22:50,Cloudy,Low,2,Snack,scooter,1.0,No,Urban,32,BAN,South India,22
0x751e,CHENRES05DEL02,35.0,4.9,13.058616,80.264151,13.188616,80.394151,04-03-2022,19:25,19:30,Fog,Jam,0,Drinks,motorcycle,1.0,No,Urban,42,CHE,South India,19
0x67e0,CHENRES010DEL03,21.0,4.6,13.066762,80.251865,13.126762,80.311865,05-04-2022,20:40,20:55,Cloudy,Jam,0,Buffet,motorcycle,1.0,No,Urban,29,CHE,South India,20
0x1116,BANGRES20DEL01,28.0,4.9,12.972161,77.596014,13.082161,77.706014,14-03-2022,21:55,22:10,Sunny,Jam,1,Snack,motorcycle,0.0,No,Urban,11,BAN,South India,21
0x16db,CHENRES12DEL01,21.0,4.6,12.972793,80.249982,13.082793,80.359982,14-03-2022,23:25,23:40,Cloudy,Low,0,Drinks,motorcycle,1.0,No,Urban,24,CHE,South India,23
0x832d,CHENRES20DEL03,20.0,5.0,12.975996,80.221898,13.065996,80.311898,04-03-2022,23:50,24:05:00,Fog,Low,1,Meal,scooter,1.0,No,Urban,24,CHE,South India,23
0x4927,CHENRES15DEL01,36.0,4.9,13.026286,80.275235,13.136286,80.385235,18-03-2022,22:40,22:55,Sandstorms,Low,0,Drinks,motorcycle,1.0,No,Urban,23,CHE,South India,22
0x6087,MYSRES09DEL02,21.0,4.5,12.323194,76.630583,12.373194,76.680583,17-03-2022,21:55,22:05,Sunny,Jam,0,Drinks,motorcycle,0.0,No,Urban,41,MYS,South India,21
0x48c9,HYDRES15DEL01,20.0,4.6,17.45971,78.368855,17.56971,78.478855,29-03-2022,19:15,19:25,Sunny,Jam,2,Drinks,scooter,0.0,No,Urban,19,HYD,South India,19
0x7e91,BANGRES12DEL02,30.0,4.7,12.939496,77.625999,13.069496,77.755999,14-03-2022,17:15,17:25,Sunny,Medium,2,Buffet,scooter,1.0,No,Urban,24,BAN,South India,17
0xdfb0,KOCRES02DEL02,24.0,4.8,10.028047,76.310019,10.078047,76.360019,13-02-2022,23:40,23:50,Sunny,Low,1,Drinks,motorcycle,1.0,No,Urban,16,KOC,South India,23
0x25a4,CHENRES07DEL03,29.0,4.9,13.081878,80.248519,13.171878,80.338519,31-03-2022,22:25,22:35,Fog,Low,2,Snack,electric_scooter,0.0,No,Urban,27,CHE,South India,22
0x9202,COIMBRES06DEL01,25.0,4.6,11.021278,76.995017,11.061278,77.035017,24-03-2022,13:25,13:40,Cloudy,High,2,Snack,motorcycle,1.0,No,Urban,26,COI,South India,13
0xb52b,HYDRES17DEL03,24.0,4.9,17.451976,78.385883,17.511976,78.445883,01-04-2022,23:40,23:55,Sunny,Low,2,Drinks,scooter,1.0,No,Urban,16,HYD,South India,23
0x8f23,COIMBRES12DEL02,27.0,4.5,11.000762,76.981876,11.050762,77.031876,19-03-2022,18:50,18:55,Sunny,Medium,2,Drinks,motorcycle,0.0,No,Urban,18,COI,South India,18
0x337a,HYDRES08DEL02,32.0,4.8,17.438263,78.397865,17.458263,78.417865,03-03-2022,11:15,11:25,Sunny,High,2,Meal,motorcycle,1.0,No,Urban,20,HYD,South India,11
0xa71d,MYSRES09DEL02,31.0,4.6,12.323194,76.630583,12.453194,76.760583,10-03-2022,18:15,18:30,Sunny,Medium,2,Meal,motorcycle,0.0,No,Urban,25,MYS,South India,18
0xa3e5,COIMBRES14DEL02,26.0,4.8,11.003681,76.975525,11.023681,76.995525,11-03-2022,10:40,10:50,Fog,Low,0,Meal,motorcycle,1.0,No,Urban,21,COI,South India,10
0x904d,MYSRES12DEL01,25.0,4.5,12.284747,76.625861,12.294747,76.635861,13-03-2022,10:25,10:35,Cloudy,Low,2,Buffet,electric_scooter,1.0,No,Urban,16,MYS,South India,10
0xd2dc,KOCRES17DEL02,28.0,4.9,9.959778,76.296106,9.979778,76.316106,17-02-2022,10:40,10:45,Sunny,Low,0,Drinks,motorcycle,1.0,No,Urban,14,KOC,South India,10
0x9c22,CHENRES08DEL02,30.0,4.8,13.022394,80.242439,13.152394,80.372439,04-04-2022,22:25,22:35,Fog,Low,2,Snack,scooter,0.0,No,Urban,26,CHE,South India,22
0x4078,CHENRES15DEL03,21.0,4.6,13.026286,80.275235,13.116286,80.365235,02-04-2022,22:15,22:20,Stormy,Low,2,Drinks,scooter,1.0,No,Urban,13,CHE,South India,22
0xbd1e,COIMBRES010DEL03,22.0,4.8,11.003008,76.97544,11.063009,77.03544,07-03-2022,19:40,19:55,Sunny,Jam,1,Meal,scooter,0.0,No,Urban,13,COI,South India,19
0x2ce6,HYDRES12DEL03,37.0,4.8,17.429585,78.392621,17.519585,78.482621,31-03-2022,19:40,19:50,Sandstorms,Jam,1,Snack,motorcycle,0.0,No,Urban,29,HYD,South India,19
0x8bf,COIMBRES19DEL01,30.0,4.6337736972250205,11.022298,76.998349,11.132298,77.108349,10-03-2022,17:35,17:50,Fog,Medium,1,Meal,motorcycle,0.0,No,Urban,30,COI,South India,17
0x690c,BANGRES19DEL03,38.0,4.3,12.914264,77.6784,13.004264,77.7684,08-03-2022,20:25,20:35,Stormy,Jam,1,Snack,motorcycle,1.0,No,Urban,40,BAN,South India,20
0x4b6d,COIMBRES08DEL01,36.0,5.0,11.001852,76.976268,11.011852,76.986268,13-03-2022,09:55,0.416666667,Fog,Low,1,Meal,motorcycle,0.0,No,Urban,18,COI,South India,9
0x4956,BANGRES20DEL02,23.0,4.7,12.972161,77.596014,13.022161,77.646014,07-03-2022,18:25,18:40,Cloudy,Medium,2,Snack,electric_scooter,0.0,No,Urban,16,BAN,South India,18
0x5060,BANGRES17DEL03,35.0,4.8,12.972532,77.608179,13.032532,77.668179,01-04-2022,18:10,18:15,Cloudy,Medium,2,Drinks,electric_scooter,0.0,No,Urban,18,BAN,South India,18
0x5fb3,MYSRES11DEL01,39.0,4.8,12.323225,76.630028,12.393225,76.700028,23-03-2022,18:45,0.791666667,Stormy,Medium,0,Snack,motorcycle,3.0,No,Urban,49,MYS,South India,18
0x2e37,BANGRES06DEL03,20.0,4.7,12.979096,77.640625,13.009096,77.670625,01-03-2022,20:30,20:35,Windy,Jam,2,Buffet,scooter,1.0,No,Urban,20,BAN,South India,20
0x6c4b,BANGRES15DEL01,26.0,4.9,12.975377,77.696664,13.015377,77.736664,01-04-2022,12:20,12:35,Cloudy,High,2,Meal,scooter,0.0,No,Urban,28,BAN,South India,12
0xb50e,HYDRES03DEL01,29.0,4.6,17.422819,78.449578,17.462819,78.489578,30-03-2022,12:15,12:30,Sunny,High,2,Snack,motorcycle,1.0,No,Urban,18,HYD,South India,12
0x1647,MYSRES03DEL01,25.0,4.7,12.299524,76.64262,12.339524,76.68262,28-03-2022,13:30,13:35,Sunny,High,1,Buffet,scooter,0.0,No,Urban,10,MYS,South India,13
0x9165,BANGRES09DEL01,22.0,4.7,12.934179,77.615797,13.044179,77.725797,06-03-2022,21:50,21:55,Sunny,Jam,2,Drinks,electric_scooter,0.0,No,Urban,17,BAN,South India,21
0x932f,CHENRES11DEL03,26.0,4.8,13.064181,80.236442,13.124181,80.296442,07-03-2022,17:30,17:45,Cloudy,Medium,2,Buffet,motorcycle,1.0,No,Urban,15,CHE,South India,17
0xb3b4,BANGRES17DEL02,20.0,4.7,12.972532,77.608179,12.992532,77.628179,19-03-2022,11:10,11:25,Fog,High,1,Drinks,scooter,1.0,No,Urban,28,BAN,South India,11
0xb83f,HYDRES13DEL02,39.0,4.5,17.431477,78.40035,17.451477,78.42035,05-03-2022,10:30,10:45,Fog,Low,2,Buffet,scooter,1.0,No,Urban,17,HYD,South India,10
0xa6c0,CHENRES08DEL01,34.0,4.6,13.022394,80.242439,13.092394,80.312439,14-03-2022,22:55,23:05,Windy,Low,1,Buffet,motorcycle,0.0,No,Urban,21,CHE,South India,22
0x7827,CHENRES17DEL01,22.0,4.5,13.045479,80.23311,13.055479,80.24311,13-03-2022,08:45,0.375,Sandstorms,Low,0,Drinks,motorcycle,1.0,No,Urban,16,CHE,South India,8
0x8d69,BANGRES13DEL02,34.0,4.7,12.935662,77.61413,12.955662,77.63413,09-03-2022,09:20,09:25,Stormy,Low,2,Buffet,electric_scooter,1.0,No,Urban,25,BAN,South India,9
0x7de9,HYDRES12DEL01,26.0,4.7,17.429585,78.392621,17.539585,78.502621,20-03-2022,22:15,22:20,Fog,Low,0,Meal,motorcycle,1.0,No,Urban,24,HYD,South India,22
0x6f9a,COIMBRES18DEL03,21.0,4.9,11.02091,76.940432,11.08091,77.000432,07-03-2022,19:15,19:30,Cloudy,Jam,1,Snack,scooter,1.0,No,Urban,33,COI,South India,19
0xe10d,KOCRES11DEL01,25.0,4.8,10.006881,76.345397,10.076881,76.415397,16-02-2022,17:15,17:25,Windy,Medium,2,Snack,scooter,0.0,No,Urban,20,KOC,South India,17
0x57ee,BANGRES11DEL02,38.0,4.8,12.934365,77.616155,12.954365,77.636155,21-03-2022,09:35,09:40,Cloudy,Low,1,Snack,scooter,1.0,No,Urban,19,BAN,South India,9
0xd19,BANGRES01DEL03,32.0,4.5,12.933284,77.615428,12.963284,77.645428,30-03-2022,17:35,17:45,Sunny,Medium,1,Snack,scooter,0.0,No,Urban,20,BAN,South India,17
0x275d,MYSRES12DEL02,23.0,4.5,12.284747,76.625861,12.334747,76.675861,28-03-2022,19:15,19:25,Stormy,Jam,1,Meal,motorcycle,1.0,No,Urban,14,MYS,South India,19
0xdfe1,KOCRES03DEL02,23.0,4.9,10.020683,76.310631,10.150683,76.440631,12-02-2022,22:15,22:20,Sandstorms,Low,1,Drinks,motorcycle,1.0,No,Urban,11,KOC,South India,22
0x983,COIMBRES05DEL01,33.0,4.3,11.022169,76.999594,11.132169,77.109594,14-03-2022,21:45,0.916666667,Windy,Jam,1,Drinks,motorcycle,0.0,No,Urban,44,COI,South India,21
0x37c9,BANGRES04DEL02,28.0,4.8,12.98041,77.640489,13.03041,77.690489,19-03-2022,18:25,18:30,Sandstorms,Medium,2,Buffet,scooter,1.0,No,Urban,28,BAN,South India,18
0x2dba,MYSRES02DEL01,35.0,4.9,12.304569,76.643622,12.314569,76.653622,03-04-2022,08:15,08:20,Sandstorms,Low,2,Drinks,scooter,1.0,No,Urban,26,MYS,South India,8
0x2ba9,HYDRES11DEL01,27.0,5.0,17.430448,78.418213,17.500448,78.488213,16-03-2022,23:50,1,Stormy,Low,2,Snack,scooter,0.0,No,Urban,14,HYD,South India,23
0xe87,BANGRES14DEL01,22.0,4.8,12.949934,77.699386,12.989934,77.739386,05-03-2022,12:40,12:55,Fog,High,0,Meal,motorcycle,1.0,No,Urban,22,BAN,South India,12
0x93b9,BANGRES01DEL03,26.0,4.9,12.933284,77.615428,12.993284,77.675428,09-03-2022,22:25,22:35,Fog,Low,2,Buffet,electric_scooter,1.0,No,Urban,13,BAN,South India,22
0x54a6,HYDRES04DEL02,37.0,4.8,17.411028,78.329645,17.541028,78.459645,02-03-2022,23:15,23:30,Sandstorms,Low,0,Meal,motorcycle,0.0,No,Urban,25,HYD,South India,23
0xc43,COIMBRES12DEL03,35.0,4.8,11.000762,76.981876,11.060762,77.041876,05-03-2022,20:25,20:30,Sunny,Jam,1,Meal,motorcycle,0.0,No,Urban,15,COI,South India,20
0x6bb4,CHENRES09DEL01,36.0,4.5,13.044694,80.26147,13.114694,80.33147,06-03-2022,18:10,18:25,Stormy,Medium,1,Meal,scooter,0.0,No,Urban,36,CHE,South India,18
0x7b49,CHENRES17DEL03,34.0,4.8,13.045479,80.23311,13.105479,80.29311,05-04-2022,19:35,19:50,Cloudy,Jam,0,Snack,motorcycle,0.0,No,Urban,30,CHE,South India,19
0xa703,CHENRES01DEL03,27.0,4.5,13.005801,80.250744,13.035801,80.280744,24-03-2022,22:20,22:30,Cloudy,Low,1,Drinks,scooter,,No,Urban,10,CHE,South India,22
0x75ad,MYSRES18DEL01,35.0,4.9,12.337928,76.617889,12.347928,76.627889,03-03-2022,11:10,11:15,Stormy,High,2,Buffet,electric_scooter,,No,Urban,31,MYS,South India,11
0x140d,COIMBRES16DEL03,29.0,4.5,11.010375,76.95295,11.040375,76.98295,24-03-2022,22:30,22:40,Cloudy,Low,2,Snack,scooter,0.0,No,Urban,10,COI,South India,22
0x67bf,CHENRES02DEL02,33.0,4.7,13.086438,80.220672,13.106438,80.240672,28-03-2022,10:35,10:40,Sunny,Low,0,Meal,motorcycle,1.0,No,Urban,28,CHE,South India,10
0xaa00,COIMBRES13DEL01,37.0,4.9,11.003669,76.976494,11.013669,76.986494,28-03-2022,10:55,11:05,Sunny,Low,2,Snack,scooter,0.0,No,Urban,17,COI,South India,10
0x22ca,HYDRES11DEL02,31.0,4.3,17.430448,78.418213,17.510448,78.498213,06-03-2022,1,24:10:00,Cloudy,Low,1,Buffet,scooter,1.0,No,Urban,31,HYD,South India,1
0x6be,MYSRES02DEL02,30.0,4.6337736972250205,12.304569,76.643622,12.324569,76.663622,01-04-2022,09:30,09:45,Fog,Low,1,Snack,motorcycle,0.0,No,Urban,16,MYS,South India,9
0xa75c,COIMBRES11DEL01,24.0,4.6,11.001753,76.986241,11.041753,77.026241,03-04-2022,13:50,0.583333333,Sandstorms,High,1,Meal,scooter,0.0,No,Urban,12,COI,South India,13
0x3cc9,HYDRES04DEL02,35.0,5.0,17.411028,78.329645,17.461028,78.379645,19-03-2022,22:40,22:50,Sunny,Low,1,Snack,scooter,0.0,No,Urban,11,HYD,South India,22
0xa280,HYDRES20DEL01,34.0,4.8,17.483216,78.552111,17.523216,78.592111,13-03-2022,12:25,12:40,Stormy,High,0,Snack,motorcycle,1.0,No,Urban,32,HYD,South India,12
0x8285,BANGRES08DEL03,23.0,4.8,12.906229,77.596791,12.966229,77.656791,05-04-2022,19:20,19:35,Windy,Jam,1,Snack,scooter,1.0,No,Urban,15,BAN,South India,19
0x63e6,MYSRES14DEL02,25.0,4.8,0.0,0.0,0.02,0.02,24-03-2022,11:50,11:55,Sunny,High,2,Snack,motorcycle,0.0,No,Urban,16,MYS,South India,11
0x9f85,HYDRES05DEL02,37.0,4.8,17.433809,78.386744,17.453809,78.406744,05-04-2022,10:50,10:55,Windy,Low,2,Snack,scooter,1.0,No,Urban,22,HYD,South India,10
0x2d60,BANGRES14DEL01,37.0,4.5,12.949934,77.699386,13.019934,77.769386,04-04-2022,20:30,20:40,Sunny,Jam,2,Buffet,electric_scooter,1.0,No,Urban,16,BAN,South India,20
0x84f7,CHENRES02DEL03,25.0,4.2,13.086438,80.220672,13.116438,80.250672,15-03-2022,20:55,0.875,Cloudy,Jam,2,Drinks,scooter,1.0,No,Urban,34,CHE,South India,20
0x24dc,HYDRES18DEL02,37.0,4.9,17.450851,78.379347,17.500851,78.429347,03-03-2022,23:25,23:40,Sunny,Low,1,Meal,scooter,0.0,No,Urban,16,HYD,South India,23
0xa715,HYDRES15DEL01,39.0,5.0,17.45971,78.368855,17.52971,78.438855,10-03-2022,21:45,0.916666667,Cloudy,Jam,0,Buffet,motorcycle,2.0,Yes,Urban,51,HYD,South India,21
0x61ee,HYDRES13DEL01,23.0,4.0,17.431477,78.40035,17.541477,78.51035,14-03-2022,20:55,0.875,Cloudy,Jam,1,Meal,scooter,1.0,No,Urban,33,HYD,South India,20
0xb92e,COIMBRES20DEL01,38.0,4.0,10.994136,76.963303,11.064136,77.033303,12-03-2022,20:15,20:25,Stormy,Jam,0,Meal,motorcycle,1.0,No,Urban,36,COI,South India,20
0x74e1,COIMBRES010DEL01,29.0,4.5,11.003008,76.97544,11.043008,77.01544,07-03-2022,12:50,0.541666667,Sunny,High,1,Snack,scooter,0.0,No,Urban,11,COI,South India,12
0x7091,COIMBRES11DEL01,36.0,4.6,11.001753,76.986241,11.011753,76.996241,03-03-2022,10:35,10:45,Cloudy,Low,2,Drinks,scooter,1.0,No,Urban,19,COI,South India,10
0x2792,HYDRES17DEL02,32.0,4.3,17.451976,78.385883,17.581976,78.515883,08-03-2022,20:55,21:10,Windy,Jam,0,Snack,motorcycle,1.0,No,Urban,37,HYD,South India,20
0x61e2,HYDRES08DEL02,24.0,4.7,17.438263,78.397865,17.458263,78.417865,11-03-2022,10:15,10:30,Stormy,Low,2,Buffet,electric_scooter,1.0,No,Urban,10,HYD,South India,10
0x41d2,HYDRES010DEL03,37.0,4.8,17.428294,78.404423,17.518294,78.494423,06-04-2022,22:25,22:40,Sunny,Low,1,Buffet,motorcycle,1.0,No,Urban,21,HYD,South India,22
0xaca,COIMBRES02DEL01,26.0,4.6,11.022477,76.995667,11.032477,77.005667,09-03-2022,10:40,10:45,Cloudy,Low,1,Buffet,scooter,0.0,No,Urban,16,COI,South India,10
0xc952,KOCRES02DEL03,38.0,4.8,10.028047,76.310019,10.118047,76.400019,18-02-2022,23:35,23:50,Windy,Low,0,Drinks,motorcycle,0.0,No,Urban,23,KOC,South India,23
0x61c3,BANGRES01DEL01,34.0,4.3,12.933284,77.615428,12.943284,77.625428,26-03-2022,09:40,09:45,Windy,Low,0,Buffet,motorcycle,1.0,No,Urban,32,BAN,South India,9
0x8126,BANGRES12DEL01,26.0,4.8,12.939496,77.625999,12.979496,77.665999,21-03-2022,13:55,14:05,Sunny,High,1,Snack,scooter,0.0,No,Urban,13,BAN,South India,13
0x4106,CHENRES11DEL01,26.0,4.6,13.064181,80.236442,13.104181,80.276442,13-03-2022,15:35,15:50,Windy,Medium,0,Buffet,motorcycle,1.0,No,Urban,22,CHE,South India,15
0xa351,CHENRES08DEL02,32.0,4.4,13.022394,80.242439,13.042394,80.262439,09-03-2022,08:45,08:50,Windy,Low,0,Snack,motorcycle,,No,Urban,25,CHE,South India,8
0x9ff8,MYSRES12DEL02,21.0,4.9,12.284747,76.625861,12.414747,76.755861,27-03-2022,20:55,21:10,Sunny,Jam,0,Drinks,motorcycle,0.0,No,Urban,16,MYS,South India,20
0x3054,BANGRES08DEL02,39.0,3.9,12.906229,77.596791,13.036229,77.726791,04-03-2022,22:55,23:10,Cloudy,Low,1,Snack,motorcycle,0.0,No,Urban,36,BAN,South India,22
0x3a0b,CHENRES05DEL01,37.0,5.0,13.058616,80.264151,13.068616,80.274151,01-03-2022,08:45,08:50,Sunny,Low,2,Drinks,scooter,1.0,No,Urban,13,CHE,South India,8
0x2907,BANGRES18DEL01,23.0,4.9,12.913041,77.683237,13.023041,77.793237,25-03-2022,23:25,23:35,Windy,Low,0,Buffet,motorcycle,1.0,No,Urban,17,BAN,South India,23
0x8035,MYSRES16DEL03,33.0,4.7,12.316967,76.603067,12.346967,76.633067,07-03-2022,22:35,22:40,Fog,Low,1,Drinks,motorcycle,0.0,No,Urban,18,MYS,South India,22
0x7ee0,MYSRES04DEL01,21.0,4.7,12.3085,76.665808,12.3485,76.705808,30-03-2022,13:10,13:25,Sunny,High,1,Buffet,motorcycle,1.0,No,Urban,17,MYS,South India,13
0x2da2,COIMBRES04DEL01,23.0,4.7,11.024839,77.007003,11.094839,77.077003,14-03-2022,18:45,0.791666667,Fog,Medium,1,Buffet,scooter,1.0,No,Urban,31,COI,South India,18
0x36d2,BANGRES16DEL01,25.0,5.0,13.029198,77.570997,13.069198,77.610997,28-03-2022,16:15,16:25,Fog,Medium,1,Drinks,motorcycle,1.0,No,Urban,13,BAN,South India,16
0x341e,COIMBRES16DEL02,32.0,4.6,11.010375,76.95295,11.030375,76.97295,11-03-2022,09:20,09:30,Sandstorms,Low,2,Snack,electric_scooter,0.0,No,Urban,29,COI,South India,9
0x9858,HYDRES19DEL01,20.0,4.8,17.458998,78.500366,17.568998,78.610366,12-03-2022,21:10,21:20,Sunny,Jam,0,Snack,motorcycle,0.0,No,Urban,17,HYD,South India,21
0x4411,BANGRES08DEL03,35.0,4.6,12.906229,77.596791,12.996229,77.686791,14-03-2022,20:40,20:50,Fog,Jam,0,Buffet,motorcycle,1.0,Yes,Urban,41,BAN,South India,20
0xd25d,KOCRES06DEL02,27.0,4.7,9.982834,76.283268,10.112834,76.413268,16-02-2022,23:15,23:25,Windy,Low,1,Meal,scooter,0.0,No,Urban,13,KOC,South India,23
0x99bc,HYDRES05DEL02,24.0,5.0,17.433809,78.386744,17.563809,78.516744,08-03-2022,23:25,23:35,Windy,Low,2,Snack,motorcycle,0.0,No,Urban,10,HYD,South India,23
0xb888,CHENRES01DEL02,23.0,4.8,13.005801,80.250744,13.085801,80.330744,31-03-2022,18:10,18:20,Stormy,Medium,1,Buffet,motorcycle,1.0,No,Urban,25,CHE,South India,18
0xb67f,BANGRES06DEL01,26.0,4.7,12.979096,77.640625,13.089096,77.750625,06-03-2022,18:25,18:35,Sunny,Medium,1,Meal,scooter,,No,Urban,15,BAN,South India,18
0xb792,CHENRES02DEL03,28.0,3.4,13.086438,80.220672,13.176438,80.310672,02-03-2022,22:30,22:35,Sunny,Low,1,Drinks,motorcycle,1.0,No,Urban,31,CHE,South India,22
0x236e,BANGRES02DEL01,38.0,4.2,12.970221,77.645396,13.010221,77.685396,01-03-2022,13:40,13:45,Windy,High,1,Drinks,motorcycle,1.0,No,Urban,34,BAN,South India,13
0x8b26,HYDRES01DEL02,33.0,4.0,17.410371,78.437225,17.490371,78.517225,29-03-2022,20:15,20:25,Fog,Jam,2,Buffet,scooter,0.0,No,Urban,49,HYD,South India,20
0x4f20,MYSRES15DEL02,29.0,4.6,12.352058,76.60665,12.372058,76.62665,19-03-2022,08:15,08:20,Stormy,Low,1,Buffet,scooter,1.0,No,Urban,17,MYS,South India,8
0xb10f,HYDRES06DEL01,23.0,4.7,17.455894,78.375467,17.465894,78.385467,13-03-2022,10:20,10:25,Cloudy,Low,0,Snack,motorcycle,1.0,No,Urban,23,HYD,South India,10
0xa004,BANGRES16DEL01,32.0,4.8,13.029198,77.570997,13.039198,77.580997,09-03-2022,08:25,08:35,Fog,Low,0,Snack,motorcycle,1.0,No,Urban,24,BAN,South India,8
0x541a,MYSRES04DEL02,21.0,4.9,12.3085,76.665808,12.3885,76.745808,20-03-2022,20:40,20:55,Sandstorms,Jam,2,Buffet,electric_scooter,0.0,No,Urban,15,MYS,South India,20
0x36af,COIMBRES16DEL03,23.0,4.7,11.010375,76.95295,11.040375,76.98295,11-03-2022,18:15,18:20,Fog,Medium,2,Buffet,motorcycle,,No,Urban,15,COI,South India,18
0x479e,MYSRES04DEL01,28.0,4.8,12.3085,76.665808,12.3185,76.675808,01-04-2022,08:40,08:50,Fog,Low,1,Drinks,scooter,1.0,No,Urban,12,MYS,South India,8
0x81a0,CHENRES010DEL03,27.0,5.0,13.066762,80.251865,13.096762,80.281865,01-03-2022,17:55,18:05,Sandstorms,Medium,1,Meal,motorcycle,0.0,No,Urban,24,CHE,South India,17
0x1a84,CHENRES18DEL01,23.0,4.9,12.981615,80.231598,12.991615,80.241598,07-03-2022,08:55,09:05,Sandstorms,Low,1,Buffet,scooter,1.0,No,Urban,12,CHE,South India,8
0xa4ad,BANGRES04DEL02,25.0,4.9,12.98041,77.640489,13.03041,77.690489,07-03-2022,19:10,19:15,Fog,Jam,1,Buffet,scooter,1.0,No,Urban,25,BAN,South India,19
0x3acf,HYDRES12DEL02,26.0,4.7,17.429585,78.392621,17.559585,78.522621,02-04-2022,21:40,21:45,Sunny,Jam,2,Snack,scooter,0.0,No,Urban,12,HYD,South India,21
0x71f5,HYDRES18DEL03,20.0,4.5,17.450851,78.379347,17.540851,78.469347,04-04-2022,21:35,21:45,Stormy,Jam,0,Drinks,motorcycle,0.0,No,Urban,27,HYD,South India,21
0x3e03,COIMBRES04DEL01,33.0,3.8,11.024839,77.007003,11.094839,77.077003,04-04-2022,23:55,1,Cloudy,Low,1,Snack,motorcycle,1.0,No,Urban,33,COI,South India,23
0x290e,HYDRES16DEL03,35.0,4.7,17.440827,78.393391,17.470827,78.423391,01-04-2022,17:40,17:55,Windy,Medium,0,Snack,motorcycle,0.0,No,Urban,27,HYD,South India,17
0x6162,HYDRES01DEL02,37.0,4.9,17.410371,78.437225,17.430371,78.457225,30-03-2022,09:45,0.416666667,Cloudy,Low,0,Snack,motorcycle,1.0,No,Urban,23,HYD,South India,9
0x7b23,HYDRES20DEL02,27.0,4.9,17.483216,78.552111,17.533216,78.602111,01-03-2022,18:30,18:35,Fog,Medium,1,Drinks,scooter,0.0,No,Urban,18,HYD,South India,18
0xcde8,KOCRES15DEL03,22.0,4.7,10.027364,76.308258,10.117364,76.398258,18-02-2022,21:15,21:30,Stormy,Jam,2,Meal,motorcycle,0.0,No,Urban,21,KOC,South India,21
0x6f76,COIMBRES20DEL01,39.0,4.5,10.994136,76.963303,11.004136,76.973303,15-03-2022,10:30,10:35,Cloudy,Low,0,Drinks,motorcycle,0.0,No,Urban,24,COI,South India,10
0x44ec,HYDRES03DEL01,27.0,4.7,17.422819,78.449578,17.432819,78.459578,13-03-2022,10:40,10:45,Sunny,Low,0,Buffet,motorcycle,1.0,No,Urban,11,HYD,South India,10
0x58e3,CHENRES11DEL03,27.0,4.6,13.064181,80.236442,13.094181,80.266442,28-03-2022,19:10,19:20,Stormy,Jam,0,Snack,motorcycle,1.0,No,Urban,38,CHE,South India,19
0xbcea,MYSRES06DEL01,37.0,4.4,12.323994,76.626167,12.393994,76.696167,04-03-2022,17:50,0.75,Windy,Medium,0,Meal,motorcycle,0.0,No,Urban,35,MYS,South India,17
0x98c6,BANGRES01DEL01,36.0,5.0,12.933284,77.615428,13.043284,77.725428,25-03-2022,22:40,22:55,Stormy,Low,2,Meal,scooter,1.0,No,Urban,25,BAN,South India,22
0x44d0,COIMBRES01DEL02,35.0,4.4,11.016298,76.972076,11.146298,77.102076,27-03-2022,18:20,18:25,Sandstorms,Medium,0,Snack,motorcycle,1.0,No,Urban,43,COI,South India,18
0x4554,HYDRES19DEL01,31.0,4.4,17.458998,78.500366,17.468998,78.510366,15-03-2022,08:30,08:45,Windy,Low,0,Drinks,motorcycle,1.0,No,Urban,27,HYD,South India,8
0x5a9b,CHENRES07DEL02,21.0,4.7,13.081878,80.248519,13.161878,80.328519,06-04-2022,19:10,19:25,Cloudy,Jam,1,Drinks,motorcycle,1.0,No,Urban,41,CHE,South India,19
0x5dfd,CHENRES17DEL02,24.0,4.8,13.045479,80.23311,13.065479,80.25311,01-03-2022,09:55,10:10,Sunny,Low,2,Meal,motorcycle,1.0,No,Urban,24,CHE,South India,9
0x9691,COIMBRES16DEL01,37.0,4.7,11.010375,76.95295,11.080375,77.02295,18-03-2022,22:55,23:10,Fog,Low,2,Snack,scooter,0.0,No,Urban,30,COI,South India,22
0x57ec,HYDRES12DEL01,25.0,4.8,17.429585,78.392621,17.469585,78.432621,15-03-2022,16:10,16:20,Windy,Medium,2,Snack,scooter,1.0,No,Urban,21,HYD,South India,16
0x1e3b,CHENRES20DEL01,39.0,4.5,12.975996,80.221898,12.985996,80.231898,11-03-2022,10:25,10:30,Stormy,Low,0,Snack,motorcycle,1.0,No,Urban,28,CHE,South India,10
0x942c,MYSRES01DEL01,38.0,4.6,12.311072,76.654878,12.351072,76.694878,05-03-2022,15:35,15:45,Sunny,Medium,2,Buffet,scooter,1.0,No,Urban,20,MYS,South India,15
0x6597,BANGRES12DEL01,32.0,4.6,12.939496,77.625999,13.049496,77.735999,04-04-2022,17:10,17:15,Sandstorms,Medium,2,Meal,motorcycle,0.0,No,Urban,25,BAN,South India,17
0xa936,BANGRES010DEL03,38.0,4.8,12.933298,77.614293,12.963298,77.644293,03-03-2022,17:20,17:35,Sunny,Medium,2,Snack,scooter,1.0,No,Urban,24,BAN,South India,17
0x9629,COIMBRES14DEL02,25.0,4.9,11.003681,76.975525,11.133681,77.105525,29-03-2022,18:10,18:20,Windy,Medium,1,Meal,motorcycle,1.0,No,Urban,16,COI,South India,18
0x9f3c,HYDRES11DEL02,24.0,4.1,17.430448,78.418213,17.480448,78.468213,24-03-2022,23:45,1,Windy,Low,0,Snack,motorcycle,0.0,No,Urban,16,HYD,South India,23
0x96e2,BANGRES02DEL03,27.0,4.5,12.970221,77.645396,13.060221,77.735396,25-03-2022,17:20,17:35,Sandstorms,Medium,0,Drinks,motorcycle,1.0,No,Urban,26,BAN,South India,17
0x5fcc,HYDRES09DEL02,35.0,4.6,17.431668,78.408321,17.511668,78.488321,06-03-2022,18:10,18:25,Cloudy,Medium,2,Meal,electric_scooter,0.0,No,Urban,34,HYD,South India,18
0xd55c,KOCRES07DEL03,39.0,4.8,9.985697,76.281128,10.045697,76.341128,17-02-2022,21:40,21:50,Sunny,Jam,2,Buffet,motorcycle,0.0,No,Urban,18,KOC,South India,21
0x2ef7,BANGRES18DEL02,34.0,5.0,12.913041,77.683237,13.043041,77.813237,14-03-2022,22:25,22:30,Sunny,Low,0,Drinks,motorcycle,0.0,No,Urban,21,BAN,South India,22
0x2ec7,BANGRES07DEL02,30.0,4.6,12.978453,77.643685,12.998453,77.663685,30-03-2022,11:30,11:40,Sunny,High,2,Drinks,motorcycle,0.0,No,Urban,18,BAN,South India,11
0xa5be,CHENRES19DEL01,31.0,4.6,12.986047,80.218114,13.026047,80.258114,13-03-2022,15:20,15:30,Fog,Medium,2,Drinks,motorcycle,1.0,No,Urban,19,CHE,South India,15
0x1c16,HYDRES07DEL03,38.0,4.9,17.424114,78.347554,17.484114,78.407554,05-03-2022,23:25,23:30,Fog,Low,0,Buffet,motorcycle,1.0,No,Urban,27,HYD,South India,23
0x9213,BANGRES14DEL03,38.0,4.8,12.949934,77.699386,13.039934,77.789386,29-03-2022,23:50,23:55,Cloudy,Low,2,Drinks,electric_scooter,1.0,No,Urban,25,BAN,South India,23
0xa950,BANGRES010DEL02,26.0,4.8,12.933298,77.614293,12.983298,77.664293,05-04-2022,18:30,18:40,Sandstorms,Medium,0,Drinks,motorcycle,0.0,No,Urban,22,BAN,South India,18
0x1da4,MYSRES05DEL02,20.0,4.1,12.323978,76.627961,12.453978,76.757961,08-03-2022,17:20,17:25,Stormy,Medium,0,Meal,motorcycle,1.0,No,Urban,35,MYS,South India,17
0x6b28,MYSRES05DEL02,23.0,4.6,12.323978,76.627961,12.453978,76.757961,12-03-2022,18:35,18:40,Sunny,Medium,1,Buffet,scooter,0.0,No,Urban,12,MYS,South India,18
0x5f02,BANGRES16DEL02,30.0,4.5,13.029198,77.570997,13.049198,77.590997,03-04-2022,09:10,09:15,Sandstorms,Low,2,Meal,scooter,1.0,No,Urban,20,BAN,South India,9
0x26c4,BANGRES20DEL01,27.0,4.7,12.972161,77.596014,12.982161,77.606014,05-04-2022,11:30,11:35,Windy,High,1,Meal,motorcycle,1.0,No,Urban,19,BAN,South India,11
0x59bc,COIMBRES08DEL02,21.0,4.9,11.001852,76.976268,11.051852,77.026268,15-03-2022,20:10,20:25,Cloudy,Jam,1,Drinks,scooter,0.0,No,Urban,20,COI,South India,20
0xbc98,COIMBRES05DEL02,20.0,4.7,11.022169,76.999594,11.102169,77.079594,06-04-2022,22:45,0.958333333,Stormy,Low,2,Drinks,electric_scooter,0.0,No,Urban,10,COI,South India,22
0x99af,CHENRES11DEL01,36.0,4.9,13.064181,80.236442,13.074181,80.246442,05-03-2022,10:55,11:10,Cloudy,Low,2,Snack,scooter,0.0,No,Urban,17,CHE,South India,10
0xb2f3,MYSRES13DEL02,20.0,4.9,12.310972,76.659264,12.330972,76.679264,01-04-2022,08:25,08:40,Sunny,Low,0,Snack,motorcycle,0.0,No,Urban,17,MYS,South India,8
0x5e7e,COIMBRES16DEL02,30.0,4.7,11.010375,76.95295,11.030375,76.97295,19-03-2022,10:10,10:20,Sunny,Low,1,Drinks,motorcycle,0.0,No,Urban,11,COI,South India,10
0x97b9,HYDRES06DEL01,23.0,2.5,17.455894,78.375467,17.525894,78.445467,31-03-2022,23:10,23:25,Sunny,Low,2,Drinks,electric_scooter,1.0,No,Urban,32,HYD,South India,23
0x4db0,MYSRES14DEL01,29.0,4.8,0.0,0.0,0.04,0.04,28-03-2022,15:45,15:50,Cloudy,Medium,2,Meal,scooter,0.0,No,Urban,10,MYS,South India,15
0x3032,HYDRES18DEL03,26.0,4.7,17.450851,78.379347,17.540851,78.469347,31-03-2022,21:15,21:30,Cloudy,Jam,1,Snack,scooter,0.0,No,Urban,44,HYD,South India,21
0x80e4,MYSRES11DEL03,28.0,4.8,12.323225,76.630028,12.383225,76.690028,28-03-2022,18:10,18:25,Cloudy,Medium,1,Drinks,motorcycle,0.0,No,Urban,10,MYS,South India,18
0x53f3,CHENRES20DEL03,27.0,4.9,12.975996,80.221898,13.065996,80.311898,14-03-2022,18:55,19:10,Fog,Medium,0,Buffet,motorcycle,1.0,No,Urban,42,CHE,South India,18
0x4eaa,BANGRES08DEL02,20.0,4.7,12.906229,77.596791,12.926229,77.616791,13-03-2022,08:25,08:40,Sandstorms,Low,1,Drinks,motorcycle,0.0,,Urban,11,BAN,South India,8
0x75d8,BANGRES16DEL01,37.0,4.6,13.029198,77.570997,13.069198,77.610997,30-03-2022,13:55,14:10,Sunny,High,1,Drinks,motorcycle,0.0,No,Urban,23,BAN,South India,13
0x7ce9,CHENRES18DEL03,22.0,5.0,12.981615,80.231598,13.011615,80.261598,03-04-2022,20:35,20:50,Sandstorms,Jam,2,Snack,scooter,0.0,No,Urban,11,CHE,South India,20
0x2a47,COIMBRES03DEL01,27.0,4.5,11.025083,77.015393,11.035083,77.025393,05-04-2022,11:20,11:30,Sunny,High,2,Snack,electric_scooter,1.0,No,Urban,17,COI,South India,11
0x56ae,COIMBRES15DEL03,28.0,4.6,11.006686,76.951736,11.096686,77.041736,08-03-2022,18:15,18:20,Cloudy,Medium,2,Buffet,motorcycle,,No,Urban,36,COI,South India,18
0x6586,MYSRES08DEL02,21.0,4.2,12.297954,76.665169,12.347954,76.715169,11-03-2022,22:55,0.958333333,Stormy,Low,0,Drinks,motorcycle,0.0,No,Urban,25,MYS,South India,22
0x7104,HYDRES14DEL01,35.0,4.7,17.426228,78.407495,17.496228,78.477495,18-03-2022,18:55,19:10,Fog,Medium,2,Snack,electric_scooter,1.0,No,Urban,40,HYD,South India,18
0x76a7,COIMBRES02DEL02,36.0,4.7,11.022477,76.995667,11.152477,77.125667,16-03-2022,23:50,24:05:00,Cloudy,Low,0,Buffet,motorcycle,2.0,No,Urban,41,COI,South India,23
0xd3ce,KOCRES08DEL02,26.0,4.8,9.985497,76.276999,10.005497,76.296999,11-02-2022,11:45,0.5,Fog,High,2,Meal,motorcycle,1.0,No,Urban,21,KOC,South India,11
0x2265,BANGRES15DEL01,31.0,4.6,12.975377,77.696664,13.045377,77.766664,25-03-2022,22:20,22:30,Sunny,Low,1,Buffet,scooter,0.0,No,Urban,27,BAN,South India,22
0x7243,BANGRES07DEL01,22.0,4.6,12.978453,77.643685,13.088453,77.753685,04-03-2022,21:15,21:30,Stormy,Jam,0,Meal,motorcycle,1.0,No,Urban,26,BAN,South India,21
0x9e77,MYSRES01DEL01,34.0,4.7,12.311072,76.654878,12.381072,76.724878,10-03-2022,21:25,21:30,Sunny,Jam,0,Meal,motorcycle,0.0,No,Urban,30,MYS,South India,21
0x6f07,MYSRES05DEL02,24.0,4.6,12.323978,76.627961,12.453978,76.757961,10-03-2022,23:30,23:35,Sandstorms,Low,0,Buffet,motorcycle,0.0,No,Urban,15,MYS,South India,23
0x1577,COIMBRES04DEL03,21.0,4.8,11.024839,77.007003,11.084839,77.067003,01-03-2022,17:20,17:30,Sunny,Medium,0,Meal,motorcycle,1.0,No,Urban,20,COI,South India,17
0x1de7,CHENRES01DEL01,38.0,4.0,13.005801,80.250744,13.045801,80.290744,19-03-2022,14:20,14:25,Cloudy,High,2,Drinks,scooter,1.0,No,Urban,33,CHE,South India,14
0x7780,BANGRES17DEL02,22.0,4.9,12.972532,77.608179,13.102532,77.738179,02-04-2022,19:50,20:05,Sandstorms,Jam,2,Drinks,motorcycle,1.0,No,Urban,16,BAN,South India,19
0x4ede,CHENRES02DEL01,22.0,4.8,13.086438,80.220672,13.196438,80.330672,08-03-2022,20:15,20:20,Stormy,Jam,2,Snack,scooter,1.0,No,Urban,26,CHE,South India,20
0xb659,BANGRES13DEL01,27.0,4.6,12.935662,77.61413,13.005662,77.68413,29-03-2022,23:30,23:40,Sandstorms,Low,1,Meal,scooter,0.0,No,Urban,14,BAN,South India,23
0xb49c,MYSRES03DEL01,23.0,4.9,12.299524,76.64262,12.369524,76.71262,04-03-2022,21:15,21:30,Sunny,Jam,2,Snack,scooter,1.0,No,Urban,19,MYS,South India,21
0x880c,MYSRES19DEL03,29.0,4.7,12.334022,76.618203,12.394022,76.678203,28-03-2022,21:40,21:50,Stormy,Jam,1,Meal,scooter,0.0,,Urban,11,MYS,South India,21
0x4c85,BANGRES15DEL03,24.0,4.8,12.975377,77.696664,13.065377,77.786664,02-04-2022,22:10,22:15,Sandstorms,Low,0,Meal,motorcycle,1.0,No,Urban,23,BAN,South India,22
0x5f08,MYSRES20DEL03,35.0,5.0,12.337978,76.616792,12.367978,76.646792,09-03-2022,23:40,23:55,Cloudy,Low,0,Snack,motorcycle,1.0,No,Urban,27,MYS,South India,23
0xba90,CHENRES02DEL02,29.0,4.7,13.086438,80.220672,13.216439,80.350672,29-03-2022,19:55,0.833333333,Cloudy,Jam,0,Drinks,motorcycle,2.0,Yes,Urban,46,CHE,South India,19
0xbb67,BANGRES02DEL01,24.0,4.9,12.970221,77.645396,13.040221,77.715396,18-03-2022,18:20,18:35,Sandstorms,Medium,0,Drinks,motorcycle,1.0,No,Urban,24,BAN,South India,18
0x444a,CHENRES010DEL01,34.0,4.9,13.066762,80.251865,13.176762,80.361865,20-03-2022,17:15,17:20,Windy,Medium,2,Snack,scooter,0.0,No,Urban,23,CHE,South India,17
0x83af,CHENRES16DEL03,32.0,4.6,13.049645,80.242268,13.139645,80.332268,16-03-2022,17:35,17:45,Cloudy,Medium,2,Snack,scooter,1.0,No,Urban,39,CHE,South India,17
0xaa7a,BANGRES17DEL03,25.0,4.6,12.972532,77.608179,13.062532,77.698179,25-03-2022,20:10,20:20,Sunny,Jam,2,Buffet,electric_scooter,,No,Urban,11,BAN,South India,20
0x6657,HYDRES01DEL02,25.0,4.1,17.410371,78.437225,17.430371,78.457225,17-03-2022,10:30,10:35,Windy,Low,0,Buffet,motorcycle,0.0,No,Urban,23,HYD,South India,10
0x53c5,COIMBRES09DEL01,33.0,4.6,11.008638,76.984311,11.048638,77.024311,19-03-2022,15:55,16:10,Fog,Medium,1,Drinks,motorcycle,0.0,No,Urban,18,COI,South India,15
0xbc7e,MYSRES19DEL03,21.0,4.9,12.334022,76.618203,12.394022,76.678203,19-03-2022,23:50,24:05:00,Sunny,Low,2,Buffet,scooter,1.0,No,Urban,17,MYS,South India,23
0xebc,MYSRES12DEL03,25.0,4.6,12.284747,76.625861,12.314747,76.655861,21-03-2022,23:10,23:20,Fog,Low,2,Snack,scooter,0.0,No,Urban,13,MYS,South India,23
0x950d,BANGRES07DEL02,32.0,4.6,12.978453,77.643685,13.058453,77.723685,06-04-2022,22:10,22:25,Sandstorms,Low,1,Snack,motorcycle,0.0,No,Urban,23,BAN,South India,22
0x616a,BANGRES08DEL02,21.0,4.7,12.906229,77.596791,12.986229,77.676791,23-03-2022,1,24:05:00,Fog,Low,0,Buffet,motorcycle,1.0,No,Urban,21,BAN,South India,1
0x6240,HYDRES03DEL02,32.0,3.8,17.422819,78.449578,17.552819,78.579578,31-03-2022,19:30,19:40,Stormy,Jam,2,Drinks,scooter,1.0,No,Urban,38,HYD,South India,19
0x128c,HYDRES15DEL01,31.0,4.8,17.45971,78.368855,17.46971,78.378855,03-03-2022,09:35,09:50,Fog,Low,0,Buffet,motorcycle,1.0,No,Urban,27,HYD,South India,9
0x5932,MYSRES16DEL02,25.0,4.8,12.316967,76.603067,12.366967,76.653067,07-03-2022,17:20,17:30,Fog,Medium,1,Meal,motorcycle,0.0,No,Urban,10,MYS,South India,17
0xae29,HYDRES02DEL01,30.0,3.8,17.41233,78.449654,17.48233,78.519654,04-03-2022,23:25,23:35,Fog,Low,1,Buffet,scooter,1.0,No,Urban,38,HYD,South India,23
0xa17e,BANGRES20DEL03,36.0,4.6,12.972161,77.596014,13.062161,77.686014,04-04-2022,23:15,23:25,Sandstorms,Low,0,Snack,motorcycle,1.0,No,Urban,22,BAN,South India,23
0x9c10,COIMBRES01DEL02,30.0,5.0,11.016298,76.972076,11.036298,76.992076,17-03-2022,08:40,08:50,Stormy,Low,1,Drinks,motorcycle,0.0,No,Urban,21,COI,South India,8
0x6cce,HYDRES08DEL02,35.0,4.8,17.438263,78.397865,17.488263,78.447865,21-03-2022,1,24:15:00,Sunny,Low,1,Buffet,scooter,1.0,No,Urban,16,HYD,South India,1
0x11d1,HYDRES12DEL03,37.0,4.9,17.429585,78.392621,17.489585,78.452621,13-03-2022,21:10,21:25,Sunny,Jam,2,Snack,electric_scooter,1.0,No,Urban,19,HYD,South India,21
0x281c,CHENRES08DEL03,37.0,4.9,13.022394,80.242439,13.082394,80.302439,15-03-2022,22:15,22:30,Sunny,Low,1,Snack,motorcycle,0.0,No,Urban,12,CHE,South India,22
0x6ba5,MYSRES03DEL03,20.0,4.9,12.299524,76.64262,12.389524,76.73262,27-03-2022,18:40,18:55,Sunny,Medium,2,Buffet,motorcycle,0.0,No,Urban,13,MYS,South India,18
0x4fe9,CHENRES11DEL01,39.0,4.3,13.064181,80.236442,13.134181,80.306442,29-03-2022,20:40,20:50,Fog,Jam,1,Buffet,scooter,1.0,Yes,Urban,42,CHE,South India,20
0xb04b,BANGRES07DEL03,29.0,4.8,12.978453,77.643685,13.038453,77.703685,03-03-2022,17:35,17:45,Stormy,Medium,2,Drinks,motorcycle,1.0,No,Urban,22,BAN,South India,17
0x9532,BANGRES11DEL01,20.0,4.5,12.934365,77.616155,12.944365,77.626155,03-04-2022,08:45,08:50,Fog,Low,1,Meal,scooter,0.0,,Urban,10,BAN,South India,8
0x9510,MYSRES20DEL01,34.0,4.3,12.337978,76.616792,12.407978,76.686792,06-04-2022,21:15,21:30,Cloudy,Jam,2,Buffet,motorcycle,0.0,No,Urban,39,MYS,South India,21
0x8215,MYSRES06DEL01,31.0,4.9,12.323994,76.626167,12.333994,76.636167,19-03-2022,10:50,0.458333333,Fog,Low,2,Drinks,scooter,0.0,No,Urban,15,MYS,South India,10
0xb1b1,BANGRES14DEL02,37.0,4.6,12.949934,77.699386,13.029934,77.779386,08-03-2022,23:55,1,Windy,Low,0,Snack,motorcycle,1.0,No,Urban,26,BAN,South India,23
0x66fe,MYSRES06DEL03,36.0,4.7,12.323994,76.626167,12.413994,76.716167,20-03-2022,20:40,20:45,Windy,Jam,2,Drinks,scooter,1.0,No,Urban,29,MYS,South India,20
0x1839,HYDRES12DEL02,20.0,4.8,17.429585,78.392621,17.449585,78.412621,03-04-2022,11:55,12:10,Sandstorms,High,2,Meal,scooter,1.0,No,Urban,27,HYD,South India,11
0x96f5,COIMBRES02DEL03,26.0,4.8,11.022477,76.995667,11.112477,77.085667,20-03-2022,20:10,20:25,Stormy,Jam,2,Drinks,scooter,0.0,No,Urban,18,COI,South India,20
0x4b8e,MYSRES09DEL01,32.0,4.7,12.323194,76.630583,12.363194,76.670583,13-03-2022,14:40,14:55,Stormy,High,1,Drinks,motorcycle,0.0,No,Urban,28,MYS,South India,14
0x9a07,CHENRES03DEL03,28.0,4.7,13.091809,80.219104,13.151809,80.279104,17-03-2022,21:20,21:35,Sunny,Jam,1,Buffet,scooter,0.0,No,Urban,19,CHE,South India,21
0x5280,HYDRES14DEL01,36.0,4.9,17.426228,78.407495,17.466228,78.447495,28-03-2022,12:50,12:55,Cloudy,High,2,Drinks,scooter,0.0,No,Urban,27,HYD,South India,12
0x757a,CHENRES16DEL01,37.0,5.0,13.049645,80.242268,13.159645,80.352268,10-03-2022,23:25,23:35,Windy,Low,2,Drinks,scooter,0.0,No,Urban,19,CHE,South India,23
0x7f5b,HYDRES15DEL02,36.0,4.4,17.45971,78.368855,17.50971,78.418855,21-03-2022,17:55,18:10,Windy,Medium,2,Snack,electric_scooter,1.0,No,Urban,34,HYD,South India,17
0x588b,MYSRES010DEL01,37.0,4.8,12.321214,76.621094,12.391214,76.691094,08-03-2022,19:20,19:25,Sunny,Jam,2,Drinks,motorcycle,1.0,No,Urban,19,MYS,South India,19
0x7e1c,MYSRES11DEL02,27.0,4.8,12.323225,76.630028,12.403225,76.710028,08-03-2022,18:55,19:05,Sunny,Medium,0,Buffet,motorcycle,0.0,No,Urban,19,MYS,South India,18
0x101e,BANGRES03DEL01,20.0,4.6,12.979166,77.640709,13.049166,77.710709,29-03-2022,17:20,17:30,Sandstorms,Medium,2,Snack,electric_scooter,1.0,No,Urban,20,BAN,South India,17
0x5617,BANGRES01DEL01,24.0,4.9,12.933284,77.615428,13.003284,77.685428,04-03-2022,23:30,23:35,Windy,Low,1,Meal,scooter,0.0,No,Urban,12,BAN,South India,23
0x30af,BANGRES010DEL02,29.0,4.6,12.933298,77.614293,13.063298,77.744293,06-04-2022,17:40,17:55,Fog,Medium,1,Buffet,scooter,1.0,No,Urban,25,BAN,South India,17
0x887f,COIMBRES13DEL03,37.0,4.7,11.003669,76.976494,11.033669,77.006494,03-03-2022,21:45,21:55,Fog,Jam,2,Snack,electric_scooter,1.0,No,Urban,27,COI,South India,21
0xa6e9,MYSRES12DEL01,36.0,5.0,12.284747,76.625861,12.294747,76.635861,03-03-2022,09:35,09:45,Fog,Low,1,Snack,motorcycle,0.0,No,Urban,17,MYS,South India,9
0x3dd7,HYDRES13DEL01,31.0,4.1,17.431477,78.40035,17.541477,78.51035,29-03-2022,21:20,21:25,Fog,Jam,2,Snack,motorcycle,1.0,No,Urban,35,HYD,South India,21
0x6105,COIMBRES010DEL02,21.0,4.9,11.003008,76.97544,11.083009,77.05544,14-03-2022,23:55,24:10:00,Sandstorms,Low,1,Snack,motorcycle,1.0,No,Urban,14,COI,South India,23
0xe217,KOCRES010DEL01,30.0,4.8,10.035573,76.336958,10.075573,76.376958,13-02-2022,16:55,0.708333333,Fog,Medium,1,Snack,scooter,1.0,No,Urban,16,KOC,South India,16
0x6b95,COIMBRES04DEL02,36.0,4.4,11.024839,77.007003,11.074839,77.057003,26-03-2022,18:10,18:15,Stormy,Medium,1,Drinks,motorcycle,1.0,No,Urban,31,COI,South India,18
0xcf48,KOCRES13DEL02,31.0,4.3,9.991703,76.293136,10.011703,76.313136,11-02-2022,11:45,0.5,Fog,High,1,Meal,motorcycle,0.0,No,Urban,33,KOC,South India,11
0x8f8e,MYSRES09DEL02,23.0,4.6,12.323194,76.630583,12.403194,76.710583,14-03-2022,21:15,21:30,Cloudy,Jam,1,Snack,motorcycle,1.0,No,Urban,36,MYS,South India,21
0x3a7c,MYSRES010DEL03,25.0,4.7,12.321214,76.621094,12.381214,76.681094,01-03-2022,22:10,22:25,Windy,Low,2,Snack,electric_scooter,0.0,No,Urban,10,MYS,South India,22
0x514b,MYSRES02DEL01,30.0,4.9,12.304569,76.643622,12.344569,76.683622,19-03-2022,16:10,16:20,Windy,Medium,0,Drinks,motorcycle,1.0,No,Urban,27,MYS,South India,16
0x1bba,BANGRES16DEL03,20.0,4.8,13.029198,77.570997,13.059198,77.600997,26-03-2022,20:20,20:25,Sandstorms,Jam,1,Snack,scooter,1.0,No,Urban,18,BAN,South India,20
0x4cf0,COIMBRES05DEL02,32.0,4.7,11.022169,76.999594,11.042169,77.019594,09-03-2022,11:55,12:05,Sandstorms,High,1,Drinks,scooter,1.0,No,Urban,33,COI,South India,11
0x7dbb,BANGRES05DEL01,32.0,4.9,12.970324,77.645748,13.080324,77.755748,10-03-2022,22:35,22:45,Sunny,Low,2,Buffet,scooter,1.0,No,Urban,21,BAN,South India,22
0x3554,BANGRES05DEL03,37.0,4.7,12.970324,77.645748,13.000324,77.675748,15-03-2022,23:30,23:40,Sandstorms,Low,1,Meal,scooter,1.0,No,Urban,23,BAN,South India,23
0x6b69,MYSRES03DEL02,32.0,3.5,12.299524,76.64262,12.379524,76.72262,02-04-2022,17:20,17:35,Windy,Medium,2,Snack,motorcycle,1.0,No,Urban,36,MYS,South India,17
0x68f1,MYSRES14DEL03,31.0,4.6,0.0,0.0,0.03,0.03,03-04-2022,21:55,22:10,Sandstorms,Jam,1,Meal,motorcycle,0.0,No,Urban,29,MYS,South India,21
0x2607,COIMBRES09DEL02,27.0,4.6,11.008638,76.984311,11.058638,77.034311,05-03-2022,19:20,19:30,Stormy,Jam,2,Meal,scooter,1.0,No,Urban,12,COI,South India,19
0x3894,CHENRES11DEL02,33.0,4.1,13.064181,80.236442,13.084181,80.256442,15-03-2022,10:45,10:50,Stormy,Low,0,Buffet,motorcycle,1.0,No,Urban,26,CHE,South India,10
0x43e4,CHENRES04DEL01,37.0,4.6,13.02978,80.208812,13.13978,80.318812,16-03-2022,17:15,17:30,Windy,Medium,2,Meal,scooter,1.0,No,Urban,28,CHE,South India,17
0x3c01,BANGRES20DEL01,32.0,4.5,12.972161,77.596014,13.012161,77.636014,28-03-2022,13:50,0.583333333,Sunny,High,1,Meal,motorcycle,0.0,No,Urban,20,BAN,South India,13
0x737d,CHENRES15DEL02,33.0,4.2,13.026286,80.275235,13.156286,80.405235,25-03-2022,19:40,19:45,Cloudy,Jam,1,Buffet,motorcycle,1.0,No,Urban,47,CHE,South India,19
0x11f8,MYSRES03DEL01,28.0,4.9,12.299524,76.64262,12.339524,76.68262,26-03-2022,16:35,16:45,Sandstorms,Medium,0,Meal,motorcycle,1.0,No,Urban,12,MYS,South India,16
0x7e3a,MYSRES01DEL03,35.0,4.5,12.311072,76.654878,12.401072,76.744878,08-03-2022,23:10,23:15,Windy,Low,2,Buffet,scooter,,No,Urban,15,MYS,South India,23
0x66ed,BANGRES16DEL01,20.0,4.9,13.029198,77.570997,13.039198,77.580997,30-03-2022,08:25,08:40,Fog,Low,1,Buffet,motorcycle,0.0,No,Urban,11,BAN,South India,8
0x8294,CHENRES04DEL01,28.0,4.9,13.02978,80.208812,13.13978,80.318812,14-03-2022,20:40,20:50,Windy,Jam,2,Buffet,electric_scooter,1.0,No,Urban,15,CHE,South India,20
0x1800,MYSRES02DEL01,33.0,5.0,12.304569,76.643622,12.374569,76.713622,29-03-2022,18:50,0.791666667,Sunny,Medium,1,Drinks,scooter,1.0,No,Urban,27,MYS,South India,18
0x7dc9,CHENRES05DEL03,33.0,4.6,13.058616,80.264151,13.088616,80.294151,09-03-2022,20:35,20:50,Fog,Jam,0,Buffet,motorcycle,1.0,No,Urban,29,CHE,South India,20
0x5f5a,COIMBRES18DEL01,23.0,4.7,11.02091,76.940432,11.13091,77.050432,02-04-2022,19:50,19:55,Windy,Jam,2,Meal,motorcycle,1.0,No,Urban,22,COI,South India,19
0x7480,HYDRES03DEL02,28.0,5.0,17.422819,78.449578,17.442819,78.469578,07-03-2022,09:35,09:45,Cloudy,Low,2,Buffet,scooter,1.0,No,Urban,16,HYD,South India,9
0xfea,CHENRES18DEL01,29.0,5.0,12.981615,80.231598,12.991615,80.241598,24-03-2022,10:30,10:40,Sunny,Low,2,Meal,scooter,,No,Urban,18,CHE,South India,10
0x8828,COIMBRES20DEL02,33.0,4.7,10.994136,76.963303,11.014136,76.983303,30-03-2022,09:45,09:50,Sunny,Low,2,Drinks,motorcycle,0.0,No,Urban,16,COI,South India,9
0x6d6d,BANGRES01DEL02,22.0,5.0,12.933284,77.615428,13.013284,77.695428,12-03-2022,19:40,19:55,Stormy,Jam,2,Meal,scooter,1.0,No,Urban,24,BAN,South India,19
0xe11a,KOCRES13DEL03,32.0,4.8,9.991703,76.293136,10.021703,76.323136,13-02-2022,23:15,23:20,Windy,Low,1,Snack,motorcycle,1.0,No,Urban,26,KOC,South India,23
0x1373,MYSRES03DEL02,38.0,4.2,12.299524,76.64262,12.319524,76.66262,24-03-2022,08:25,08:30,Stormy,Low,0,Meal,motorcycle,1.0,No,Urban,21,MYS,South India,8
0x6594,MYSRES14DEL03,36.0,4.7,0.0,0.0,0.03,0.03,05-04-2022,23:40,23:45,Fog,Low,1,Snack,scooter,,No,Urban,17,MYS,South India,23
0x308b,CHENRES15DEL02,32.0,4.3,13.026286,80.275235,13.106286,80.355235,04-04-2022,19:15,19:30,Stormy,Jam,0,Buffet,motorcycle,0.0,No,Urban,39,CHE,South India,19
0x331e,MYSRES14DEL01,21.0,4.7,0.0,0.0,0.11,0.11,25-03-2022,23:10,23:15,Fog,Low,0,Buffet,motorcycle,0.0,No,Urban,22,MYS,South India,23
0x40f1,COIMBRES01DEL01,28.0,4.7,11.016298,76.972076,11.026298,76.982076,13-03-2022,08:25,08:30,Stormy,Low,2,Buffet,electric_scooter,1.0,No,Urban,14,COI,South India,8
0x1d5c,HYDRES17DEL03,29.0,4.9,17.451976,78.385883,17.511976,78.445883,05-04-2022,19:15,19:25,Sunny,Jam,1,Buffet,motorcycle,1.0,No,Urban,16,HYD,South India,19
0xb89d,HYDRES05DEL02,21.0,4.8,17.433809,78.386744,17.453809,78.406744,09-03-2022,10:10,10:15,Cloudy,Low,2,Meal,motorcycle,0.0,No,Urban,12,HYD,South India,10
0xd1a8,KOCRES02DEL01,23.0,4.8,10.028047,76.310019,10.098047,76.380019,18-02-2022,21:40,21:55,Windy,Jam,1,Snack,scooter,1.0,No,Urban,29,KOC,South India,21
0x6683,HYDRES06DEL02,28.0,4.7,17.455894,78.375467,17.535894,78.455467,27-03-2022,19:25,19:40,Sandstorms,Jam,1,Drinks,motorcycle,1.0,No,Urban,16,HYD,South India,19
0x649d,BANGRES010DEL02,24.0,5.0,12.933298,77.614293,13.013298,77.694293,08-03-2022,22:40,22:55,Windy,Low,0,Snack,motorcycle,0.0,No,Urban,18,BAN,South India,22
0x452f,COIMBRES08DEL02,38.0,4.8,11.001852,76.976268,11.131852,77.106268,06-03-2022,23:35,23:50,Stormy,Low,0,Drinks,motorcycle,0.0,No,Urban,20,COI,South India,23
0x94ad,HYDRES07DEL03,23.0,4.9,17.424114,78.347554,17.454114,78.377554,26-03-2022,22:40,22:55,Stormy,Low,2,Drinks,motorcycle,1.0,No,Urban,18,HYD,South India,22
0x6425,CHENRES11DEL02,37.0,4.7,13.064181,80.236442,13.084181,80.256442,26-03-2022,08:25,08:35,Stormy,Low,1,Drinks,motorcycle,0.0,No,Urban,25,CHE,South India,8
0x1e75,BANGRES11DEL01,27.0,4.5,12.934365,77.616155,13.044365,77.726155,02-03-2022,19:15,19:20,Sandstorms,Jam,2,Snack,scooter,1.0,No,Urban,29,BAN,South India,19
0x8100,MYSRES20DEL03,36.0,5.0,12.337978,76.616792,12.397978,76.676792,13-03-2022,20:55,0.875,Sandstorms,Jam,2,Snack,electric_scooter,1.0,No,Urban,31,MYS,South India,20
0x9b67,BANGRES06DEL01,33.0,4.9,12.979096,77.640625,13.089096,77.750625,27-03-2022,22:40,22:55,Windy,Low,0,Buffet,motorcycle,1.0,No,Urban,26,BAN,South India,22
0xaa7f,CHENRES18DEL01,34.0,4.5,12.981615,80.231598,13.051615,80.301598,04-03-2022,22:45,22:50,Stormy,Low,0,Meal,motorcycle,0.0,No,Urban,22,CHE,South India,22
0x413b,MYSRES03DEL03,26.0,4.7,12.299524,76.64262,12.329524,76.67262,01-04-2022,21:40,21:55,Stormy,Jam,1,Buffet,motorcycle,,,Urban,11,MYS,South India,21
0x5e38,HYDRES04DEL03,27.0,4.9,17.411028,78.329645,17.501028,78.419645,06-04-2022,21:35,21:40,Sandstorms,Jam,0,Meal,motorcycle,1.0,No,Urban,38,HYD,South India,21
0x2f26,HYDRES03DEL03,27.0,4.1,17.422819,78.449578,17.512819,78.539578,10-03-2022,18:35,18:45,Windy,Medium,0,Buffet,motorcycle,0.0,No,Urban,33,HYD,South India,18
0xdb6f,KOCRES12DEL03,20.0,4.7,9.988483,76.295211,10.018483,76.325211,15-02-2022,17:35,17:50,Fog,Medium,1,Buffet,scooter,1.0,No,Urban,16,KOC,South India,17
0xd7d,COIMBRES02DEL01,30.0,4.6,11.022477,76.995667,11.092477,77.065667,18-03-2022,22:40,22:55,Sunny,Low,1,Snack,motorcycle,1.0,No,Urban,29,COI,South India,22
0x2ade,MYSRES17DEL03,26.0,4.8,12.326356,76.619103,12.386356,76.679103,07-03-2022,20:20,20:25,Stormy,Jam,2,Drinks,motorcycle,1.0,No,Urban,26,MYS,South India,20
0x35ed,COIMBRES08DEL01,26.0,4.6,11.001852,76.976268,11.041852,77.016268,01-04-2022,15:25,15:40,Sandstorms,Medium,0,Meal,motorcycle,0.0,No,Urban,10,COI,South India,15
0x7103,CHENRES11DEL03,32.0,4.8,13.064181,80.236442,13.094181,80.266442,24-03-2022,17:50,0.75,Cloudy,Medium,2,Drinks,scooter,1.0,No,Urban,17,CHE,South India,17
0x758f,BANGRES20DEL02,24.0,4.8,12.972161,77.596014,12.992161,77.616014,21-03-2022,09:20,09:30,Cloudy,Low,1,Meal,motorcycle,1.0,No,Urban,13,BAN,South India,9
0xae51,CHENRES17DEL01,29.0,4.5,13.045479,80.23311,13.115479,80.30311,12-03-2022,17:10,17:25,Windy,Medium,1,Meal,motorcycle,0.0,No,Urban,16,CHE,South India,17
0x85ad,HYDRES15DEL01,37.0,4.8,17.45971,78.368855,17.49971,78.408855,05-04-2022,15:10,15:20,Windy,Medium,0,Buffet,motorcycle,1.0,No,Urban,28,HYD,South India,15
0x2625,MYSRES08DEL01,26.0,4.9,12.297954,76.665169,12.337954,76.705169,30-03-2022,14:10,14:15,Windy,High,1,Buffet,scooter,1.0,No,Urban,14,MYS,South India,14
0x93e1,HYDRES08DEL01,31.0,4.9,17.438263,78.397865,17.508263,78.467865,27-03-2022,17:35,17:45,Cloudy,Medium,1,Meal,motorcycle,1.0,No,Urban,40,HYD,South India,17
0xb646,BANGRES19DEL01,26.0,4.7,12.914264,77.6784,12.984264,77.7484,08-03-2022,23:25,23:30,Windy,Low,1,Buffet,scooter,1.0,No,Urban,14,BAN,South India,23
0x2764,MYSRES14DEL03,26.0,4.8,0.0,0.0,0.03,0.03,13-03-2022,21:35,21:45,Stormy,Jam,1,Meal,scooter,1.0,No,Urban,19,MYS,South India,21
0x6c73,BANGRES010DEL02,22.0,4.9,12.933298,77.614293,13.063298,77.744293,04-03-2022,22:55,23:05,Stormy,Low,1,Buffet,scooter,1.0,No,Urban,19,BAN,South India,22
0x5d2f,BANGRES010DEL02,39.0,4.1,12.933298,77.614293,13.013298,77.694293,12-03-2022,21:35,21:45,Fog,Jam,2,Snack,scooter,1.0,No,Urban,41,BAN,South India,21
0x9a3b,CHENRES15DEL02,30.0,4.9,13.026286,80.275235,13.076286,80.325235,19-03-2022,20:15,20:25,Sunny,Jam,1,Buffet,scooter,0.0,No,Urban,15,CHE,South India,20
0x5ab9,COIMBRES17DEL03,21.0,4.6,11.026117,76.944652,11.116117,77.034652,02-03-2022,17:40,17:50,Sunny,Medium,0,Drinks,motorcycle,1.0,No,Urban,24,COI,South India,17
0x9e9f,COIMBRES01DEL02,27.0,4.7,11.016298,76.972076,11.096298,77.052076,16-03-2022,21:25,21:35,Windy,Jam,2,Drinks,motorcycle,1.0,No,Urban,16,COI,South India,21
0x1427,COIMBRES15DEL01,26.0,4.8,11.006686,76.951736,11.016686,76.961736,05-04-2022,08:55,09:10,Stormy,Low,1,Drinks,motorcycle,1.0,No,Urban,18,COI,South India,8
0x85bb,HYDRES14DEL03,36.0,5.0,17.426228,78.407495,17.486228,78.467495,09-03-2022,20:50,21:05,Sunny,Jam,2,Snack,electric_scooter,1.0,No,Urban,19,HYD,South India,20
0x1745,CHENRES02DEL02,30.0,4.6,13.086438,80.220672,13.216439,80.350672,08-03-2022,22:10,22:20,Sandstorms,Low,2,Meal,scooter,1.0,No,Urban,23,CHE,South India,22
0x8bab,HYDRES02DEL02,20.0,4.7,17.41233,78.449654,17.43233,78.469654,19-03-2022,10:45,10:55,Windy,Low,2,Meal,electric_scooter,1.0,No,Urban,17,HYD,South India,10
0x2b1d,MYSRES13DEL02,25.0,2.9,12.310972,76.659264,12.440972,76.789264,12-03-2022,23:15,23:30,Sunny,Low,2,Snack,electric_scooter,1.0,No,Urban,31,MYS,South India,23
0xa535,CHENRES11DEL02,36.0,4.9,13.064181,80.236442,13.084181,80.256442,07-03-2022,09:55,0.416666667,Sandstorms,Low,2,Drinks,scooter,1.0,No,Urban,23,CHE,South India,9
0x6756,CHENRES12DEL02,29.0,4.9,12.972793,80.249982,12.992793,80.269982,05-03-2022,10:10,10:25,Fog,Low,0,Drinks,motorcycle,1.0,No,Urban,18,CHE,South India,10
0x1621,HYDRES03DEL01,29.0,4.6,17.422819,78.449578,17.492819,78.519578,06-03-2022,18:35,18:40,Sunny,Medium,1,Snack,scooter,1.0,No,Urban,14,HYD,South India,18
0x3344,BANGRES08DEL02,39.0,4.6,12.906229,77.596791,12.956229,77.646791,15-03-2022,20:15,20:25,Sunny,Jam,0,Snack,motorcycle,1.0,No,Urban,20,BAN,South India,20
0x17a5,COIMBRES05DEL03,32.0,4.8,11.022169,76.999594,11.052169,77.029594,07-03-2022,20:30,20:35,Sunny,Jam,2,Buffet,electric_scooter,0.0,No,Urban,19,COI,South India,20
0x15d9,BANGRES02DEL03,35.0,4.6,12.970221,77.645396,13.060221,77.735396,02-04-2022,22:40,22:50,Stormy,Low,2,Snack,electric_scooter,0.0,No,Urban,15,BAN,South India,22
0xa977,CHENRES16DEL01,27.0,4.8,13.049645,80.242268,13.089645,80.282268,13-03-2022,16:15,16:25,Sunny,Medium,1,Buffet,motorcycle,0.0,No,Urban,11,CHE,South India,16
0x9a48,COIMBRES19DEL01,25.0,5.0,11.022298,76.998349,11.032298,77.008349,15-03-2022,10:25,10:30,Cloudy,Low,1,Snack,motorcycle,0.0,No,Urban,12,COI,South India,10
0x7de0,COIMBRES010DEL01,26.0,5.0,11.003008,76.97544,11.073009,77.04544,02-04-2022,18:50,0.791666667,Fog,Medium,2,Buffet,electric_scooter,1.0,No,Urban,32,COI,South India,18
0x35e8,MYSRES010DEL02,30.0,5.0,12.321214,76.621094,12.401214,76.701094,02-03-2022,18:40,18:50,Windy,Medium,0,Drinks,motorcycle,0.0,No,Urban,30,MYS,South India,18
0x3d7c,COIMBRES07DEL03,26.0,4.7,10.96185,76.971082,11.05185,77.061082,02-04-2022,18:45,18:50,Fog,Medium,2,Drinks,scooter,1.0,No,Urban,27,COI,South India,18
0x4768,HYDRES05DEL01,26.0,4.9,17.433809,78.386744,17.543809,78.496744,02-03-2022,22:25,22:30,Sandstorms,Low,1,Buffet,motorcycle,0.0,No,Urban,12,HYD,South India,22
0x8eed,CHENRES11DEL01,30.0,4.7,13.064181,80.236442,13.074181,80.246442,01-03-2022,09:10,09:25,Sunny,Low,2,Snack,scooter,1.0,No,Urban,15,CHE,South India,9
0xe090,KOCRES07DEL02,29.0,4.8,9.985697,76.281128,10.065697,76.361128,18-02-2022,22:50,0.958333333,Stormy,Low,1,Meal,scooter,1.0,No,Urban,14,KOC,South India,22
0x6303,MYSRES12DEL03,25.0,5.0,12.284747,76.625861,12.314747,76.655861,03-03-2022,17:55,0.75,Cloudy,Medium,0,Buffet,motorcycle,1.0,No,Urban,24,MYS,South India,17
0x2b1b,MYSRES010DEL02,32.0,4.6,12.321214,76.621094,12.371214,76.671094,09-03-2022,21:20,21:35,Fog,Jam,2,Buffet,electric_scooter,1.0,No,Urban,35,MYS,South India,21
0xa056,BANGRES11DEL02,21.0,4.7,12.934365,77.616155,13.014365,77.696155,14-03-2022,20:25,20:35,Cloudy,Jam,0,Snack,motorcycle,1.0,No,Urban,45,BAN,South India,20
0x2516,COIMBRES11DEL02,24.0,4.7,11.001753,76.986241,11.131753,77.116241,14-03-2022,23:40,23:55,Sandstorms,Low,1,Drinks,motorcycle,1.0,No,Urban,19,COI,South India,23
0x3e02,COIMBRES16DEL01,28.0,4.6,11.010375,76.95295,11.020375,76.96295,15-03-2022,09:40,09:55,Cloudy,Low,2,Snack,scooter,0.0,No,Urban,15,COI,South India,9
0xa916,MYSRES02DEL01,36.0,4.5,12.304569,76.643622,12.314569,76.653622,15-03-2022,11:45,0.5,Windy,High,2,Drinks,scooter,1.0,No,Urban,30,MYS,South India,11
0x3ac5,COIMBRES18DEL03,34.0,5.0,11.02091,76.940432,11.05091,76.970432,01-04-2022,19:30,19:45,Cloudy,Jam,0,Drinks,motorcycle,0.0,No,Urban,30,COI,South India,19
0x5748,HYDRES010DEL03,26.0,4.7,17.428294,78.404423,17.488294,78.464423,11-03-2022,18:15,18:20,Sunny,Medium,0,Meal,motorcycle,1.0,No,Urban,15,HYD,South India,18
0xbec,CHENRES05DEL01,32.0,4.1,13.058616,80.264151,13.128616,80.334151,02-04-2022,22:20,22:30,Cloudy,Low,2,Drinks,scooter,2.0,No,Urban,34,CHE,South India,22
0xb8ef,MYSRES12DEL03,21.0,5.0,12.284747,76.625861,12.344747,76.685861,30-03-2022,18:40,18:50,Sunny,Medium,2,Buffet,scooter,0.0,No,Urban,13,MYS,South India,18
0x35cd,HYDRES12DEL02,29.0,4.6,17.429585,78.392621,17.449585,78.412621,24-03-2022,09:45,0.416666667,Cloudy,Low,0,Buffet,motorcycle,0.0,No,Urban,16,HYD,South India,9
0x1922,CHENRES13DEL03,23.0,4.7,13.027018,80.254791,13.117018,80.344791,06-04-2022,17:25,17:30,Cloudy,Medium,1,Drinks,motorcycle,1.0,No,Urban,31,CHE,South India,17
0x52c2,COIMBRES01DEL03,22.0,4.6,11.016298,76.972076,11.046298,77.002076,24-03-2022,1,24:15:00,Cloudy,Low,2,Drinks,motorcycle,0.0,No,Urban,10,COI,South India,1
0x6665,MYSRES18DEL02,29.0,4.6,12.337928,76.617889,12.357928,76.637889,05-03-2022,08:15,08:25,Cloudy,Low,1,Meal,motorcycle,0.0,No,Urban,17,MYS,South India,8
0x7419,CHENRES01DEL03,39.0,4.2,13.005801,80.250744,13.095801,80.340744,14-03-2022,20:20,20:30,Sunny,Jam,0,Drinks,motorcycle,1.0,No,Urban,42,CHE,South India,20
0x2945,BANGRES08DEL01,36.0,4.9,12.906229,77.596791,12.916229,77.606791,15-03-2022,08:30,08:45,Fog,Low,2,Snack,scooter,0.0,No,Urban,15,BAN,South India,8
0xbe53,HYDRES08DEL02,30.0,4.6,17.438263,78.397865,17.488263,78.447865,13-03-2022,23:40,23:45,Stormy,Low,1,Buffet,scooter,1.0,No,Urban,27,HYD,South India,23
0xb535,COIMBRES13DEL02,20.0,4.5,11.003669,76.976494,11.053669,77.026494,01-04-2022,22:10,22:20,Cloudy,Low,1,Snack,motorcycle,0.0,No,Urban,12,COI,South India,22
0x7e69,BANGRES19DEL02,30.0,4.9,12.914264,77.6784,12.964264,77.7284,13-03-2022,22:30,22:35,Windy,Low,1,Snack,motorcycle,1.0,No,Urban,27,BAN,South India,22
0x632c,HYDRES19DEL02,21.0,4.5,17.458998,78.500366,17.478998,78.520366,11-03-2022,08:15,08:20,Windy,Low,2,Drinks,electric_scooter,1.0,No,Urban,18,HYD,South India,8
0xab9f,BANGRES06DEL02,25.0,4.8,12.979096,77.640625,13.029096,77.690625,15-03-2022,17:20,17:30,Sandstorms,Medium,2,Snack,scooter,1.0,No,Urban,24,BAN,South India,17
0xb965,BANGRES15DEL03,23.0,4.7,12.975377,77.696664,13.035377,77.756664,15-03-2022,17:45,17:50,Fog,Medium,1,Buffet,motorcycle,1.0,No,Urban,12,BAN,South India,17
0x45a7,MYSRES05DEL03,30.0,4.8,12.323978,76.627961,12.383978,76.687961,26-03-2022,17:15,17:20,Sunny,Medium,2,Buffet,scooter,0.0,No,Urban,23,MYS,South India,17
0x4748,COIMBRES09DEL01,21.0,4.5,11.008638,76.984311,11.048638,77.024311,28-03-2022,13:30,13:40,Sunny,High,0,Buffet,motorcycle,1.0,No,Urban,51,COI,South India,13
0x1669,CHENRES13DEL03,29.0,4.7,13.027018,80.254791,13.057018,80.284791,03-04-2022,21:40,21:55,Windy,Jam,1,Snack,motorcycle,0.0,No,Urban,10,CHE,South India,21
0x3390,COIMBRES19DEL03,39.0,4.1,11.022298,76.998349,11.112298,77.088349,27-03-2022,21:40,21:45,Sandstorms,Jam,1,Meal,motorcycle,1.0,No,Urban,31,COI,South India,21
0x3b29,COIMBRES01DEL01,20.0,4.7,11.016298,76.972076,11.056298,77.012076,03-03-2022,16:25,16:35,Fog,Medium,2,Snack,motorcycle,0.0,No,Urban,15,COI,South India,16
0x3835,COIMBRES18DEL03,24.0,4.6,11.02091,76.940432,11.05091,76.970432,21-03-2022,19:25,19:40,Sunny,Jam,2,Buffet,scooter,1.0,No,Urban,10,COI,South India,19
0xc638,KOCRES17DEL01,20.0,4.6,9.959778,76.296106,10.029778,76.366106,14-02-2022,21:15,21:25,Sandstorms,Jam,1,Meal,scooter,0.0,No,Urban,18,KOC,South India,21
0xaba2,COIMBRES09DEL03,25.0,4.5,11.008638,76.984311,11.068638,77.044311,07-03-2022,21:10,21:25,Sunny,Jam,1,Drinks,scooter,1.0,No,Urban,15,COI,South India,21
0x1d75,COIMBRES010DEL01,27.0,4.3,11.003008,76.97544,11.013008,76.98544,24-03-2022,08:30,08:40,Stormy,Low,0,Buffet,motorcycle,1.0,No,Urban,20,COI,South India,8
0x8841,MYSRES16DEL03,38.0,4.7,12.316967,76.603067,12.346967,76.633067,01-03-2022,21:25,21:30,Windy,Jam,2,Snack,motorcycle,1.0,No,Urban,28,MYS,South India,21
0x41a5,BANGRES07DEL02,20.0,4.9,12.978453,77.643685,12.998453,77.663685,21-03-2022,10:45,10:50,Sandstorms,Low,2,Buffet,scooter,0.0,No,Urban,13,BAN,South India,10
0x5e91,MYSRES18DEL03,35.0,5.0,12.337928,76.617889,12.367928,76.647889,19-03-2022,21:45,0.916666667,Sunny,Jam,2,Buffet,electric_scooter,1.0,No,Urban,24,MYS,South India,21
0x5bc6,COIMBRES16DEL01,23.0,4.7,11.010375,76.95295,11.020375,76.96295,07-03-2022,10:25,10:40,Sandstorms,Low,1,Buffet,scooter,1.0,No,Urban,12,COI,South India,10
0x3fcf,HYDRES11DEL01,24.0,4.6,17.430448,78.418213,17.500448,78.488213,27-03-2022,22:15,22:30,Cloudy,Low,2,Drinks,electric_scooter,1.0,No,Urban,24,HYD,South India,22
0x120e,MYSRES010DEL01,22.0,4.9,12.321214,76.621094,12.331214,76.631094,01-03-2022,09:50,10:05,Sandstorms,Low,2,Drinks,motorcycle,1.0,No,Urban,17,MYS,South India,9
0xb980,COIMBRES01DEL01,29.0,4.8,11.016298,76.972076,11.026298,76.982076,15-03-2022,10:20,10:25,Sunny,Low,1,Meal,motorcycle,0.0,No,Urban,16,COI,South India,10
0x8c15,CHENRES07DEL02,29.0,4.3,13.081878,80.248519,13.101878,80.268519,07-03-2022,10:10,10:20,Stormy,Low,0,Meal,motorcycle,1.0,No,Urban,16,CHE,South India,10
0xa215,COIMBRES18DEL03,32.0,4.8,11.02091,76.940432,11.05091,76.970432,07-03-2022,19:10,19:25,Sunny,Jam,1,Meal,scooter,0.0,No,Urban,17,COI,South India,19
0x813c,COIMBRES08DEL03,38.0,4.9,11.001852,76.976268,11.091852,77.066268,04-03-2022,17:35,17:45,Fog,Medium,1,Drinks,scooter,1.0,No,Urban,31,COI,South India,17
0xbcf0,MYSRES02DEL01,35.0,4.6,12.304569,76.643622,12.314569,76.653622,13-03-2022,08:10,08:15,Fog,Low,2,Drinks,scooter,1.0,No,Urban,17,MYS,South India,8
0x2735,HYDRES18DEL03,22.0,4.5,17.450851,78.379347,17.480851,78.409347,05-04-2022,22:25,22:40,Stormy,Low,1,Snack,motorcycle,1.0,No,Urban,11,HYD,South India,22
0x4c47,HYDRES15DEL02,36.0,3.9,17.45971,78.368855,17.58971,78.498855,12-03-2022,20:30,20:40,Sandstorms,Jam,2,Buffet,motorcycle,1.0,No,Urban,31,HYD,South India,20
0x9ede,COIMBRES02DEL03,21.0,4.7,11.022477,76.995667,11.052477,77.025667,15-03-2022,18:10,18:20,Stormy,Medium,2,Meal,scooter,1.0,No,Urban,22,COI,South India,18
0x89dc,MYSRES08DEL03,33.0,4.5,12.297954,76.665169,12.387954,76.755169,02-03-2022,17:25,17:40,Windy,Medium,1,Buffet,motorcycle,0.0,No,Urban,21,MYS,South India,17
0x3619,MYSRES19DEL01,21.0,4.8,12.334022,76.618203,12.444022,76.728203,27-03-2022,23:25,23:40,Windy,Low,1,Buffet,scooter,1.0,No,Urban,12,MYS,South India,23
0x6c60,COIMBRES11DEL01,22.0,4.7,11.001753,76.986241,11.011753,76.996241,15-03-2022,09:55,10:10,Sunny,Low,2,Buffet,scooter,1.0,No,Urban,18,COI,South India,9
0x8b12,CHENRES07DEL02,38.0,4.7,13.081878,80.248519,13.211878,80.378519,20-03-2022,22:20,22:35,Sandstorms,Low,0,Meal,motorcycle,,No,Urban,24,CHE,South India,22
0x6a5a,BANGRES16DEL03,27.0,4.6,13.029198,77.570997,13.059198,77.600997,03-04-2022,22:35,22:50,Stormy,Low,2,Drinks,electric_scooter,1.0,No,Urban,17,BAN,South India,22
0x5bc1,MYSRES04DEL02,21.0,4.8,12.3085,76.665808,12.3285,76.685808,15-03-2022,09:35,09:45,Cloudy,Low,1,Buffet,scooter,1.0,No,Urban,16,MYS,South India,9
0x7ec6,HYDRES11DEL02,22.0,4.9,17.430448,78.418213,17.480448,78.468213,13-03-2022,18:55,19:05,Stormy,Medium,0,Buffet,motorcycle,1.0,No,Urban,17,HYD,South India,18
0x1be0,CHENRES16DEL01,21.0,4.8,13.049645,80.242268,13.119645,80.312268,27-03-2022,21:25,21:35,Sandstorms,Jam,1,Meal,motorcycle,1.0,No,Urban,22,CHE,South India,21
0x1d83,BANGRES20DEL03,22.0,4.7,12.972161,77.596014,13.002161,77.626014,28-03-2022,17:35,17:50,Stormy,Medium,0,Buffet,motorcycle,1.0,No,Urban,20,BAN,South India,17
0xb013,CHENRES03DEL03,24.0,4.6,13.091809,80.219104,13.181809,80.309104,23-03-2022,19:55,0.833333333,Stormy,Jam,0,Drinks,motorcycle,1.0,No,Urban,34,CHE,South India,19
0x652e,HYDRES09DEL02,21.0,4.5,17.431668,78.408321,17.481668,78.458321,13-03-2022,23:45,23:50,Cloudy,Low,1,Buffet,scooter,0.0,No,Urban,13,HYD,South India,23
0x522e,HYDRES04DEL02,34.0,4.0,17.411028,78.329645,17.461028,78.379645,15-03-2022,19:50,0.833333333,Sandstorms,Jam,2,Snack,scooter,0.0,No,Urban,33,HYD,South India,19
0x9bb7,BANGRES13DEL01,21.0,4.8,12.935662,77.61413,13.005662,77.68413,04-04-2022,22:55,0.958333333,Windy,Low,1,Drinks,scooter,0.0,No,Urban,12,BAN,South India,22
0x5619,BANGRES17DEL01,34.0,4.8,12.972532,77.608179,13.082532,77.718179,29-03-2022,22:35,22:50,Windy,Low,0,Snack,motorcycle,1.0,No,Urban,26,BAN,South India,22
0x1827,COIMBRES20DEL03,37.0,5.0,10.994136,76.963303,11.084136,77.053303,25-03-2022,22:20,22:25,Windy,Low,0,Drinks,motorcycle,1.0,No,Urban,22,COI,South India,22
0xbd35,BANGRES12DEL03,38.0,4.7,12.939496,77.625999,13.029496,77.715999,31-03-2022,23:45,23:55,Sunny,Low,1,Snack,motorcycle,1.0,No,Urban,19,BAN,South India,23
0xb1ff,MYSRES19DEL01,35.0,4.6,12.334022,76.618203,12.444022,76.728203,20-03-2022,17:50,18:05,Sunny,Medium,0,Buffet,motorcycle,1.0,No,Urban,30,MYS,South India,17
0x8e9f,COIMBRES17DEL01,30.0,5.0,11.026117,76.944652,11.066117,76.984652,28-03-2022,13:20,13:25,Fog,High,0,Meal,motorcycle,1.0,No,Urban,31,COI,South India,13
0x202c,MYSRES07DEL01,21.0,4.6,12.325461,76.632278,12.395461,76.702278,20-03-2022,17:20,17:35,Windy,Medium,2,Buffet,scooter,1.0,No,Urban,26,MYS,South India,17
0x6a15,HYDRES17DEL02,32.0,4.5,17.451976,78.385883,17.531976,78.465883,02-03-2022,23:55,1,Sunny,Low,1,Meal,scooter,0.0,No,Urban,15,HYD,South India,23
0xb8ee,MYSRES20DEL02,31.0,4.6,12.337978,76.616792,12.417978,76.696792,02-04-2022,17:15,17:20,Windy,Medium,1,Snack,scooter,0.0,No,Urban,22,MYS,South India,17
0x4f54,MYSRES06DEL02,33.0,4.2,12.323994,76.626167,12.403994,76.706167,16-03-2022,21:10,21:25,Stormy,Jam,2,Drinks,electric_scooter,1.0,No,Urban,44,MYS,South India,21
0xb6c5,CHENRES16DEL02,27.0,4.8,13.049645,80.242268,13.179645,80.372268,12-03-2022,20:25,20:40,Sunny,Jam,2,Meal,motorcycle,1.0,No,Urban,14,CHE,South India,20
0x297b,COIMBRES14DEL01,30.0,4.6337736972250205,11.003681,76.975525,11.013681,76.985525,19-03-2022,11:40,11:45,Windy,High,1,Buffet,scooter,1.0,No,Urban,26,COI,South India,11
0x1ca6,CHENRES02DEL02,24.0,4.7,13.086438,80.220672,13.216439,80.350672,23-03-2022,23:55,24:10:00,Cloudy,Low,1,Meal,motorcycle,0.0,No,Urban,21,CHE,South India,23
0x6060,CHENRES16DEL02,27.0,4.6,13.049645,80.242268,13.179645,80.372268,08-03-2022,18:25,18:30,Sandstorms,Medium,2,Drinks,scooter,1.0,No,Urban,28,CHE,South India,18
0xa499,COIMBRES010DEL01,28.0,4.9,11.003008,76.97544,11.073009,77.04544,08-03-2022,23:35,23:45,Cloudy,Low,1,Drinks,motorcycle,1.0,No,Urban,29,COI,South India,23
0xac41,CHENRES08DEL03,21.0,4.8,13.022394,80.242439,13.082394,80.302439,11-03-2022,18:35,18:45,Fog,Medium,1,Buffet,motorcycle,0.0,No,Urban,13,CHE,South India,18
0xaef8,HYDRES09DEL02,26.0,4.6,17.431668,78.408321,17.481668,78.458321,26-03-2022,21:55,22:10,Windy,Jam,2,Meal,scooter,1.0,No,Urban,23,HYD,South India,21
0x3477,HYDRES11DEL03,23.0,4.8,17.430448,78.418213,17.490448,78.478213,09-03-2022,19:10,19:20,Fog,Jam,0,Buffet,motorcycle,1.0,No,Urban,29,HYD,South India,19
0x8c03,COIMBRES09DEL01,34.0,5.0,11.008638,76.984311,11.078638,77.054311,04-04-2022,18:30,18:45,Sandstorms,Medium,1,Buffet,motorcycle,1.0,No,Urban,22,COI,South India,18
0x9e65,BANGRES13DEL01,39.0,4.8,12.935662,77.61413,12.975662,77.65413,17-03-2022,14:25,14:35,Sunny,High,1,Buffet,motorcycle,0.0,No,Urban,18,BAN,South India,14
0x6eae,COIMBRES13DEL02,27.0,4.2,11.003669,76.976494,11.023669,76.996494,05-03-2022,09:15,09:20,Windy,Low,0,Meal,motorcycle,0.0,No,Urban,17,COI,South India,9
0xa5d3,BANGRES010DEL02,36.0,4.8,12.933298,77.614293,12.953298,77.634293,15-03-2022,09:20,09:30,Sunny,Low,1,Meal,scooter,1.0,No,Urban,15,BAN,South India,9
0x8c89,COIMBRES08DEL01,24.0,4.8,11.001852,76.976268,11.041852,77.016268,15-03-2022,16:55,0.708333333,Stormy,Medium,0,Buffet,motorcycle,0.0,No,Urban,13,COI,South India,16
0xb14e,BANGRES08DEL02,29.0,4.5,12.906229,77.596791,13.036229,77.726791,10-03-2022,19:45,0.833333333,Sandstorms,Jam,2,Drinks,scooter,0.0,No,Urban,23,BAN,South India,19
0x2368,BANGRES15DEL01,33.0,4.1,12.975377,77.696664,13.015377,77.736664,28-03-2022,13:15,13:20,Windy,High,2,Drinks,scooter,1.0,No,Urban,34,BAN,South India,13
0x4625,HYDRES04DEL01,38.0,4.6,17.411028,78.329645,17.481028,78.399645,18-03-2022,18:35,18:40,Cloudy,Medium,0,Buffet,motorcycle,0.0,No,Urban,44,HYD,South India,18
0x375c,BANGRES04DEL01,27.0,4.8,12.98041,77.640489,12.99041,77.650489,13-03-2022,08:20,08:25,Cloudy,Low,0,Drinks,motorcycle,0.0,No,Urban,16,BAN,South India,8
0x9f86,HYDRES19DEL02,23.0,4.8,17.458998,78.500366,17.508998,78.550366,19-03-2022,23:30,23:35,Windy,Low,1,Snack,motorcycle,1.0,No,Urban,13,HYD,South India,23
0x80c1,BANGRES18DEL02,28.0,4.9,12.913041,77.683237,12.993041,77.763237,31-03-2022,21:20,21:25,Stormy,Jam,0,Buffet,motorcycle,1.0,No,Urban,36,BAN,South India,21
0x1eea,HYDRES19DEL03,30.0,4.5,17.458998,78.500366,17.518998,78.560366,21-03-2022,22:20,22:25,Fog,Low,1,Buffet,motorcycle,1.0,No,Urban,15,HYD,South India,22
0x11be,COIMBRES010DEL03,38.0,4.2,11.003008,76.97544,11.093008,77.06544,31-03-2022,21:20,21:30,Windy,Jam,1,Drinks,scooter,1.0,No,Urban,34,COI,South India,21
0xad9b,COIMBRES15DEL01,22.0,4.8,11.006686,76.951736,11.116686,77.061736,25-03-2022,22:15,22:30,Windy,Low,2,Snack,motorcycle,0.0,No,Urban,12,COI,South India,22
0x1603,COIMBRES06DEL03,35.0,4.8,11.021278,76.995017,11.051278,77.025017,15-03-2022,22:55,23:10,Sunny,Low,1,Drinks,motorcycle,1.0,No,Urban,19,COI,South India,22
0xbb04,COIMBRES05DEL02,38.0,4.2,11.022169,76.999594,11.072169,77.049594,17-03-2022,23:35,23:40,Windy,Low,0,Meal,motorcycle,1.0,No,Urban,20,COI,South India,23
0x9f9,COIMBRES02DEL02,37.0,4.8,11.022477,76.995667,11.072477,77.045667,05-03-2022,17:35,17:45,Sunny,Medium,0,Buffet,motorcycle,1.0,No,Urban,24,COI,South India,17
0x43d8,HYDRES02DEL02,39.0,4.3,17.41233,78.449654,17.54233,78.579654,06-03-2022,21:30,21:45,Cloudy,Jam,1,Meal,motorcycle,2.0,No,Urban,38,HYD,South India,21
0x8f71,MYSRES010DEL01,37.0,4.3,12.321214,76.621094,12.331214,76.631094,11-03-2022,10:55,11:10,Windy,Low,0,Drinks,motorcycle,1.0,No,Urban,24,MYS,South India,10
0x7543,CHENRES02DEL01,31.0,4.7,13.086438,80.220672,13.156439,80.290672,29-03-2022,23:10,23:20,Cloudy,Low,2,Meal,electric_scooter,1.0,No,Urban,27,CHE,South India,23
0x1c30,HYDRES04DEL01,23.0,4.7,17.411028,78.329645,17.451028,78.369645,05-03-2022,15:55,16:05,Stormy,Medium,0,Snack,motorcycle,1.0,No,Urban,13,HYD,South India,15
0x92bd,HYDRES19DEL02,22.0,4.2,17.458998,78.500366,17.478998,78.520366,21-03-2022,10:10,10:25,Windy,Low,0,Buffet,motorcycle,1.0,No,Urban,23,HYD,South India,10
0x20bc,HYDRES02DEL02,21.0,4.8,17.41233,78.449654,17.54233,78.579654,27-03-2022,23:25,23:40,Sandstorms,Low,2,Snack,motorcycle,1.0,No,Urban,12,HYD,South India,23
0xb3e1,COIMBRES16DEL03,30.0,5.0,11.010375,76.95295,11.100375,77.04295,16-03-2022,22:20,22:35,Stormy,Low,2,Drinks,scooter,1.0,No,Urban,15,COI,South India,22
0xb52f,CHENRES06DEL01,30.0,4.6,13.054347,80.257221,13.064347,80.267221,05-03-2022,11:50,0.5,Cloudy,High,2,Snack,motorcycle,1.0,No,Urban,31,CHE,South India,11
0x83f9,COIMBRES02DEL03,27.0,5.0,11.022477,76.995667,11.112477,77.085667,06-03-2022,22:15,22:25,Stormy,Low,0,Buffet,motorcycle,1.0,No,Urban,22,COI,South India,22
0x5769,HYDRES010DEL03,22.0,4.5,17.428294,78.404423,17.458294,78.434423,07-03-2022,22:15,22:30,Cloudy,Low,1,Meal,motorcycle,1.0,No,Urban,13,HYD,South India,22
0x2ebb,CHENRES13DEL02,39.0,4.8,13.027018,80.254791,13.077018,80.304791,28-03-2022,22:25,22:40,Sunny,Low,1,Snack,scooter,0.0,No,Urban,17,CHE,South India,22
0x3a4a,MYSRES08DEL01,30.0,4.7,12.297954,76.665169,12.367954,76.735169,04-03-2022,23:30,23:45,Stormy,Low,2,Buffet,scooter,0.0,No,Urban,19,MYS,South India,23
0x7335,BANGRES11DEL01,39.0,4.9,12.934365,77.616155,13.044365,77.726155,14-03-2022,19:10,19:20,Stormy,Jam,2,Drinks,electric_scooter,1.0,No,Urban,29,BAN,South India,19
0xb305,COIMBRES09DEL02,23.0,4.0,11.008638,76.984311,11.058638,77.034311,21-03-2022,23:20,23:30,Windy,Low,0,Drinks,motorcycle,1.0,No,Urban,16,COI,South India,23
0x9ab2,CHENRES02DEL03,36.0,4.0,13.086438,80.220672,13.116438,80.250672,30-03-2022,21:15,21:30,Windy,Jam,2,Meal,scooter,1.0,No,Urban,31,CHE,South India,21
0x7163,MYSRES09DEL01,38.0,4.6,12.323194,76.630583,12.363194,76.670583,03-04-2022,15:35,15:50,Cloudy,Medium,1,Snack,motorcycle,0.0,No,Urban,17,MYS,South India,15
0xa565,MYSRES20DEL02,23.0,4.6,12.337978,76.616792,12.417978,76.696792,25-03-2022,17:45,17:50,Sunny,Medium,2,Buffet,scooter,0.0,No,Urban,15,MYS,South India,17
0x62cc,CHENRES13DEL03,34.0,4.3,13.027018,80.254791,13.117018,80.344791,29-03-2022,17:55,18:10,Stormy,Medium,0,Drinks,motorcycle,1.0,No,Urban,44,CHE,South India,17
0x6f8b,HYDRES03DEL02,33.0,4.1,17.422819,78.449578,17.502819,78.529578,02-03-2022,20:35,20:40,Windy,Jam,0,Drinks,motorcycle,1.0,Yes,Urban,40,HYD,South India,20
0xa6e1,MYSRES03DEL02,34.0,4.8,12.299524,76.64262,12.349524,76.69262,05-04-2022,18:25,18:30,Cloudy,Medium,0,Drinks,motorcycle,1.0,No,Urban,25,MYS,South India,18
0xb86f,BANGRES010DEL02,28.0,4.6,12.933298,77.614293,12.983298,77.664293,01-03-2022,17:35,17:50,Fog,Medium,1,Meal,motorcycle,1.0,No,Urban,14,BAN,South India,17
0x6b59,MYSRES05DEL02,36.0,4.4,12.323978,76.627961,12.403978,76.707961,04-04-2022,21:55,22:10,Fog,Jam,1,Drinks,scooter,2.0,No,Urban,48,MYS,South India,21
0x64a4,COIMBRES15DEL03,28.0,4.8,11.006686,76.951736,11.066686,77.011736,03-04-2022,23:10,23:15,Cloudy,Low,2,Snack,scooter,0.0,No,Urban,13,COI,South India,23
0x67ff,CHENRES14DEL01,34.0,4.9,13.026279,80.174568,13.136279,80.284568,02-03-2022,22:45,22:50,Windy,Low,1,Snack,scooter,1.0,No,Urban,28,CHE,South India,22
0xa6d6,CHENRES09DEL02,30.0,4.8,13.044694,80.26147,13.064694,80.28147,07-03-2022,11:20,11:30,Cloudy,High,1,Snack,scooter,0.0,No,Urban,25,CHE,South India,11
0x5c71,COIMBRES18DEL02,36.0,4.9,11.02091,76.940432,11.10091,77.020432,12-03-2022,21:25,21:35,Sandstorms,Jam,0,Meal,motorcycle,1.0,No,Urban,36,COI,South India,21
0x58ad,MYSRES05DEL02,27.0,4.8,12.323978,76.627961,12.343978,76.647961,05-03-2022,11:30,11:35,Cloudy,High,1,Drinks,motorcycle,1.0,No,Urban,30,MYS,South India,11
0xa617,BANGRES11DEL02,39.0,4.8,12.934365,77.616155,12.954365,77.636155,24-03-2022,10:20,10:25,Cloudy,Low,0,Snack,motorcycle,1.0,No,Urban,22,BAN,South India,10
0x248a,CHENRES03DEL01,33.0,4.7,13.091809,80.219104,13.101809,80.229104,09-03-2022,09:40,09:45,Windy,Low,1,Snack,motorcycle,1.0,No,Urban,25,CHE,South India,9
0xcac7,KOCRES16DEL01,25.0,4.6,10.003064,76.307589,10.073064,76.377589,12-02-2022,21:20,21:30,Sunny,Jam,0,Drinks,motorcycle,,No,Urban,19,KOC,South India,21
0x2f89,COIMBRES06DEL02,38.0,4.9,11.021278,76.995017,11.101278,77.075017,10-03-2022,22:10,22:20,Sandstorms,Low,1,Snack,scooter,1.0,No,Urban,29,COI,South India,22
0xc2fe,KOCRES20DEL02,35.0,4.6,9.979186,76.317361,10.109186,76.447361,14-02-2022,22:10,22:25,Sandstorms,Low,0,Drinks,motorcycle,1.0,No,Urban,22,KOC,South India,22
0xa585,HYDRES19DEL03,26.0,4.5,17.458998,78.500366,17.518998,78.560366,24-03-2022,22:40,22:45,Sunny,Low,0,Meal,motorcycle,1.0,No,Urban,15,HYD,South India,22
0x8412,CHENRES05DEL02,21.0,4.5,13.058616,80.264151,13.188616,80.394151,20-03-2022,18:15,18:25,Sandstorms,Medium,1,Snack,scooter,1.0,No,Urban,26,CHE,South India,18
0xa087,CHENRES13DEL01,20.0,4.7,13.027018,80.254791,13.137018,80.364791,14-03-2022,20:30,20:40,Sandstorms,Jam,0,Snack,motorcycle,1.0,No,Urban,30,CHE,South India,20
0xb647,HYDRES03DEL03,25.0,5.0,17.422819,78.449578,17.482819,78.509578,11-03-2022,20:35,20:50,Stormy,Jam,2,Meal,electric_scooter,0.0,No,Urban,14,HYD,South India,20
0x845c,HYDRES18DEL02,23.0,5.0,17.450851,78.379347,17.580851,78.509347,02-03-2022,19:45,0.833333333,Sunny,Jam,2,Snack,scooter,1.0,No,Urban,20,HYD,South India,19
0x33e6,COIMBRES06DEL02,22.0,4.5,11.021278,76.995017,11.151278,77.125017,23-03-2022,21:35,21:40,Stormy,Jam,1,Snack,motorcycle,0.0,No,Urban,16,COI,South India,21
0x4050,HYDRES11DEL02,31.0,4.7,17.430448,78.418213,17.450448,78.438213,28-03-2022,10:55,11:05,Sunny,Low,1,Drinks,motorcycle,0.0,No,Urban,10,HYD,South India,10
0xae13,BANGRES18DEL02,26.0,5.0,12.913041,77.683237,12.963041,77.733237,05-04-2022,22:30,22:35,Cloudy,Low,0,Drinks,motorcycle,0.0,No,Urban,17,BAN,South India,22
0x259a,COIMBRES12DEL02,36.0,4.7,11.000762,76.981876,11.050762,77.031876,05-04-2022,22:15,22:20,Fog,Low,0,Snack,motorcycle,1.0,No,Urban,23,COI,South India,22
0x7002,HYDRES16DEL02,30.0,4.6,17.440827,78.393391,17.520827,78.473391,16-03-2022,21:50,21:55,Cloudy,Jam,2,Buffet,scooter,1.0,No,Urban,38,HYD,South India,21
0xae35,HYDRES18DEL02,22.0,4.5,17.450851,78.379347,17.470851,78.399347,07-03-2022,11:55,0.5,Windy,High,1,Drinks,motorcycle,1.0,No,Urban,18,HYD,South India,11
0x8529,CHENRES08DEL02,27.0,5.0,13.022394,80.242439,13.152394,80.372439,23-03-2022,18:50,19:05,Sunny,Medium,2,Snack,scooter,1.0,No,Urban,11,CHE,South India,18
0x8ce9,MYSRES09DEL03,27.0,5.0,12.323194,76.630583,12.353194,76.660583,11-03-2022,19:50,20:05,Sunny,Jam,1,Snack,motorcycle,1.0,No,Urban,18,MYS,South India,19
0x17c1,COIMBRES07DEL03,24.0,4.7,10.96185,76.971082,11.05185,77.061082,27-03-2022,21:30,21:45,Windy,Jam,1,Buffet,scooter,1.0,No,Urban,19,COI,South India,21
0x923c,COIMBRES010DEL03,34.0,4.1,11.003008,76.97544,11.033008,77.00544,15-03-2022,23:35,23:50,Sandstorms,Low,0,Buffet,motorcycle,0.0,No,Urban,24,COI,South India,23
0x2c1e,MYSRES20DEL02,30.0,4.5,12.337978,76.616792,12.417978,76.696792,12-03-2022,22:55,23:05,Windy,Low,2,Drinks,motorcycle,1.0,No,Urban,27,MYS,South India,22
0x3b05,CHENRES19DEL01,35.0,4.7,12.986047,80.218114,13.026047,80.258114,07-03-2022,13:20,13:35,Stormy,High,2,Snack,scooter,1.0,No,Urban,28,CHE,South India,13
0x35b0,COIMBRES12DEL03,36.0,4.6,11.000762,76.981876,11.090762,77.071876,06-04-2022,23:10,23:15,Sandstorms,Low,2,Snack,scooter,0.0,No,Urban,19,COI,South India,23
0xa986,HYDRES03DEL02,27.0,4.6,17.422819,78.449578,17.472819,78.499578,19-03-2022,22:30,22:45,Sandstorms,Low,2,Meal,electric_scooter,0.0,No,Urban,19,HYD,South India,22
0x7ffa,BANGRES19DEL03,25.0,4.6,12.914264,77.6784,12.944264,77.7084,01-04-2022,22:55,0.958333333,Sandstorms,Low,2,Buffet,motorcycle,0.0,No,Urban,12,BAN,South India,22
0x798d,MYSRES01DEL01,24.0,4.6,12.311072,76.654878,12.381072,76.724878,16-03-2022,22:25,22:30,Sandstorms,Low,2,Meal,electric_scooter,1.0,No,Urban,11,MYS,South India,22
0x4145,BANGRES11DEL02,24.0,4.7,12.934365,77.616155,13.014365,77.696155,10-03-2022,19:30,19:35,Cloudy,Jam,2,Meal,electric_scooter,1.0,No,Urban,38,BAN,South India,19
0xaca7,COIMBRES01DEL01,22.0,4.9,11.016298,76.972076,11.086298,77.042076,06-03-2022,19:10,19:20,Sunny,Jam,1,Snack,motorcycle,1.0,No,Urban,24,COI,South India,19
0xaafd,CHENRES07DEL02,30.0,5.0,13.081878,80.248519,13.101878,80.268519,03-04-2022,10:50,10:55,Fog,Low,2,Buffet,scooter,1.0,No,Urban,15,CHE,South India,10
0x1b8c,BANGRES01DEL02,35.0,4.0,12.933284,77.615428,12.953284,77.635428,17-03-2022,08:50,09:05,Sandstorms,Low,0,Buffet,motorcycle,1.0,No,Urban,29,BAN,South India,8
0xa08d,COIMBRES13DEL01,35.0,4.7,11.003669,76.976494,11.073669,77.046494,23-03-2022,17:20,17:30,Sunny,Medium,0,Meal,motorcycle,1.0,No,Urban,35,COI,South India,17
0x3f60,BANGRES03DEL03,37.0,4.7,12.979166,77.640709,13.039166,77.700709,17-03-2022,22:10,22:20,Sunny,Low,0,Meal,motorcycle,1.0,No,Urban,28,BAN,South India,22
0x463e,HYDRES07DEL03,22.0,4.3,17.424114,78.347554,17.514114,78.437554,08-03-2022,20:55,0.875,Cloudy,Jam,1,Buffet,motorcycle,1.0,No,Urban,43,HYD,South India,20
0x94a8,HYDRES07DEL03,22.0,4.9,17.424114,78.347554,17.484114,78.407554,19-03-2022,18:10,18:25,Sandstorms,Medium,2,Drinks,electric_scooter,1.0,No,Urban,22,HYD,South India,18
0xa42a,COIMBRES08DEL03,34.0,4.0,11.001852,76.976268,11.031852,77.006268,07-03-2022,17:40,17:55,Stormy,Medium,1,Meal,scooter,1.0,No,Urban,32,COI,South India,17
0x4a46,HYDRES01DEL02,39.0,4.5,17.410371,78.437225,17.430371,78.457225,15-03-2022,10:45,10:55,Sandstorms,Low,1,Meal,motorcycle,1.0,No,Urban,23,HYD,South India,10
0xef4,COIMBRES19DEL02,39.0,4.9,11.022298,76.998349,11.042298,77.018349,26-03-2022,11:10,11:20,Sunny,High,1,Meal,motorcycle,1.0,No,Urban,19,COI,South India,11
0x9265,BANGRES04DEL02,37.0,4.6,12.98041,77.640489,13.03041,77.690489,15-03-2022,22:10,22:15,Sandstorms,Low,1,Snack,scooter,0.0,No,Urban,25,BAN,South India,22
0x9d43,BANGRES15DEL02,38.0,4.8,12.975377,77.696664,13.025377,77.746664,15-03-2022,22:40,22:45,Sunny,Low,1,Buffet,motorcycle,1.0,No,Urban,15,BAN,South India,22
0x3afc,MYSRES12DEL01,37.0,4.9,12.284747,76.625861,12.354747,76.695861,04-04-2022,23:25,23:35,Sunny,Low,2,Snack,motorcycle,0.0,No,Urban,21,MYS,South India,23
0x551e,HYDRES02DEL02,28.0,4.8,17.41233,78.449654,17.46233,78.499654,01-04-2022,22:20,22:25,Cloudy,Low,0,Snack,motorcycle,1.0,No,Urban,20,HYD,South India,22
0x7429,BANGRES18DEL01,22.0,4.7,12.913041,77.683237,12.983041,77.753237,08-03-2022,19:20,19:25,Sunny,Jam,1,Meal,motorcycle,0.0,No,Urban,17,BAN,South India,19
0x7bd4,HYDRES01DEL02,30.0,4.6,17.410371,78.437225,17.430371,78.457225,21-03-2022,09:10,09:15,Fog,Low,0,Snack,motorcycle,1.0,No,Urban,21,HYD,South India,9
0xb8da,HYDRES08DEL02,39.0,4.8,17.438263,78.397865,17.488263,78.447865,17-03-2022,17:50,18:05,Stormy,Medium,0,Buffet,motorcycle,0.0,No,Urban,30,HYD,South India,17
0x559c,CHENRES08DEL03,36.0,5.0,13.022394,80.242439,13.082394,80.302439,28-03-2022,21:25,21:30,Sunny,Jam,1,Snack,scooter,0.0,No,Urban,15,CHE,South India,21
0xb164,HYDRES19DEL01,20.0,4.7,17.458998,78.500366,17.468998,78.510366,30-03-2022,11:55,0.5,Sunny,High,2,Snack,motorcycle,0.0,No,Urban,12,HYD,South India,11
0x905b,BANGRES15DEL01,32.0,3.7,12.975377,77.696664,13.045377,77.766664,20-03-2022,18:15,18:25,Windy,Medium,2,Buffet,electric_scooter,1.0,No,Urban,34,BAN,South India,18
0x5abd,BANGRES16DEL03,30.0,4.7,13.029198,77.570997,13.089198,77.630997,07-03-2022,21:40,21:50,Sandstorms,Jam,1,Meal,motorcycle,1.0,No,Urban,28,BAN,South India,21
0x45ef,CHENRES14DEL03,25.0,5.0,13.026279,80.174568,13.056279,80.204568,21-03-2022,1,24:15:00,Fog,Low,1,Meal,scooter,0.0,No,Urban,10,CHE,South India,1
0x5d6f,BANGRES14DEL01,21.0,4.5,12.949934,77.699386,12.959934,77.709386,28-03-2022,10:25,10:35,Sunny,Low,0,Meal,motorcycle,1.0,No,Urban,12,BAN,South India,10
0xa035,MYSRES12DEL02,32.0,4.1,12.284747,76.625861,12.304747,76.645861,05-03-2022,10:40,10:55,Windy,Low,0,Snack,motorcycle,0.0,No,Urban,22,MYS,South India,10
0xa220,MYSRES06DEL03,37.0,4.6,12.323994,76.626167,12.383994,76.686167,21-03-2022,18:50,18:55,Windy,Medium,2,Snack,electric_scooter,0.0,No,Urban,26,MYS,South India,18
0xaa0c,BANGRES03DEL01,33.0,4.8,12.979166,77.640709,13.049166,77.710709,18-03-2022,17:15,17:30,Sunny,Medium,1,Meal,scooter,1.0,No,Urban,25,BAN,South India,17
0x95da,CHENRES11DEL01,39.0,4.8,13.064181,80.236442,13.134181,80.306442,08-03-2022,21:40,21:55,Cloudy,Jam,2,Meal,electric_scooter,1.0,No,Urban,36,CHE,South India,21
0x793d,MYSRES010DEL02,23.0,4.7,12.321214,76.621094,12.401214,76.701094,18-03-2022,17:35,17:40,Stormy,Medium,0,Buffet,motorcycle,1.0,No,Urban,29,MYS,South India,17
0xa52e,CHENRES12DEL02,31.0,4.8,12.972793,80.249982,13.022793,80.299982,01-04-2022,23:30,23:45,Windy,Low,2,Snack,scooter,1.0,No,Urban,26,CHE,South India,23
0x9d27,HYDRES20DEL02,39.0,4.0,17.483216,78.552111,17.533216,78.602111,24-03-2022,20:35,20:50,Stormy,Jam,0,Meal,motorcycle,0.0,No,Urban,49,HYD,South India,20
0x91c1,MYSRES18DEL03,29.0,4.9,12.337928,76.617889,12.367928,76.647889,28-03-2022,17:55,0.75,Sunny,Medium,0,Snack,motorcycle,0.0,No,Urban,18,MYS,South India,17
0x9808,BANGRES04DEL03,27.0,4.8,12.98041,77.640489,13.01041,77.670489,26-03-2022,21:30,21:45,Stormy,Jam,0,Drinks,motorcycle,1.0,No,Urban,22,BAN,South India,21
0x462e,CHENRES17DEL02,37.0,4.6,13.045479,80.23311,13.065479,80.25311,19-03-2022,08:20,08:25,Cloudy,Low,1,Buffet,motorcycle,1.0,No,Urban,18,CHE,South India,8
0x5b4b,HYDRES14DEL02,29.0,5.0,17.426228,78.407495,17.446228,78.427495,09-03-2022,11:30,11:40,Sandstorms,High,2,Snack,scooter,1.0,No,Urban,24,HYD,South India,11
0x2cd3,CHENRES04DEL02,30.0,4.5,13.02978,80.208812,13.10978,80.288812,20-03-2022,22:50,22:55,Sunny,Low,0,Snack,motorcycle,1.0,No,Urban,28,CHE,South India,22
0x911a,HYDRES17DEL02,35.0,4.1,17.451976,78.385883,17.471976,78.405883,24-03-2022,09:15,09:30,Windy,Low,0,Drinks,motorcycle,1.0,No,Urban,24,HYD,South India,9
0x9479,COIMBRES06DEL02,24.0,4.8,11.021278,76.995017,11.041278,77.015017,05-04-2022,10:45,0.458333333,Sunny,Low,1,Meal,scooter,0.0,No,Urban,16,COI,South India,10
0x7016,CHENRES06DEL01,39.0,5.0,13.054347,80.257221,13.124347,80.327221,06-04-2022,23:10,23:25,Cloudy,Low,0,Drinks,motorcycle,0.0,No,Urban,36,CHE,South India,23
0x856c,HYDRES05DEL01,27.0,4.4,17.433809,78.386744,17.473809,78.426744,26-03-2022,14:50,14:55,Sunny,High,0,Buffet,motorcycle,3.0,No,Urban,49,HYD,South India,14
0xdd5a,KOCRES03DEL02,22.0,4.8,10.020683,76.310631,10.070683,76.360631,11-02-2022,23:20,23:25,Stormy,Low,1,Buffet,motorcycle,0.0,No,Urban,10,KOC,South India,23
0x7ec8,MYSRES17DEL03,39.0,4.8,12.326356,76.619103,12.356356,76.649103,03-03-2022,18:40,18:45,Windy,Medium,1,Meal,scooter,1.0,No,Urban,30,MYS,South India,18
0xa2c4,CHENRES010DEL02,27.0,4.5,13.066762,80.251865,13.116762,80.301865,19-03-2022,17:20,17:25,Fog,Medium,1,Snack,scooter,1.0,No,Urban,18,CHE,South India,17
0x7322,MYSRES12DEL03,22.0,4.5,12.284747,76.625861,12.344747,76.685861,03-03-2022,23:15,23:25,Fog,Low,2,Snack,electric_scooter,0.0,No,Urban,14,MYS,South India,23
0x64c8,BANGRES20DEL01,24.0,4.9,12.972161,77.596014,12.982161,77.606014,09-03-2022,08:50,0.375,Sandstorms,Low,1,Drinks,motorcycle,0.0,No,Urban,10,BAN,South India,8
0x42ee,MYSRES01DEL01,21.0,4.7,12.311072,76.654878,12.351072,76.694878,01-04-2022,14:20,14:35,Fog,High,2,Snack,scooter,1.0,No,Urban,23,MYS,South India,14
0x2f1b,BANGRES09DEL01,36.0,4.8,12.934179,77.615797,12.944179,77.625797,17-03-2022,10:35,10:40,Fog,Low,1,Snack,motorcycle,0.0,No,Urban,15,BAN,South India,10
0x5dec,COIMBRES01DEL03,29.0,4.8,11.016298,76.972076,11.046298,77.002076,01-03-2022,22:15,22:20,Sunny,Low,1,Drinks,scooter,1.0,No,Urban,20,COI,South India,22
0x251b,MYSRES17DEL02,31.0,4.9,12.326356,76.619103,12.346356,76.639103,17-03-2022,08:35,08:40,Windy,Low,1,Snack,scooter,0.0,No,Urban,21,MYS,South India,8
0x4d9e,COIMBRES15DEL03,37.0,4.6,11.006686,76.951736,11.066686,77.011736,09-03-2022,20:25,20:30,Stormy,Jam,2,Buffet,motorcycle,1.0,No,Urban,29,COI,South India,20
0xaec9,CHENRES06DEL01,20.0,4.8,13.054347,80.257221,13.064347,80.267221,01-04-2022,11:30,11:40,Cloudy,High,1,Drinks,motorcycle,1.0,No,Urban,21,CHE,South India,11
0x3d41,MYSRES06DEL01,32.0,4.9,12.323994,76.626167,12.333994,76.636167,07-03-2022,09:30,09:35,Sunny,Low,0,Snack,motorcycle,1.0,No,Urban,23,MYS,South India,9
0xaeb9,MYSRES010DEL02,21.0,4.7,12.321214,76.621094,12.451214,76.751094,08-03-2022,19:45,0.833333333,Cloudy,Jam,1,Buffet,scooter,1.0,No,Urban,33,MYS,South India,19
0x60d7,CHENRES11DEL01,22.0,4.8,13.064181,80.236442,13.074181,80.246442,05-04-2022,08:45,08:50,Sunny,Low,1,Snack,motorcycle,1.0,No,Urban,20,CHE,South India,8
0x3e0e,COIMBRES14DEL01,25.0,4.6,11.003681,76.975525,11.113681,77.085525,27-03-2022,19:10,19:20,Stormy,Jam,2,Snack,scooter,1.0,No,Urban,28,COI,South India,19
0x3d5d,MYSRES17DEL01,24.0,4.6,12.326356,76.619103,12.336356,76.629103,01-04-2022,09:55,0.416666667,Fog,Low,2,Buffet,motorcycle,0.0,No,Urban,14,MYS,South India,9
0x85e5,BANGRES02DEL02,30.0,5.0,12.970221,77.645396,12.990221,77.665396,24-03-2022,09:55,10:10,Sunny,Low,0,Drinks,motorcycle,0.0,No,Urban,20,BAN,South India,9
0x6aee,HYDRES20DEL01,25.0,4.7,17.483216,78.552111,17.493216,78.562111,30-03-2022,10:15,10:20,Sunny,Low,0,Meal,motorcycle,1.0,No,Urban,10,HYD,South India,10
0x5f48,MYSRES17DEL02,38.0,4.7,12.326356,76.619103,12.456356,76.749103,23-03-2022,18:20,18:30,Stormy,Medium,1,Meal,motorcycle,1.0,No,Urban,26,MYS,South India,18
0x7346,MYSRES010DEL03,35.0,5.0,12.321214,76.621094,12.351214,76.651094,24-03-2022,19:25,19:30,Fog,Jam,2,Meal,motorcycle,1.0,No,Urban,27,MYS,South India,19
0x730f,MYSRES18DEL01,35.0,4.9,12.337928,76.617889,12.347928,76.627889,13-03-2022,10:20,10:30,Fog,Low,2,Meal,scooter,1.0,No,Urban,16,MYS,South India,10
0x42b5,BANGRES09DEL01,38.0,4.9,12.934179,77.615797,13.044179,77.725797,06-04-2022,19:35,19:40,Cloudy,Jam,0,Meal,motorcycle,3.0,No,Urban,48,BAN,South India,19
0xb15,CHENRES14DEL01,22.0,4.8,13.026279,80.174568,13.036279,80.184568,19-03-2022,08:40,08:55,Fog,Low,2,Drinks,scooter,0.0,No,Urban,14,CHE,South India,8
0x9b81,BANGRES12DEL03,27.0,4.9,12.939496,77.625999,12.969496,77.655999,30-03-2022,19:40,19:45,Stormy,Jam,1,Snack,scooter,0.0,No,Urban,16,BAN,South India,19
0x8442,MYSRES04DEL02,37.0,4.8,12.3085,76.665808,12.4385,76.795808,18-03-2022,23:30,23:35,Windy,Low,2,Meal,scooter,0.0,No,Urban,18,MYS,South India,23
0x696a,COIMBRES19DEL01,22.0,4.9,11.022298,76.998349,11.132298,77.108349,08-03-2022,21:45,21:55,Windy,Jam,2,Buffet,motorcycle,0.0,No,Urban,27,COI,South India,21
0xb3ea,BANGRES01DEL03,27.0,5.0,12.933284,77.615428,12.993284,77.675428,05-04-2022,19:55,20:05,Cloudy,Jam,2,Snack,motorcycle,0.0,No,Urban,24,BAN,South India,19
0xaa75,CHENRES13DEL02,30.0,4.6,13.027018,80.254791,13.157018,80.384791,10-03-2022,20:10,20:20,Sandstorms,Jam,0,Buffet,motorcycle,2.0,No,Urban,44,CHE,South India,20
0x3545,CHENRES16DEL02,36.0,4.4,13.049645,80.242268,13.129645,80.322268,06-04-2022,20:45,20:50,Cloudy,Jam,1,Buffet,scooter,0.0,No,Urban,35,CHE,South India,20
0x23f7,CHENRES17DEL01,32.0,5.0,13.045479,80.23311,13.085479,80.27311,09-03-2022,15:55,16:05,Sunny,Medium,0,Snack,motorcycle,0.0,No,Urban,26,CHE,South India,15
0x35de,COIMBRES13DEL02,21.0,4.8,11.003669,76.976494,11.053669,77.026494,13-03-2022,21:55,22:10,Sandstorms,Jam,1,Drinks,scooter,0.0,No,Urban,28,COI,South India,21
0x99a4,MYSRES08DEL01,29.0,5.0,12.297954,76.665169,12.307954,76.675169,21-03-2022,08:20,08:35,Sunny,Low,0,Drinks,motorcycle,1.0,No,Urban,18,MYS,South India,8
0x1445,MYSRES08DEL03,25.0,4.6,12.297954,76.665169,12.327954,76.695169,01-04-2022,23:40,23:50,Fog,Low,1,Meal,scooter,0.0,No,Urban,19,MYS,South India,23
0xca22,KOCRES18DEL01,27.0,5.0,9.957144,76.296783,9.997144,76.336783,13-02-2022,15:45,0.666666667,Stormy,Medium,0,Drinks,motorcycle,1.0,No,Urban,17,KOC,South India,15
0x13b5,HYDRES13DEL01,23.0,4.5,17.431477,78.40035,17.541477,78.51035,25-03-2022,23:50,23:55,Windy,Low,1,Buffet,motorcycle,0.0,No,Urban,13,HYD,South India,23
0x546d,MYSRES14DEL03,23.0,4.6,0.0,0.0,0.09,0.09,16-03-2022,19:35,19:45,Sandstorms,Jam,2,Snack,scooter,0.0,No,Urban,22,MYS,South India,19
0xa99f,COIMBRES08DEL01,24.0,4.6,11.001852,76.976268,11.011852,76.986268,03-03-2022,09:40,09:55,Stormy,Low,2,Drinks,scooter,,No,Urban,11,COI,South India,9
0x661b,BANGRES03DEL01,36.0,4.6,12.979166,77.640709,13.089166,77.750709,29-03-2022,23:25,23:30,Sunny,Low,1,Drinks,motorcycle,0.0,No,Urban,18,BAN,South India,23
0x9a1f,MYSRES15DEL02,36.0,4.8,12.352058,76.60665,12.402058,76.65665,01-04-2022,20:25,20:40,Cloudy,Jam,0,Drinks,motorcycle,1.0,No,Urban,27,MYS,South India,20
0x7263,CHENRES12DEL02,29.0,4.8,12.972793,80.249982,12.992793,80.269982,15-03-2022,08:30,08:35,Stormy,Low,2,Buffet,motorcycle,1.0,No,Urban,18,CHE,South India,8
0x5884,MYSRES09DEL01,27.0,4.8,12.323194,76.630583,12.433194,76.740583,02-04-2022,22:55,23:05,Cloudy,Low,2,Drinks,motorcycle,1.0,No,Urban,20,MYS,South India,22
0xab31,CHENRES14DEL03,21.0,5.0,13.026279,80.174568,13.056279,80.204568,05-04-2022,17:45,17:50,Windy,Medium,0,Snack,motorcycle,1.0,No,Urban,28,CHE,South India,17
0xcdab,KOCRES04DEL02,28.0,4.9,9.966783,76.242981,10.016783,76.292981,15-02-2022,21:25,21:30,Stormy,Jam,2,Drinks,scooter,0.0,No,Urban,10,KOC,South India,21
0x95de,BANGRES19DEL02,28.0,4.9,12.914264,77.6784,12.964264,77.7284,24-03-2022,19:50,0.833333333,Fog,Jam,0,Meal,motorcycle,1.0,No,Urban,27,BAN,South India,19
0x5518,HYDRES13DEL01,37.0,4.6,17.431477,78.40035,17.541477,78.51035,04-03-2022,17:10,17:25,Sunny,Medium,2,Meal,scooter,0.0,No,Urban,27,HYD,South India,17
0xaa91,COIMBRES16DEL01,25.0,4.8,11.010375,76.95295,11.120375,77.06295,23-03-2022,23:35,23:40,Cloudy,Low,0,Drinks,motorcycle,0.0,No,Urban,21,COI,South India,23
0x8790,BANGRES08DEL02,21.0,4.8,12.906229,77.596791,12.986229,77.676791,10-03-2022,17:50,0.75,Windy,Medium,1,Meal,scooter,0.0,No,Urban,21,BAN,South India,17
0x5756,BANGRES17DEL02,30.0,4.7,12.972532,77.608179,13.102532,77.738179,06-03-2022,23:45,23:55,Stormy,Low,2,Buffet,electric_scooter,1.0,No,Urban,26,BAN,South India,23
0x6787,HYDRES19DEL03,21.0,4.8,17.458998,78.500366,17.518998,78.560366,05-03-2022,18:10,18:20,Sandstorms,Medium,0,Drinks,motorcycle,1.0,No,Urban,21,HYD,South India,18
0x56ce,CHENRES12DEL02,26.0,4.1,12.972793,80.249982,12.992793,80.269982,03-03-2022,08:35,08:40,Stormy,Low,0,Buffet,motorcycle,1.0,No,Urban,16,CHE,South India,8
0x9176,COIMBRES08DEL02,20.0,4.9,11.001852,76.976268,11.021852,76.996268,28-03-2022,08:45,08:50,Sunny,Low,2,Buffet,electric_scooter,0.0,No,Urban,20,COI,South India,8
0x5a33,CHENRES19DEL02,28.0,4.2,12.986047,80.218114,13.006047,80.238114,01-04-2022,08:55,0.375,Stormy,Low,0,Meal,motorcycle,1.0,No,Urban,23,CHE,South India,8
0x2e04,HYDRES010DEL03,31.0,4.7,17.428294,78.404423,17.488294,78.464423,24-03-2022,20:10,20:15,Sunny,Jam,2,Meal,electric_scooter,1.0,No,Urban,15,HYD,South India,20
0x5938,COIMBRES14DEL03,20.0,4.8,11.003681,76.975525,11.093681,77.065525,06-04-2022,19:25,19:30,Sunny,Jam,2,Buffet,scooter,1.0,No,Urban,16,COI,South India,19
0x52ef,CHENRES11DEL02,32.0,4.9,13.064181,80.236442,13.114181,80.286442,28-03-2022,21:10,21:20,Stormy,Jam,0,Drinks,motorcycle,3.0,No,Urban,44,CHE,South India,21
0x5b5e,BANGRES06DEL02,25.0,4.6,12.979096,77.640625,13.059096,77.720625,02-03-2022,20:15,20:20,Cloudy,Jam,2,Meal,electric_scooter,1.0,No,Urban,35,BAN,South India,20
0x1997,CHENRES16DEL02,23.0,4.2,13.049645,80.242268,13.069645,80.262268,17-03-2022,08:45,0.375,Windy,Low,0,Meal,motorcycle,1.0,No,Urban,23,CHE,South India,8
0x40ea,CHENRES13DEL02,33.0,4.6,13.027018,80.254791,13.107018,80.334791,27-03-2022,23:45,1,Sandstorms,Low,0,Snack,motorcycle,1.0,No,Urban,26,CHE,South India,23
0x8873,COIMBRES18DEL03,22.0,4.7,11.02091,76.940432,11.08091,77.000432,03-03-2022,23:45,23:55,Fog,Low,0,Snack,motorcycle,1.0,No,Urban,17,COI,South India,23
0xb8d,BANGRES05DEL02,34.0,4.5,12.970324,77.645748,13.050324,77.725748,27-03-2022,17:20,17:30,Sunny,Medium,1,Drinks,motorcycle,1.0,No,Urban,28,BAN,South India,17
0xc981,KOCRES12DEL03,32.0,3.5,9.988483,76.295211,10.078483,76.385211,14-02-2022,23:35,23:45,Cloudy,Low,2,Drinks,scooter,0.0,No,Urban,36,KOC,South India,23
0xe23,MYSRES18DEL01,31.0,4.6,12.337928,76.617889,12.377928,76.657889,07-03-2022,16:10,16:25,Stormy,Medium,0,Drinks,motorcycle,0.0,No,Urban,26,MYS,South India,16
0x4486,CHENRES17DEL02,27.0,4.5,13.045479,80.23311,13.095479,80.28311,09-03-2022,22:45,22:55,Windy,Low,2,Buffet,scooter,1.0,No,Urban,18,CHE,South India,22
0x86a9,BANGRES15DEL02,34.0,4.9,12.975377,77.696664,13.025377,77.746664,05-04-2022,22:10,22:15,Sunny,Low,1,Meal,motorcycle,1.0,No,Urban,13,BAN,South India,22
0x4b87,COIMBRES11DEL01,27.0,4.0,11.001753,76.986241,11.111753,77.096241,02-03-2022,20:20,20:30,Cloudy,Jam,1,Drinks,scooter,0.0,No,Urban,33,COI,South India,20
0x8bd5,HYDRES07DEL02,39.0,4.2,17.424114,78.347554,17.474114,78.397554,01-04-2022,22:10,22:20,Windy,Low,0,Buffet,motorcycle,1.0,No,Urban,26,HYD,South India,22
0x636c,MYSRES010DEL01,26.0,4.8,12.321214,76.621094,12.331214,76.631094,07-03-2022,09:50,0.416666667,Cloudy,Low,2,Snack,electric_scooter,1.0,No,Urban,16,MYS,South India,9
0x3a6d,CHENRES20DEL02,27.0,4.9,12.975996,80.221898,13.055996,80.301898,04-03-2022,17:10,17:20,Stormy,Medium,1,Meal,scooter,0.0,No,Urban,18,CHE,South India,17
0x1b3b,COIMBRES02DEL03,22.0,4.6,11.022477,76.995667,11.112477,77.085667,08-03-2022,18:40,18:55,Fog,Medium,2,Drinks,motorcycle,1.0,No,Urban,27,COI,South India,18
0x1dc4,COIMBRES010DEL03,22.0,4.6,11.003008,76.97544,11.033008,77.00544,01-04-2022,20:10,20:20,Sandstorms,Jam,1,Snack,motorcycle,1.0,No,Urban,24,COI,South India,20
0xa541,BANGRES09DEL01,35.0,4.6,12.934179,77.615797,12.974179,77.655797,17-03-2022,16:45,16:50,Fog,Medium,1,Buffet,scooter,1.0,No,Urban,16,BAN,South India,16
0x506b,MYSRES20DEL02,37.0,4.9,12.337978,76.616792,12.387978,76.666792,09-03-2022,21:10,21:15,Sunny,Jam,2,Snack,scooter,0.0,No,Urban,16,MYS,South India,21
0x4075,CHENRES11DEL01,34.0,4.9,13.064181,80.236442,13.174181,80.346442,10-03-2022,17:15,17:25,Sunny,Medium,2,Buffet,scooter,1.0,No,Urban,29,CHE,South India,17
0x47f9,CHENRES11DEL02,32.0,4.9,13.064181,80.236442,13.114181,80.286442,05-04-2022,17:20,17:35,Sunny,Medium,1,Meal,motorcycle,0.0,No,Urban,16,CHE,South India,17
0x3503,COIMBRES01DEL02,28.0,4.8,11.016298,76.972076,11.096298,77.052076,29-03-2022,21:40,21:55,Sunny,Jam,0,Snack,motorcycle,1.0,No,Urban,26,COI,South India,21
0x99d6,BANGRES03DEL01,35.0,4.8,12.979166,77.640709,13.089166,77.750709,23-03-2022,18:35,18:50,Sandstorms,Medium,0,Meal,motorcycle,1.0,No,Urban,40,BAN,South India,18
0x8de7,MYSRES16DEL02,36.0,5.0,12.316967,76.603067,12.366967,76.653067,05-04-2022,1,24:10:00,Cloudy,Low,2,Meal,scooter,0.0,No,Urban,15,MYS,South India,1
0x4952,CHENRES12DEL01,36.0,4.8,12.972793,80.249982,12.982793,80.259982,03-03-2022,11:20,11:35,Cloudy,High,2,Drinks,scooter,0.0,No,Urban,26,CHE,South India,11
0x6e73,MYSRES13DEL02,25.0,4.7,12.310972,76.659264,12.440972,76.789264,10-03-2022,17:45,17:55,Stormy,Medium,2,Drinks,electric_scooter,0.0,No,Urban,15,MYS,South India,17
0x388a,CHENRES18DEL01,29.0,4.5,12.981615,80.231598,13.021615,80.271598,01-03-2022,12:20,12:25,Stormy,High,2,Snack,scooter,1.0,No,Urban,17,CHE,South India,12
0xb54c,BANGRES05DEL02,25.0,4.2,12.970324,77.645748,13.050324,77.725748,02-04-2022,20:25,20:30,Cloudy,Jam,2,Meal,scooter,1.0,No,Urban,31,BAN,South India,20
0x1431,HYDRES17DEL02,26.0,4.6,17.451976,78.385883,17.501976,78.435883,19-03-2022,21:15,21:30,Stormy,Jam,0,Meal,motorcycle,0.0,No,Urban,25,HYD,South India,21
0x327d,CHENRES16DEL01,23.0,4.7,13.049645,80.242268,13.159645,80.352268,06-03-2022,1,24:05:00,Fog,Low,0,Buffet,motorcycle,1.0,No,Urban,21,CHE,South India,1
0x1d02,MYSRES010DEL01,39.0,4.6,12.321214,76.621094,12.361214,76.661094,03-04-2022,14:25,14:40,Sandstorms,High,1,Snack,scooter,1.0,No,Urban,30,MYS,South India,14
0xe205,KOCRES02DEL02,24.0,4.7,10.028047,76.310019,10.108047,76.390019,18-02-2022,18:20,18:30,Cloudy,Medium,2,Meal,scooter,1.0,No,Urban,28,KOC,South India,18
0x7324,CHENRES11DEL03,29.0,4.6,13.064181,80.236442,13.094181,80.266442,03-03-2022,17:40,17:55,Fog,Medium,1,Drinks,scooter,,No,Urban,15,CHE,South India,17
0x4f93,MYSRES11DEL02,27.0,4.8,12.323225,76.630028,12.403225,76.710028,04-04-2022,20:50,21:05,Stormy,Jam,1,Buffet,motorcycle,0.0,No,Urban,23,MYS,South India,20
0x2559,MYSRES18DEL03,39.0,4.8,12.337928,76.617889,12.367928,76.647889,26-03-2022,19:25,19:30,Fog,Jam,2,Buffet,electric_scooter,0.0,No,Urban,27,MYS,South India,19
0x6f41,COIMBRES09DEL01,27.0,4.5,11.008638,76.984311,11.078638,77.054311,06-03-2022,22:30,22:35,Windy,Low,1,Snack,scooter,0.0,No,Urban,16,COI,South India,22
0x3d07,CHENRES15DEL01,26.0,4.8,13.026286,80.275235,13.136286,80.385235,02-03-2022,22:25,22:40,Stormy,Low,1,Drinks,motorcycle,0.0,,Urban,12,CHE,South India,22
0x7291,MYSRES17DEL01,30.0,3.6,12.326356,76.619103,12.396356,76.689103,10-03-2022,19:40,19:45,Sandstorms,Jam,2,Drinks,electric_scooter,0.0,No,Urban,42,MYS,South India,19
0x9d30,BANGRES19DEL01,34.0,4.2,12.914264,77.6784,12.984264,77.7484,02-04-2022,21:25,21:40,Cloudy,Jam,1,Drinks,motorcycle,1.0,Yes,Urban,40,BAN,South India,21
0x8ef6,COIMBRES04DEL02,25.0,4.8,11.024839,77.007003,11.104839,77.087003,12-03-2022,21:20,21:30,Sunny,Jam,0,Meal,motorcycle,0.0,No,Urban,16,COI,South India,21
0x9596,MYSRES13DEL02,28.0,4.9,12.310972,76.659264,12.330972,76.679264,01-03-2022,10:40,10:45,Sandstorms,Low,2,Buffet,motorcycle,1.0,No,Urban,10,MYS,South India,10
0x1943,BANGRES15DEL01,20.0,4.5,12.975377,77.696664,13.045377,77.766664,06-04-2022,18:50,19:05,Stormy,Medium,0,Buffet,motorcycle,0.0,No,Urban,21,BAN,South India,18
0x7b1c,CHENRES03DEL03,36.0,4.5,13.091809,80.219104,13.181809,80.309104,06-03-2022,23:50,23:55,Stormy,Low,1,Drinks,scooter,0.0,No,Urban,23,CHE,South India,23
0x9e7a,MYSRES02DEL02,36.0,4.5,12.304569,76.643622,12.354569,76.693622,15-03-2022,21:35,21:40,Fog,Jam,2,Snack,scooter,1.0,No,Urban,27,MYS,South India,21
0x4e88,CHENRES01DEL02,26.0,4.0,13.005801,80.250744,13.025801,80.270744,30-03-2022,08:35,08:45,Sandstorms,Low,0,Snack,motorcycle,1.0,No,Urban,18,CHE,South India,8
0xa9bc,BANGRES010DEL02,30.0,4.7,12.933298,77.614293,12.953298,77.634293,24-03-2022,08:50,08:55,Stormy,Low,1,Snack,scooter,1.0,No,Urban,20,BAN,South India,8
0x3027,MYSRES15DEL03,33.0,4.6,12.352058,76.60665,12.382058,76.63665,19-03-2022,21:55,22:05,Fog,Jam,1,Snack,motorcycle,0.0,No,Urban,28,MYS,South India,21
0x9e8f,HYDRES12DEL02,22.0,4.9,17.429585,78.392621,17.509585,78.472621,20-03-2022,20:25,20:30,Stormy,Jam,2,Drinks,motorcycle,1.0,No,Urban,15,HYD,South India,20
0x41e5,HYDRES16DEL03,23.0,4.8,17.440827,78.393391,17.500827,78.453391,01-03-2022,19:35,19:50,Windy,Jam,1,Buffet,motorcycle,0.0,No,Urban,14,HYD,South India,19
0xdbdb,KOCRES12DEL03,39.0,4.7,9.988483,76.295211,10.048483,76.355211,13-02-2022,18:35,18:50,Windy,Medium,2,Drinks,electric_scooter,1.0,No,Urban,33,KOC,South India,18
0x24df,HYDRES08DEL03,23.0,4.2,17.438263,78.397865,17.528263,78.487865,27-03-2022,21:45,21:55,Sandstorms,Jam,0,Drinks,motorcycle,1.0,No,Urban,32,HYD,South India,21
0x3313,MYSRES17DEL03,25.0,4.7,12.326356,76.619103,12.386356,76.679103,24-03-2022,17:30,17:35,Fog,Medium,1,Drinks,scooter,0.0,No,Urban,11,MYS,South India,17
0x66d0,MYSRES14DEL01,30.0,4.6,0.0,0.0,0.11,0.11,02-03-2022,23:25,23:40,Cloudy,Low,1,Buffet,motorcycle,0.0,No,Urban,27,MYS,South India,23
0x2924,COIMBRES11DEL03,31.0,3.4,11.001753,76.986241,11.091753,77.076241,12-03-2022,23:45,23:50,Sunny,Low,0,Meal,motorcycle,1.0,No,Urban,31,COI,South India,23
0x2643,MYSRES20DEL03,21.0,4.6,12.337978,76.616792,12.427978,76.706792,02-03-2022,18:25,18:30,Stormy,Medium,1,Drinks,scooter,1.0,No,Urban,21,MYS,South India,18
0x4a99,BANGRES13DEL01,25.0,4.6,12.935662,77.61413,13.045662,77.72413,06-04-2022,22:35,22:45,Sandstorms,Low,1,Buffet,motorcycle,1.0,No,Urban,16,BAN,South India,22
0x8152,BANGRES13DEL02,27.0,4.8,12.935662,77.61413,12.985662,77.66413,30-03-2022,20:10,20:20,Sandstorms,Jam,2,Meal,electric_scooter,1.0,No,Urban,13,BAN,South India,20
0x4aa8,MYSRES08DEL01,28.0,4.5,12.297954,76.665169,12.337954,76.705169,11-03-2022,16:20,16:30,Fog,Medium,2,Meal,electric_scooter,0.0,No,Urban,16,MYS,South India,16
0x2adf,BANGRES08DEL01,36.0,4.7,12.906229,77.596791,12.916229,77.606791,11-03-2022,09:50,09:55,Stormy,Low,1,Buffet,motorcycle,0.0,No,Urban,25,BAN,South India,9
0x67eb,COIMBRES08DEL02,37.0,4.8,11.001852,76.976268,11.051852,77.026268,03-04-2022,17:35,17:45,Windy,Medium,2,Buffet,motorcycle,1.0,No,Urban,34,COI,South India,17
0x2c92,BANGRES17DEL02,37.0,4.8,12.972532,77.608179,13.022532,77.658179,17-03-2022,17:55,18:05,Cloudy,Medium,1,Buffet,scooter,1.0,No,Urban,15,BAN,South India,17
0x1534,CHENRES05DEL03,37.0,4.8,13.058616,80.264151,13.118616,80.324151,13-03-2022,20:30,20:40,Sunny,Jam,1,Buffet,scooter,1.0,No,Urban,18,CHE,South India,20
0x624d,MYSRES13DEL03,34.0,4.4,12.310972,76.659264,12.370972,76.719264,09-03-2022,21:35,21:45,Sandstorms,Jam,0,Snack,motorcycle,0.0,No,Urban,47,MYS,South India,21
0x8409,HYDRES16DEL03,28.0,4.8,17.440827,78.393391,17.470827,78.423391,03-04-2022,19:15,19:30,Sandstorms,Jam,0,Meal,motorcycle,1.0,No,Urban,19,HYD,South India,19
0x4916,COIMBRES18DEL03,22.0,4.1,11.02091,76.940432,11.05091,76.970432,19-03-2022,22:20,22:25,Stormy,Low,0,Snack,motorcycle,0.0,No,Urban,19,COI,South India,22
0x426b,HYDRES06DEL01,30.0,4.6337736972250205,17.455894,78.375467,17.525894,78.445467,23-03-2022,17:55,0.75,Fog,Medium,0,Meal,motorcycle,1.0,No,Urban,36,HYD,South India,17
0x2017,MYSRES16DEL03,22.0,4.0,12.316967,76.603067,12.376967,76.663067,03-04-2022,23:30,23:35,Sandstorms,Low,0,Drinks,motorcycle,0.0,No,Urban,18,MYS,South India,23
0x5046,COIMBRES02DEL01,22.0,4.7,11.022477,76.995667,11.132477,77.105667,27-03-2022,21:30,21:35,Windy,Jam,2,Meal,scooter,1.0,No,Urban,20,COI,South India,21
0xa3c6,COIMBRES12DEL02,39.0,4.8,11.000762,76.981876,11.050762,77.031876,28-03-2022,22:20,22:35,Windy,Low,2,Buffet,scooter,1.0,No,Urban,21,COI,South India,22
0x6824,COIMBRES13DEL03,36.0,4.9,11.003669,76.976494,11.033669,77.006494,21-03-2022,20:50,21:05,Cloudy,Jam,0,Snack,motorcycle,1.0,No,Urban,34,COI,South India,20
0x5193,MYSRES13DEL02,36.0,4.8,12.310972,76.659264,12.440972,76.789264,18-03-2022,21:10,21:20,Sunny,Jam,2,Drinks,electric_scooter,1.0,No,Urban,29,MYS,South India,21
